room_id	scene	node_path	type	parent	local_z	effective_z	z_as_relative	y_sort_enabled	canvas_layer	visible	draws_content	global_position	classification	script
PERSISTENT_RUNTIME	res://scenes/runtime/chapter_gameplay_runtime.tscn	PersistentRuntime	Node2D	.	0	0	true	false	0	true	false	0.0,0.0	ActorContainer	-
PERSISTENT_RUNTIME	res://scenes/runtime/chapter_gameplay_runtime.tscn	PersistentRuntime/ChapterRuntime	Node2D	PersistentRuntime	0	0	true	false	0	true	false	0.0,0.0	ActorContainer	-
PERSISTENT_RUNTIME	res://scenes/runtime/chapter_gameplay_runtime.tscn	PersistentRuntime/ChapterRuntime/Player	CharacterBody2D	PersistentRuntime/ChapterRuntime	12	12	true	false	0	true	false	160.0,584.0	Player	res://scripts/player/player.gd
PERSISTENT_RUNTIME	res://scenes/runtime/chapter_gameplay_runtime.tscn	PersistentRuntime/ChapterRuntime/Player/VisualRoot	Node2D	PersistentRuntime/ChapterRuntime/Player	0	12	true	false	0	true	false	160.0,584.0	Player	-
PERSISTENT_RUNTIME	res://scenes/runtime/chapter_gameplay_runtime.tscn	PersistentRuntime/ChapterRuntime/Player/VisualRoot/AnimatedSprite2D	AnimatedSprite2D	PersistentRuntime/ChapterRuntime/Player/VisualRoot	0	12	true	false	0	true	true	160.0,584.0	Player	-
PERSISTENT_RUNTIME	res://scenes/runtime/chapter_gameplay_runtime.tscn	PersistentRuntime/ChapterRuntime/Player/VisualRoot/WeaponVisual	Node2D	PersistentRuntime/ChapterRuntime/Player/VisualRoot	1	13	true	false	0	true	false	160.0,584.0	Player	res://scripts/player/player_weapon_visual.gd
PERSISTENT_RUNTIME	res://scenes/runtime/chapter_gameplay_runtime.tscn	PersistentRuntime/ChapterRuntime/Player/VisualRoot/DeathEffects	Node2D	PersistentRuntime/ChapterRuntime/Player/VisualRoot	2	14	true	false	0	true	false	160.0,584.0	Player	-
PERSISTENT_RUNTIME	res://scenes/runtime/chapter_gameplay_runtime.tscn	PersistentRuntime/ChapterRuntime/Player/VisualRoot/DeathEffects/GhostSprite	Sprite2D	PersistentRuntime/ChapterRuntime/Player/VisualRoot/DeathEffects	0	14	true	false	0	false	true	160.0,591.0	Player	-
PERSISTENT_RUNTIME	res://scenes/runtime/chapter_gameplay_runtime.tscn	PersistentRuntime/ChapterRuntime/Player/CollisionShape2D	CollisionShape2D	PersistentRuntime/ChapterRuntime/Player	0	12	true	false	0	true	false	160.0,586.0	Player	-
PERSISTENT_RUNTIME	res://scenes/runtime/chapter_gameplay_runtime.tscn	PersistentRuntime/ChapterRuntime/Player/Hurtbox	Area2D	PersistentRuntime/ChapterRuntime/Player	0	12	true	false	0	true	false	160.0,584.0	Player	res://scripts/combat/hurtbox_component.gd
PERSISTENT_RUNTIME	res://scenes/runtime/chapter_gameplay_runtime.tscn	PersistentRuntime/ChapterRuntime/Player/Hurtbox/CollisionShape2D	CollisionShape2D	PersistentRuntime/ChapterRuntime/Player/Hurtbox	0	12	true	false	0	true	false	160.0,586.0	Player	-
PERSISTENT_RUNTIME	res://scenes/runtime/chapter_gameplay_runtime.tscn	PersistentRuntime/ChapterRuntime/Player/CombatRoot	Node2D	PersistentRuntime/ChapterRuntime/Player	0	12	true	false	0	true	false	160.0,584.0	Player	-
PERSISTENT_RUNTIME	res://scenes/runtime/chapter_gameplay_runtime.tscn	PersistentRuntime/ChapterRuntime/Player/CombatRoot/AttackHitbox	Area2D	PersistentRuntime/ChapterRuntime/Player/CombatRoot	0	12	true	false	0	true	false	189.0,581.0	Player	res://scripts/combat/hitbox_component.gd
PERSISTENT_RUNTIME	res://scenes/runtime/chapter_gameplay_runtime.tscn	PersistentRuntime/ChapterRuntime/Player/CombatRoot/AttackHitbox/CollisionShape2D	CollisionShape2D	PersistentRuntime/ChapterRuntime/Player/CombatRoot/AttackHitbox	0	12	true	false	0	true	false	189.0,581.0	Player	-
PERSISTENT_RUNTIME	res://scenes/runtime/chapter_gameplay_runtime.tscn	PersistentRuntime/ChapterRuntime/Player/CombatRoot/DashAttackHitbox	Area2D	PersistentRuntime/ChapterRuntime/Player/CombatRoot	0	12	true	false	0	true	false	197.0,581.0	Player	res://scripts/combat/hitbox_component.gd
PERSISTENT_RUNTIME	res://scenes/runtime/chapter_gameplay_runtime.tscn	PersistentRuntime/ChapterRuntime/Player/CombatRoot/DashAttackHitbox/CollisionShape2D	CollisionShape2D	PersistentRuntime/ChapterRuntime/Player/CombatRoot/DashAttackHitbox	0	12	true	false	0	true	false	197.0,581.0	Player	-
PERSISTENT_RUNTIME	res://scenes/runtime/chapter_gameplay_runtime.tscn	PersistentRuntime/ChapterRuntime/Player/Camera2D	Camera2D	PersistentRuntime/ChapterRuntime/Player	0	12	true	false	0	true	false	160.0,479.0	Player	-
PERSISTENT_RUNTIME	res://scenes/runtime/chapter_gameplay_runtime.tscn	PersistentRuntime/ChapterRuntime/InitialSpawn	Marker2D	PersistentRuntime/ChapterRuntime	0	0	true	false	0	true	false	0.0,0.0	Unknown	-
PERSISTENT_RUNTIME	res://scenes/runtime/chapter_gameplay_runtime.tscn	PersistentRuntime/ChapterRuntime/HUD/HealthContainer	Control	PersistentRuntime/ChapterRuntime/HUD	0	0	true	false	1	true	false	0.0,0.0	UI	res://scripts/ui/player_health_hud.gd
PERSISTENT_RUNTIME	res://scenes/runtime/chapter_gameplay_runtime.tscn	PersistentRuntime/ChapterRuntime/HUD/HealthContainer/HealthBar	ProgressBar	PersistentRuntime/ChapterRuntime/HUD/HealthContainer	0	0	true	false	1	true	true	0.0,0.0	UI	-
PERSISTENT_RUNTIME	res://scenes/runtime/chapter_gameplay_runtime.tscn	PersistentRuntime/ChapterRuntime/HUD/HealthContainer/HealthValue	Label	PersistentRuntime/ChapterRuntime/HUD/HealthContainer	0	0	true	false	1	true	true	0.0,0.0	UI	-
PERSISTENT_RUNTIME	res://scenes/runtime/chapter_gameplay_runtime.tscn	PersistentRuntime/ChapterRuntime/HUD/StaminaContainer	Control	PersistentRuntime/ChapterRuntime/HUD	0	0	true	false	1	true	false	0.0,0.0	UI	-
PERSISTENT_RUNTIME	res://scenes/runtime/chapter_gameplay_runtime.tscn	PersistentRuntime/ChapterRuntime/HUD/StaminaContainer/Panel	Panel	PersistentRuntime/ChapterRuntime/HUD/StaminaContainer	0	0	true	false	1	true	true	0.0,0.0	UI	-
PERSISTENT_RUNTIME	res://scenes/runtime/chapter_gameplay_runtime.tscn	PersistentRuntime/ChapterRuntime/HUD/StaminaContainer/StaminaBar	ProgressBar	PersistentRuntime/ChapterRuntime/HUD/StaminaContainer	0	0	true	false	1	true	true	0.0,0.0	UI	-
PERSISTENT_RUNTIME	res://scenes/runtime/chapter_gameplay_runtime.tscn	PersistentRuntime/ChapterRuntime/HUD/StaminaContainer/StaminaValue	Label	PersistentRuntime/ChapterRuntime/HUD/StaminaContainer	0	0	true	false	1	true	true	0.0,0.0	UI	-
PERSISTENT_RUNTIME	res://scenes/runtime/chapter_gameplay_runtime.tscn	PersistentRuntime/ChapterRuntime/HUD/RunInventoryHud	Control	PersistentRuntime/ChapterRuntime/HUD	0	0	true	false	1	true	false	0.0,0.0	UI	res://scripts/ui/run_inventory_hud.gd
PERSISTENT_RUNTIME	res://scenes/runtime/chapter_gameplay_runtime.tscn	PersistentRuntime/ChapterRuntime/HUD/RunInventoryHud/CoinLabel	Label	PersistentRuntime/ChapterRuntime/HUD/RunInventoryHud	0	0	true	false	1	true	true	0.0,0.0	UI	-
PERSISTENT_RUNTIME	res://scenes/runtime/chapter_gameplay_runtime.tscn	PersistentRuntime/ChapterRuntime/HUD/RunInventoryHud/WeaponLabel	Label	PersistentRuntime/ChapterRuntime/HUD/RunInventoryHud	0	0	true	false	1	true	true	0.0,0.0	UI	-
PERSISTENT_RUNTIME	res://scenes/runtime/chapter_gameplay_runtime.tscn	PersistentRuntime/ChapterRuntime/HUD/RunInventoryHud/WeaponIcon	TextureRect	PersistentRuntime/ChapterRuntime/HUD/RunInventoryHud	0	0	true	false	1	true	true	0.0,0.0	UI	-
PERSISTENT_RUNTIME	res://scenes/runtime/chapter_gameplay_runtime.tscn	PersistentRuntime/ChapterRuntime/HUD/RoomName	Label	PersistentRuntime/ChapterRuntime/HUD	0	0	true	false	1	true	true	0.0,0.0	UI	-
PERSISTENT_RUNTIME	res://scenes/runtime/chapter_gameplay_runtime.tscn	PersistentRuntime/ChapterRuntime/HUD/RoomFade	ColorRect	PersistentRuntime/ChapterRuntime/HUD	0	0	true	false	1	false	true	0.0,0.0	UI	-
PERSISTENT_RUNTIME	res://scenes/runtime/chapter_gameplay_runtime.tscn	PersistentRuntime/ActiveRespawn	Marker2D	PersistentRuntime	0	0	true	false	0	true	false	160.0,584.0	Unknown	-
CH3_CHAPEL_VESTIBULE	res://chapters/chapter_03_chapel_of_thirteen_echoes/scenes/rooms/ch3_chapel_vestibule.tscn	RoomHost/Ch3ChapelVestibule	Node2D	RoomHost	0	0	true	false	0	true	false	0.0,0.0	Unknown	res://chapters/chapter_03_chapel_of_thirteen_echoes/scripts/level/chapter_03_room.gd
CH3_CHAPEL_VESTIBULE	res://chapters/chapter_03_chapel_of_thirteen_echoes/scenes/rooms/ch3_chapel_vestibule.tscn	RoomHost/Ch3ChapelVestibule/Backdrop	Sprite2D	RoomHost/Ch3ChapelVestibule	-100	-100	true	false	0	true	true	1024.0,360.0	BackgroundArchitecture	-
CH3_CHAPEL_VESTIBULE	res://chapters/chapter_03_chapel_of_thirteen_echoes/scenes/rooms/ch3_chapel_vestibule.tscn	RoomHost/Ch3ChapelVestibule/MirrorBackDoor	Sprite2D	RoomHost/Ch3ChapelVestibule	-60	-60	true	false	0	true	true	108.0,380.0	Door	-
CH3_CHAPEL_VESTIBULE	res://chapters/chapter_03_chapel_of_thirteen_echoes/scenes/rooms/ch3_chapel_vestibule.tscn	RoomHost/Ch3ChapelVestibule/BellEmblem	Sprite2D	RoomHost/Ch3ChapelVestibule	-60	-60	true	false	0	true	true	780.0,188.0	PropsBehind	-
CH3_CHAPEL_VESTIBULE	res://chapters/chapter_03_chapel_of_thirteen_echoes/scenes/rooms/ch3_chapel_vestibule.tscn	RoomHost/Ch3ChapelVestibule/LeftBench	Sprite2D	RoomHost/Ch3ChapelVestibule	-30	-30	true	false	0	true	true	476.0,560.0	PropsBehind	-
CH3_CHAPEL_VESTIBULE	res://chapters/chapter_03_chapel_of_thirteen_echoes/scenes/rooms/ch3_chapel_vestibule.tscn	RoomHost/Ch3ChapelVestibule/RightBench	Sprite2D	RoomHost/Ch3ChapelVestibule	-30	-30	true	false	0	true	true	1072.0,560.0	PropsBehind	-
CH3_CHAPEL_VESTIBULE	res://chapters/chapter_03_chapel_of_thirteen_echoes/scenes/rooms/ch3_chapel_vestibule.tscn	RoomHost/Ch3ChapelVestibule/BellFont	Sprite2D	RoomHost/Ch3ChapelVestibule	-30	-30	true	false	0	true	true	780.0,540.0	PropsBehind	-
CH3_CHAPEL_VESTIBULE	res://chapters/chapter_03_chapel_of_thirteen_echoes/scenes/rooms/ch3_chapel_vestibule.tscn	RoomHost/Ch3ChapelVestibule/Stair	Sprite2D	RoomHost/Ch3ChapelVestibule	0	0	true	false	0	true	true	1792.0,692.0	Ground	-
CH3_CHAPEL_VESTIBULE	res://chapters/chapter_03_chapel_of_thirteen_echoes/scenes/rooms/ch3_chapel_vestibule.tscn	RoomHost/Ch3ChapelVestibule/Geometry	Node2D	RoomHost/Ch3ChapelVestibule	0	0	true	false	0	true	false	0.0,0.0	Unknown	-
CH3_CHAPEL_VESTIBULE	res://chapters/chapter_03_chapel_of_thirteen_echoes/scenes/rooms/ch3_chapel_vestibule.tscn	RoomHost/Ch3ChapelVestibule/Geometry/Floor	StaticBody2D	RoomHost/Ch3ChapelVestibule/Geometry	0	0	true	false	0	true	false	0.0,0.0	Ground	-
CH3_CHAPEL_VESTIBULE	res://chapters/chapter_03_chapel_of_thirteen_echoes/scenes/rooms/ch3_chapel_vestibule.tscn	RoomHost/Ch3ChapelVestibule/Geometry/Floor/CollisionShape2D	CollisionShape2D	RoomHost/Ch3ChapelVestibule/Geometry/Floor	0	0	true	false	0	true	false	768.0,666.0	Ground	-
CH3_CHAPEL_VESTIBULE	res://chapters/chapter_03_chapel_of_thirteen_echoes/scenes/rooms/ch3_chapel_vestibule.tscn	RoomHost/Ch3ChapelVestibule/Geometry/LeftWall	StaticBody2D	RoomHost/Ch3ChapelVestibule/Geometry	0	0	true	false	0	true	false	0.0,0.0	BackgroundArchitecture	-
CH3_CHAPEL_VESTIBULE	res://chapters/chapter_03_chapel_of_thirteen_echoes/scenes/rooms/ch3_chapel_vestibule.tscn	RoomHost/Ch3ChapelVestibule/Geometry/LeftWall/CollisionShape2D	CollisionShape2D	RoomHost/Ch3ChapelVestibule/Geometry/LeftWall	0	0	true	false	0	true	false	-24.0,360.0	BackgroundArchitecture	-
CH3_CHAPEL_VESTIBULE	res://chapters/chapter_03_chapel_of_thirteen_echoes/scenes/rooms/ch3_chapel_vestibule.tscn	RoomHost/Ch3ChapelVestibule/Geometry/Step01	StaticBody2D	RoomHost/Ch3ChapelVestibule/Geometry	0	0	true	false	0	true	false	0.0,0.0	Platform	-
CH3_CHAPEL_VESTIBULE	res://chapters/chapter_03_chapel_of_thirteen_echoes/scenes/rooms/ch3_chapel_vestibule.tscn	RoomHost/Ch3ChapelVestibule/Geometry/Step01/CollisionShape2D	CollisionShape2D	RoomHost/Ch3ChapelVestibule/Geometry/Step01	0	0	true	false	0	true	false	1568.0,666.0	Platform	-
CH3_CHAPEL_VESTIBULE	res://chapters/chapter_03_chapel_of_thirteen_echoes/scenes/rooms/ch3_chapel_vestibule.tscn	RoomHost/Ch3ChapelVestibule/Geometry/Step02	StaticBody2D	RoomHost/Ch3ChapelVestibule/Geometry	0	0	true	false	0	true	false	0.0,0.0	Platform	-
CH3_CHAPEL_VESTIBULE	res://chapters/chapter_03_chapel_of_thirteen_echoes/scenes/rooms/ch3_chapel_vestibule.tscn	RoomHost/Ch3ChapelVestibule/Geometry/Step02/CollisionShape2D	CollisionShape2D	RoomHost/Ch3ChapelVestibule/Geometry/Step02	0	0	true	false	0	true	false	1632.0,671.0	Platform	-
CH3_CHAPEL_VESTIBULE	res://chapters/chapter_03_chapel_of_thirteen_echoes/scenes/rooms/ch3_chapel_vestibule.tscn	RoomHost/Ch3ChapelVestibule/Geometry/Step03	StaticBody2D	RoomHost/Ch3ChapelVestibule/Geometry	0	0	true	false	0	true	false	0.0,0.0	Platform	-
CH3_CHAPEL_VESTIBULE	res://chapters/chapter_03_chapel_of_thirteen_echoes/scenes/rooms/ch3_chapel_vestibule.tscn	RoomHost/Ch3ChapelVestibule/Geometry/Step03/CollisionShape2D	CollisionShape2D	RoomHost/Ch3ChapelVestibule/Geometry/Step03	0	0	true	false	0	true	false	1696.0,676.0	Platform	-
CH3_CHAPEL_VESTIBULE	res://chapters/chapter_03_chapel_of_thirteen_echoes/scenes/rooms/ch3_chapel_vestibule.tscn	RoomHost/Ch3ChapelVestibule/Geometry/Step04	StaticBody2D	RoomHost/Ch3ChapelVestibule/Geometry	0	0	true	false	0	true	false	0.0,0.0	Platform	-
CH3_CHAPEL_VESTIBULE	res://chapters/chapter_03_chapel_of_thirteen_echoes/scenes/rooms/ch3_chapel_vestibule.tscn	RoomHost/Ch3ChapelVestibule/Geometry/Step04/CollisionShape2D	CollisionShape2D	RoomHost/Ch3ChapelVestibule/Geometry/Step04	0	0	true	false	0	true	false	1760.0,681.0	Platform	-
CH3_CHAPEL_VESTIBULE	res://chapters/chapter_03_chapel_of_thirteen_echoes/scenes/rooms/ch3_chapel_vestibule.tscn	RoomHost/Ch3ChapelVestibule/Geometry/Step05	StaticBody2D	RoomHost/Ch3ChapelVestibule/Geometry	0	0	true	false	0	true	false	0.0,0.0	Platform	-
CH3_CHAPEL_VESTIBULE	res://chapters/chapter_03_chapel_of_thirteen_echoes/scenes/rooms/ch3_chapel_vestibule.tscn	RoomHost/Ch3ChapelVestibule/Geometry/Step05/CollisionShape2D	CollisionShape2D	RoomHost/Ch3ChapelVestibule/Geometry/Step05	0	0	true	false	0	true	false	1824.0,686.0	Platform	-
CH3_CHAPEL_VESTIBULE	res://chapters/chapter_03_chapel_of_thirteen_echoes/scenes/rooms/ch3_chapel_vestibule.tscn	RoomHost/Ch3ChapelVestibule/Geometry/Step06	StaticBody2D	RoomHost/Ch3ChapelVestibule/Geometry	0	0	true	false	0	true	false	0.0,0.0	Platform	-
CH3_CHAPEL_VESTIBULE	res://chapters/chapter_03_chapel_of_thirteen_echoes/scenes/rooms/ch3_chapel_vestibule.tscn	RoomHost/Ch3ChapelVestibule/Geometry/Step06/CollisionShape2D	CollisionShape2D	RoomHost/Ch3ChapelVestibule/Geometry/Step06	0	0	true	false	0	true	false	1888.0,691.0	Platform	-
CH3_CHAPEL_VESTIBULE	res://chapters/chapter_03_chapel_of_thirteen_echoes/scenes/rooms/ch3_chapel_vestibule.tscn	RoomHost/Ch3ChapelVestibule/Geometry/Step07	StaticBody2D	RoomHost/Ch3ChapelVestibule/Geometry	0	0	true	false	0	true	false	0.0,0.0	Platform	-
CH3_CHAPEL_VESTIBULE	res://chapters/chapter_03_chapel_of_thirteen_echoes/scenes/rooms/ch3_chapel_vestibule.tscn	RoomHost/Ch3ChapelVestibule/Geometry/Step07/CollisionShape2D	CollisionShape2D	RoomHost/Ch3ChapelVestibule/Geometry/Step07	0	0	true	false	0	true	false	1952.0,696.0	Platform	-
CH3_CHAPEL_VESTIBULE	res://chapters/chapter_03_chapel_of_thirteen_echoes/scenes/rooms/ch3_chapel_vestibule.tscn	RoomHost/Ch3ChapelVestibule/Geometry/Step08	StaticBody2D	RoomHost/Ch3ChapelVestibule/Geometry	0	0	true	false	0	true	false	0.0,0.0	Platform	-
CH3_CHAPEL_VESTIBULE	res://chapters/chapter_03_chapel_of_thirteen_echoes/scenes/rooms/ch3_chapel_vestibule.tscn	RoomHost/Ch3ChapelVestibule/Geometry/Step08/CollisionShape2D	CollisionShape2D	RoomHost/Ch3ChapelVestibule/Geometry/Step08	0	0	true	false	0	true	false	2016.0,701.0	Platform	-
CH3_CHAPEL_VESTIBULE	res://chapters/chapter_03_chapel_of_thirteen_echoes/scenes/rooms/ch3_chapel_vestibule.tscn	RoomHost/Ch3ChapelVestibule/Doors	Node2D	RoomHost/Ch3ChapelVestibule	0	0	true	false	0	true	false	0.0,0.0	Door	-
CH3_CHAPEL_VESTIBULE	res://chapters/chapter_03_chapel_of_thirteen_echoes/scenes/rooms/ch3_chapel_vestibule.tscn	RoomHost/Ch3ChapelVestibule/Doors/NaveDoor	Area2D	RoomHost/Ch3ChapelVestibule/Doors	14	14	true	false	0	true	false	1468.0,380.0	Door	res://chapters/chapter_03_chapel_of_thirteen_echoes/scripts/level/chapter_03_room_door.gd
CH3_CHAPEL_VESTIBULE	res://chapters/chapter_03_chapel_of_thirteen_echoes/scenes/rooms/ch3_chapel_vestibule.tscn	RoomHost/Ch3ChapelVestibule/Doors/NaveDoor/DoorVisual	Sprite2D	RoomHost/Ch3ChapelVestibule/Doors/NaveDoor	0	14	true	false	0	true	true	1468.0,380.0	Door	-
CH3_CHAPEL_VESTIBULE	res://chapters/chapter_03_chapel_of_thirteen_echoes/scenes/rooms/ch3_chapel_vestibule.tscn	RoomHost/Ch3ChapelVestibule/Doors/NaveDoor/Blocker	StaticBody2D	RoomHost/Ch3ChapelVestibule/Doors/NaveDoor	0	14	true	false	0	true	false	1468.0,380.0	Door	-
CH3_CHAPEL_VESTIBULE	res://chapters/chapter_03_chapel_of_thirteen_echoes/scenes/rooms/ch3_chapel_vestibule.tscn	RoomHost/Ch3ChapelVestibule/Doors/NaveDoor/Blocker/CollisionShape2D	CollisionShape2D	RoomHost/Ch3ChapelVestibule/Doors/NaveDoor/Blocker	0	14	true	false	0	true	false	1468.0,446.0	Door	-
CH3_CHAPEL_VESTIBULE	res://chapters/chapter_03_chapel_of_thirteen_echoes/scenes/rooms/ch3_chapel_vestibule.tscn	RoomHost/Ch3ChapelVestibule/Doors/NaveDoor/CollisionShape2D	CollisionShape2D	RoomHost/Ch3ChapelVestibule/Doors/NaveDoor	0	14	true	false	0	true	false	1406.0,446.0	Door	-
CH3_CHAPEL_VESTIBULE	res://chapters/chapter_03_chapel_of_thirteen_echoes/scenes/rooms/ch3_chapel_vestibule.tscn	RoomHost/Ch3ChapelVestibule/Doors/NaveDoor/Prompt	Label	RoomHost/Ch3ChapelVestibule/Doors/NaveDoor	0	14	true	false	0	false	true	0.0,0.0	Door	-
CH3_CHAPEL_VESTIBULE	res://chapters/chapter_03_chapel_of_thirteen_echoes/scenes/rooms/ch3_chapel_vestibule.tscn	RoomHost/Ch3ChapelVestibule/Doors/NaveExit	Area2D	RoomHost/Ch3ChapelVestibule/Doors	14	14	true	false	0	true	false	1998.0,640.0	Door	res://chapters/chapter_03_chapel_of_thirteen_echoes/scripts/level/chapter_03_room_exit.gd
CH3_CHAPEL_VESTIBULE	res://chapters/chapter_03_chapel_of_thirteen_echoes/scenes/rooms/ch3_chapel_vestibule.tscn	RoomHost/Ch3ChapelVestibule/Doors/NaveExit/CollisionShape2D	CollisionShape2D	RoomHost/Ch3ChapelVestibule/Doors/NaveExit	0	14	true	false	0	true	false	1998.0,640.0	Door	-
CH3_CHAPEL_VESTIBULE	res://chapters/chapter_03_chapel_of_thirteen_echoes/scenes/rooms/ch3_chapel_vestibule.tscn	RoomHost/Ch3ChapelVestibule/SpawnPoints	Node2D	RoomHost/Ch3ChapelVestibule	0	0	true	false	0	true	false	0.0,0.0	Unknown	-
CH3_CHAPEL_VESTIBULE	res://chapters/chapter_03_chapel_of_thirteen_echoes/scenes/rooms/ch3_chapel_vestibule.tscn	RoomHost/Ch3ChapelVestibule/SpawnPoints/EntryWest	Marker2D	RoomHost/Ch3ChapelVestibule/SpawnPoints	0	0	true	false	0	true	false	160.0,584.0	Unknown	-
CH3_NAVE_ENTRY	res://chapters/chapter_03_chapel_of_thirteen_echoes/scenes/rooms/ch3_nave_entry.tscn	RoomHost/Ch3NaveEntry	Node2D	RoomHost	0	0	true	false	0	true	false	0.0,0.0	Unknown	res://chapters/chapter_03_chapel_of_thirteen_echoes/scripts/level/chapter_03_room.gd
CH3_NAVE_ENTRY	res://chapters/chapter_03_chapel_of_thirteen_echoes/scenes/rooms/ch3_nave_entry.tscn	RoomHost/Ch3NaveEntry/Backdrop	Sprite2D	RoomHost/Ch3NaveEntry	-100	-100	true	false	0	true	true	1152.0,360.0	BackgroundArchitecture	-
CH3_NAVE_ENTRY	res://chapters/chapter_03_chapel_of_thirteen_echoes/scenes/rooms/ch3_nave_entry.tscn	RoomHost/Ch3NaveEntry/LeftBench	Sprite2D	RoomHost/Ch3NaveEntry	-30	-30	true	false	0	true	true	390.0,560.0	PropsBehind	-
CH3_NAVE_ENTRY	res://chapters/chapter_03_chapel_of_thirteen_echoes/scenes/rooms/ch3_nave_entry.tscn	RoomHost/Ch3NaveEntry/RightBench	Sprite2D	RoomHost/Ch3NaveEntry	-30	-30	true	false	0	true	true	1190.0,560.0	PropsBehind	-
CH3_NAVE_ENTRY	res://chapters/chapter_03_chapel_of_thirteen_echoes/scenes/rooms/ch3_nave_entry.tscn	RoomHost/Ch3NaveEntry/Lectern	Sprite2D	RoomHost/Ch3NaveEntry	-30	-30	true	false	0	true	true	930.0,540.0	PropsBehind	-
CH3_NAVE_ENTRY	res://chapters/chapter_03_chapel_of_thirteen_echoes/scenes/rooms/ch3_nave_entry.tscn	RoomHost/Ch3NaveEntry/Geometry	Node2D	RoomHost/Ch3NaveEntry	0	0	true	false	0	true	false	0.0,0.0	Unknown	-
CH3_NAVE_ENTRY	res://chapters/chapter_03_chapel_of_thirteen_echoes/scenes/rooms/ch3_nave_entry.tscn	RoomHost/Ch3NaveEntry/Geometry/Floor	StaticBody2D	RoomHost/Ch3NaveEntry/Geometry	0	0	true	false	0	true	false	0.0,0.0	Ground	-
CH3_NAVE_ENTRY	res://chapters/chapter_03_chapel_of_thirteen_echoes/scenes/rooms/ch3_nave_entry.tscn	RoomHost/Ch3NaveEntry/Geometry/Floor/CollisionShape2D	CollisionShape2D	RoomHost/Ch3NaveEntry/Geometry/Floor	0	0	true	false	0	true	false	1152.0,666.0	Ground	-
CH3_NAVE_ENTRY	res://chapters/chapter_03_chapel_of_thirteen_echoes/scenes/rooms/ch3_nave_entry.tscn	RoomHost/Ch3NaveEntry/Geometry/LeftWall	StaticBody2D	RoomHost/Ch3NaveEntry/Geometry	0	0	true	false	0	true	false	0.0,0.0	BackgroundArchitecture	-
CH3_NAVE_ENTRY	res://chapters/chapter_03_chapel_of_thirteen_echoes/scenes/rooms/ch3_nave_entry.tscn	RoomHost/Ch3NaveEntry/Geometry/LeftWall/CollisionShape2D	CollisionShape2D	RoomHost/Ch3NaveEntry/Geometry/LeftWall	0	0	true	false	0	true	false	-24.0,360.0	BackgroundArchitecture	-
CH3_NAVE_ENTRY	res://chapters/chapter_03_chapel_of_thirteen_echoes/scenes/rooms/ch3_nave_entry.tscn	RoomHost/Ch3NaveEntry/Geometry/WestSideGallery	StaticBody2D	RoomHost/Ch3NaveEntry/Geometry	0	0	true	false	0	true	false	0.0,0.0	Platform	-
CH3_NAVE_ENTRY	res://chapters/chapter_03_chapel_of_thirteen_echoes/scenes/rooms/ch3_nave_entry.tscn	RoomHost/Ch3NaveEntry/Geometry/WestSideGallery/Visual	Sprite2D	RoomHost/Ch3NaveEntry/Geometry/WestSideGallery	0	0	true	false	0	true	true	600.0,576.0	Platform	-
CH3_NAVE_ENTRY	res://chapters/chapter_03_chapel_of_thirteen_echoes/scenes/rooms/ch3_nave_entry.tscn	RoomHost/Ch3NaveEntry/Geometry/WestSideGallery/CollisionShape2D	CollisionShape2D	RoomHost/Ch3NaveEntry/Geometry/WestSideGallery	0	0	true	false	0	true	false	600.0,564.0	Platform	-
CH3_NAVE_ENTRY	res://chapters/chapter_03_chapel_of_thirteen_echoes/scenes/rooms/ch3_nave_entry.tscn	RoomHost/Ch3NaveEntry/Geometry/EastSideGallery	StaticBody2D	RoomHost/Ch3NaveEntry/Geometry	0	0	true	false	0	true	false	0.0,0.0	Platform	-
CH3_NAVE_ENTRY	res://chapters/chapter_03_chapel_of_thirteen_echoes/scenes/rooms/ch3_nave_entry.tscn	RoomHost/Ch3NaveEntry/Geometry/EastSideGallery/Visual	Sprite2D	RoomHost/Ch3NaveEntry/Geometry/EastSideGallery	0	0	true	false	0	true	true	1480.0,576.0	Platform	-
CH3_NAVE_ENTRY	res://chapters/chapter_03_chapel_of_thirteen_echoes/scenes/rooms/ch3_nave_entry.tscn	RoomHost/Ch3NaveEntry/Geometry/EastSideGallery/CollisionShape2D	CollisionShape2D	RoomHost/Ch3NaveEntry/Geometry/EastSideGallery	0	0	true	false	0	true	false	1480.0,564.0	Platform	-
CH3_NAVE_ENTRY	res://chapters/chapter_03_chapel_of_thirteen_echoes/scenes/rooms/ch3_nave_entry.tscn	RoomHost/Ch3NaveEntry/Geometry/EastAccessCorbel	StaticBody2D	RoomHost/Ch3NaveEntry/Geometry	0	0	true	false	0	true	false	0.0,0.0	Platform	-
CH3_NAVE_ENTRY	res://chapters/chapter_03_chapel_of_thirteen_echoes/scenes/rooms/ch3_nave_entry.tscn	RoomHost/Ch3NaveEntry/Geometry/EastAccessCorbel/Visual	Sprite2D	RoomHost/Ch3NaveEntry/Geometry/EastAccessCorbel	0	0	true	false	0	true	true	1680.0,516.0	Platform	-
CH3_NAVE_ENTRY	res://chapters/chapter_03_chapel_of_thirteen_echoes/scenes/rooms/ch3_nave_entry.tscn	RoomHost/Ch3NaveEntry/Geometry/EastAccessCorbel/CollisionShape2D	CollisionShape2D	RoomHost/Ch3NaveEntry/Geometry/EastAccessCorbel	0	0	true	false	0	true	false	1680.0,504.0	Platform	-
CH3_NAVE_ENTRY	res://chapters/chapter_03_chapel_of_thirteen_echoes/scenes/rooms/ch3_nave_entry.tscn	RoomHost/Ch3NaveEntry/Geometry/UpperArchiveLedge	StaticBody2D	RoomHost/Ch3NaveEntry/Geometry	0	0	true	false	0	true	false	0.0,0.0	Platform	-
CH3_NAVE_ENTRY	res://chapters/chapter_03_chapel_of_thirteen_echoes/scenes/rooms/ch3_nave_entry.tscn	RoomHost/Ch3NaveEntry/Geometry/UpperArchiveLedge/Visual	Sprite2D	RoomHost/Ch3NaveEntry/Geometry/UpperArchiveLedge	0	0	true	false	0	true	true	1832.0,456.0	Platform	-
CH3_NAVE_ENTRY	res://chapters/chapter_03_chapel_of_thirteen_echoes/scenes/rooms/ch3_nave_entry.tscn	RoomHost/Ch3NaveEntry/Geometry/UpperArchiveLedge/CollisionShape2D	CollisionShape2D	RoomHost/Ch3NaveEntry/Geometry/UpperArchiveLedge	0	0	true	false	0	true	false	1832.0,444.0	Platform	-
CH3_NAVE_ENTRY	res://chapters/chapter_03_chapel_of_thirteen_echoes/scenes/rooms/ch3_nave_entry.tscn	RoomHost/Ch3NaveEntry/Doors	Node2D	RoomHost/Ch3NaveEntry	0	0	true	false	0	true	false	0.0,0.0	Door	-
CH3_NAVE_ENTRY	res://chapters/chapter_03_chapel_of_thirteen_echoes/scenes/rooms/ch3_nave_entry.tscn	RoomHost/Ch3NaveEntry/Doors/ChoirDoor	Area2D	RoomHost/Ch3NaveEntry/Doors	14	14	true	false	0	true	false	2180.0,380.0	Door	res://chapters/chapter_03_chapel_of_thirteen_echoes/scripts/level/chapter_03_room_door.gd
CH3_NAVE_ENTRY	res://chapters/chapter_03_chapel_of_thirteen_echoes/scenes/rooms/ch3_nave_entry.tscn	RoomHost/Ch3NaveEntry/Doors/ChoirDoor/DoorVisual	Sprite2D	RoomHost/Ch3NaveEntry/Doors/ChoirDoor	0	14	true	false	0	true	true	2180.0,380.0	Door	-
CH3_NAVE_ENTRY	res://chapters/chapter_03_chapel_of_thirteen_echoes/scenes/rooms/ch3_nave_entry.tscn	RoomHost/Ch3NaveEntry/Doors/ChoirDoor/Blocker	StaticBody2D	RoomHost/Ch3NaveEntry/Doors/ChoirDoor	0	14	true	false	0	true	false	2180.0,380.0	Door	-
CH3_NAVE_ENTRY	res://chapters/chapter_03_chapel_of_thirteen_echoes/scenes/rooms/ch3_nave_entry.tscn	RoomHost/Ch3NaveEntry/Doors/ChoirDoor/Blocker/CollisionShape2D	CollisionShape2D	RoomHost/Ch3NaveEntry/Doors/ChoirDoor/Blocker	0	14	true	false	0	true	false	2180.0,446.0	Door	-
CH3_NAVE_ENTRY	res://chapters/chapter_03_chapel_of_thirteen_echoes/scenes/rooms/ch3_nave_entry.tscn	RoomHost/Ch3NaveEntry/Doors/ChoirDoor/CollisionShape2D	CollisionShape2D	RoomHost/Ch3NaveEntry/Doors/ChoirDoor	0	14	true	false	0	true	false	2124.0,446.0	Door	-
CH3_NAVE_ENTRY	res://chapters/chapter_03_chapel_of_thirteen_echoes/scenes/rooms/ch3_nave_entry.tscn	RoomHost/Ch3NaveEntry/Doors/ChoirDoor/Prompt	Label	RoomHost/Ch3NaveEntry/Doors/ChoirDoor	0	14	true	false	0	false	true	0.0,0.0	Door	-
CH3_NAVE_ENTRY	res://chapters/chapter_03_chapel_of_thirteen_echoes/scenes/rooms/ch3_nave_entry.tscn	RoomHost/Ch3NaveEntry/Enemies	Node2D	RoomHost/Ch3NaveEntry	0	0	true	false	0	true	false	0.0,0.0	ActorContainer	-
CH3_NAVE_ENTRY	res://chapters/chapter_03_chapel_of_thirteen_echoes/scenes/rooms/ch3_nave_entry.tscn	RoomHost/Ch3NaveEntry/Enemies/BellchainPenitent	CharacterBody2D	RoomHost/Ch3NaveEntry/Enemies	10	10	true	false	0	true	false	720.0,583.0	Enemy	res://chapters/chapter_03_chapel_of_thirteen_echoes/scripts/enemies/bellchain_penitent.gd
CH3_NAVE_ENTRY	res://chapters/chapter_03_chapel_of_thirteen_echoes/scenes/rooms/ch3_nave_entry.tscn	RoomHost/Ch3NaveEntry/Enemies/BellchainPenitent/VisualRoot	Node2D	RoomHost/Ch3NaveEntry/Enemies/BellchainPenitent	0	10	true	false	0	true	false	720.0,583.0	Enemy	-
CH3_NAVE_ENTRY	res://chapters/chapter_03_chapel_of_thirteen_echoes/scenes/rooms/ch3_nave_entry.tscn	RoomHost/Ch3NaveEntry/Enemies/BellchainPenitent/VisualRoot/AnimatedSprite2D	AnimatedSprite2D	RoomHost/Ch3NaveEntry/Enemies/BellchainPenitent/VisualRoot	0	10	true	false	0	true	true	720.0,583.0	Enemy	-
CH3_NAVE_ENTRY	res://chapters/chapter_03_chapel_of_thirteen_echoes/scenes/rooms/ch3_nave_entry.tscn	RoomHost/Ch3NaveEntry/Enemies/BellchainPenitent/CollisionShape2D	CollisionShape2D	RoomHost/Ch3NaveEntry/Enemies/BellchainPenitent	0	10	true	false	0	true	false	720.0,588.0	Enemy	-
CH3_NAVE_ENTRY	res://chapters/chapter_03_chapel_of_thirteen_echoes/scenes/rooms/ch3_nave_entry.tscn	RoomHost/Ch3NaveEntry/Enemies/BellchainPenitent/Hurtbox	Area2D	RoomHost/Ch3NaveEntry/Enemies/BellchainPenitent	0	10	true	false	0	true	false	720.0,583.0	Enemy	res://scripts/combat/hurtbox_component.gd
CH3_NAVE_ENTRY	res://chapters/chapter_03_chapel_of_thirteen_echoes/scenes/rooms/ch3_nave_entry.tscn	RoomHost/Ch3NaveEntry/Enemies/BellchainPenitent/Hurtbox/CollisionShape2D	CollisionShape2D	RoomHost/Ch3NaveEntry/Enemies/BellchainPenitent/Hurtbox	0	10	true	false	0	true	false	720.0,588.0	Enemy	-
CH3_NAVE_ENTRY	res://chapters/chapter_03_chapel_of_thirteen_echoes/scenes/rooms/ch3_nave_entry.tscn	RoomHost/Ch3NaveEntry/Enemies/BellchainPenitent/FacingRoot	Node2D	RoomHost/Ch3NaveEntry/Enemies/BellchainPenitent	0	10	true	false	0	true	false	720.0,583.0	Enemy	-
CH3_NAVE_ENTRY	res://chapters/chapter_03_chapel_of_thirteen_echoes/scenes/rooms/ch3_nave_entry.tscn	RoomHost/Ch3NaveEntry/Enemies/BellchainPenitent/FacingRoot/ChainLashHitbox	Area2D	RoomHost/Ch3NaveEntry/Enemies/BellchainPenitent/FacingRoot	0	10	true	false	0	true	false	683.0,580.0	Enemy	res://scripts/combat/hitbox_component.gd
CH3_NAVE_ENTRY	res://chapters/chapter_03_chapel_of_thirteen_echoes/scenes/rooms/ch3_nave_entry.tscn	RoomHost/Ch3NaveEntry/Enemies/BellchainPenitent/FacingRoot/ChainLashHitbox/CollisionShape2D	CollisionShape2D	RoomHost/Ch3NaveEntry/Enemies/BellchainPenitent/FacingRoot/ChainLashHitbox	0	10	true	false	0	true	false	683.0,580.0	Enemy	-
CH3_NAVE_ENTRY	res://chapters/chapter_03_chapel_of_thirteen_echoes/scenes/rooms/ch3_nave_entry.tscn	RoomHost/Ch3NaveEntry/Enemies/BellchainPenitent/FacingRoot/BellSlamHitbox	Area2D	RoomHost/Ch3NaveEntry/Enemies/BellchainPenitent/FacingRoot	0	10	true	false	0	true	false	692.0,601.0	Enemy	res://scripts/combat/hitbox_component.gd
CH3_NAVE_ENTRY	res://chapters/chapter_03_chapel_of_thirteen_echoes/scenes/rooms/ch3_nave_entry.tscn	RoomHost/Ch3NaveEntry/Enemies/BellchainPenitent/FacingRoot/BellSlamHitbox/CollisionShape2D	CollisionShape2D	RoomHost/Ch3NaveEntry/Enemies/BellchainPenitent/FacingRoot/BellSlamHitbox	0	10	true	false	0	true	false	692.0,601.0	Enemy	-
CH3_NAVE_ENTRY	res://chapters/chapter_03_chapel_of_thirteen_echoes/scenes/rooms/ch3_nave_entry.tscn	RoomHost/Ch3NaveEntry/Enemies/BellchainPenitent/FacingRoot/ChainPullHitbox	Area2D	RoomHost/Ch3NaveEntry/Enemies/BellchainPenitent/FacingRoot	0	10	true	false	0	true	false	670.0,579.0	Enemy	res://scripts/combat/hitbox_component.gd
CH3_NAVE_ENTRY	res://chapters/chapter_03_chapel_of_thirteen_echoes/scenes/rooms/ch3_nave_entry.tscn	RoomHost/Ch3NaveEntry/Enemies/BellchainPenitent/FacingRoot/ChainPullHitbox/CollisionShape2D	CollisionShape2D	RoomHost/Ch3NaveEntry/Enemies/BellchainPenitent/FacingRoot/ChainPullHitbox	0	10	true	false	0	true	false	670.0,579.0	Enemy	-
CH3_NAVE_ENTRY	res://chapters/chapter_03_chapel_of_thirteen_echoes/scenes/rooms/ch3_nave_entry.tscn	RoomHost/Ch3NaveEntry/Enemies/BellchainPenitent/DetectionArea	Area2D	RoomHost/Ch3NaveEntry/Enemies/BellchainPenitent	0	10	true	false	0	true	false	720.0,583.0	Enemy	-
CH3_NAVE_ENTRY	res://chapters/chapter_03_chapel_of_thirteen_echoes/scenes/rooms/ch3_nave_entry.tscn	RoomHost/Ch3NaveEntry/Enemies/BellchainPenitent/DetectionArea/CollisionShape2D	CollisionShape2D	RoomHost/Ch3NaveEntry/Enemies/BellchainPenitent/DetectionArea	0	10	true	false	0	true	false	720.0,583.0	Enemy	-
CH3_NAVE_ENTRY	res://chapters/chapter_03_chapel_of_thirteen_echoes/scenes/rooms/ch3_nave_entry.tscn	RoomHost/Ch3NaveEntry/Enemies/BellchainPenitent/WallCheck	RayCast2D	RoomHost/Ch3NaveEntry/Enemies/BellchainPenitent	0	10	true	false	0	true	false	720.0,587.0	Enemy	-
CH3_NAVE_ENTRY	res://chapters/chapter_03_chapel_of_thirteen_echoes/scenes/rooms/ch3_nave_entry.tscn	RoomHost/Ch3NaveEntry/Enemies/BellchainPenitent/FloorCheck	RayCast2D	RoomHost/Ch3NaveEntry/Enemies/BellchainPenitent	0	10	true	false	0	true	false	702.0,603.0	Enemy	-
CH3_NAVE_ENTRY	res://chapters/chapter_03_chapel_of_thirteen_echoes/scenes/rooms/ch3_nave_entry.tscn	RoomHost/Ch3NaveEntry/Enemies/ConfessionalWraith	CharacterBody2D	RoomHost/Ch3NaveEntry/Enemies	10	10	true	false	0	true	false	1260.0,582.0	Enemy	res://chapters/chapter_03_chapel_of_thirteen_echoes/scripts/enemies/chapter_03_specialist_enemy.gd
CH3_NAVE_ENTRY	res://chapters/chapter_03_chapel_of_thirteen_echoes/scenes/rooms/ch3_nave_entry.tscn	RoomHost/Ch3NaveEntry/Enemies/ConfessionalWraith/VisualRoot	Node2D	RoomHost/Ch3NaveEntry/Enemies/ConfessionalWraith	0	10	true	false	0	true	false	1260.0,582.0	Enemy	-
CH3_NAVE_ENTRY	res://chapters/chapter_03_chapel_of_thirteen_echoes/scenes/rooms/ch3_nave_entry.tscn	RoomHost/Ch3NaveEntry/Enemies/ConfessionalWraith/VisualRoot/AnimatedSprite2D	AnimatedSprite2D	RoomHost/Ch3NaveEntry/Enemies/ConfessionalWraith/VisualRoot	0	10	true	false	0	true	true	1260.0,582.0	Enemy	-
CH3_NAVE_ENTRY	res://chapters/chapter_03_chapel_of_thirteen_echoes/scenes/rooms/ch3_nave_entry.tscn	RoomHost/Ch3NaveEntry/Enemies/ConfessionalWraith/CollisionShape2D	CollisionShape2D	RoomHost/Ch3NaveEntry/Enemies/ConfessionalWraith	0	10	true	false	0	true	false	1260.0,587.0	Enemy	-
CH3_NAVE_ENTRY	res://chapters/chapter_03_chapel_of_thirteen_echoes/scenes/rooms/ch3_nave_entry.tscn	RoomHost/Ch3NaveEntry/Enemies/ConfessionalWraith/Hurtbox	Area2D	RoomHost/Ch3NaveEntry/Enemies/ConfessionalWraith	0	10	true	false	0	true	false	1260.0,582.0	Enemy	res://scripts/combat/hurtbox_component.gd
CH3_NAVE_ENTRY	res://chapters/chapter_03_chapel_of_thirteen_echoes/scenes/rooms/ch3_nave_entry.tscn	RoomHost/Ch3NaveEntry/Enemies/ConfessionalWraith/Hurtbox/CollisionShape2D	CollisionShape2D	RoomHost/Ch3NaveEntry/Enemies/ConfessionalWraith/Hurtbox	0	10	true	false	0	true	false	1260.0,587.0	Enemy	-
CH3_NAVE_ENTRY	res://chapters/chapter_03_chapel_of_thirteen_echoes/scenes/rooms/ch3_nave_entry.tscn	RoomHost/Ch3NaveEntry/Enemies/ConfessionalWraith/FacingRoot	Node2D	RoomHost/Ch3NaveEntry/Enemies/ConfessionalWraith	0	10	true	false	0	true	false	1260.0,582.0	Enemy	-
CH3_NAVE_ENTRY	res://chapters/chapter_03_chapel_of_thirteen_echoes/scenes/rooms/ch3_nave_entry.tscn	RoomHost/Ch3NaveEntry/Enemies/ConfessionalWraith/FacingRoot/PrimaryHitbox	Area2D	RoomHost/Ch3NaveEntry/Enemies/ConfessionalWraith/FacingRoot	0	10	true	false	0	true	false	1225.0,580.0	Enemy	res://scripts/combat/hitbox_component.gd
CH3_NAVE_ENTRY	res://chapters/chapter_03_chapel_of_thirteen_echoes/scenes/rooms/ch3_nave_entry.tscn	RoomHost/Ch3NaveEntry/Enemies/ConfessionalWraith/FacingRoot/PrimaryHitbox/CollisionShape2D	CollisionShape2D	RoomHost/Ch3NaveEntry/Enemies/ConfessionalWraith/FacingRoot/PrimaryHitbox	0	10	true	false	0	true	false	1225.0,580.0	Enemy	-
CH3_NAVE_ENTRY	res://chapters/chapter_03_chapel_of_thirteen_echoes/scenes/rooms/ch3_nave_entry.tscn	RoomHost/Ch3NaveEntry/Enemies/ConfessionalWraith/FacingRoot/SecondaryHitbox	Area2D	RoomHost/Ch3NaveEntry/Enemies/ConfessionalWraith/FacingRoot	0	10	true	false	0	true	false	1217.0,581.0	Enemy	res://scripts/combat/hitbox_component.gd
CH3_NAVE_ENTRY	res://chapters/chapter_03_chapel_of_thirteen_echoes/scenes/rooms/ch3_nave_entry.tscn	RoomHost/Ch3NaveEntry/Enemies/ConfessionalWraith/FacingRoot/SecondaryHitbox/CollisionShape2D	CollisionShape2D	RoomHost/Ch3NaveEntry/Enemies/ConfessionalWraith/FacingRoot/SecondaryHitbox	0	10	true	false	0	true	false	1217.0,581.0	Enemy	-
CH3_NAVE_ENTRY	res://chapters/chapter_03_chapel_of_thirteen_echoes/scenes/rooms/ch3_nave_entry.tscn	RoomHost/Ch3NaveEntry/Enemies/ConfessionalWraith/DetectionArea	Area2D	RoomHost/Ch3NaveEntry/Enemies/ConfessionalWraith	0	10	true	false	0	true	false	1260.0,582.0	Enemy	-
CH3_NAVE_ENTRY	res://chapters/chapter_03_chapel_of_thirteen_echoes/scenes/rooms/ch3_nave_entry.tscn	RoomHost/Ch3NaveEntry/Enemies/ConfessionalWraith/DetectionArea/CollisionShape2D	CollisionShape2D	RoomHost/Ch3NaveEntry/Enemies/ConfessionalWraith/DetectionArea	0	10	true	false	0	true	false	1260.0,582.0	Enemy	-
CH3_NAVE_ENTRY	res://chapters/chapter_03_chapel_of_thirteen_echoes/scenes/rooms/ch3_nave_entry.tscn	RoomHost/Ch3NaveEntry/Enemies/ConfessionalWraith/WallCheck	RayCast2D	RoomHost/Ch3NaveEntry/Enemies/ConfessionalWraith	0	10	true	false	0	true	false	1260.0,586.0	Enemy	-
CH3_NAVE_ENTRY	res://chapters/chapter_03_chapel_of_thirteen_echoes/scenes/rooms/ch3_nave_entry.tscn	RoomHost/Ch3NaveEntry/Enemies/ConfessionalWraith/FloorCheck	RayCast2D	RoomHost/Ch3NaveEntry/Enemies/ConfessionalWraith	0	10	true	false	0	true	false	1241.0,602.0	Enemy	-
CH3_NAVE_ENTRY	res://chapters/chapter_03_chapel_of_thirteen_echoes/scenes/rooms/ch3_nave_entry.tscn	RoomHost/Ch3NaveEntry/Enemies/ThirteenthScribe	CharacterBody2D	RoomHost/Ch3NaveEntry/Enemies	10	10	true	false	0	true	false	1830.0,390.1	Enemy	res://chapters/chapter_03_chapel_of_thirteen_echoes/scripts/enemies/chapter_03_specialist_enemy.gd
CH3_NAVE_ENTRY	res://chapters/chapter_03_chapel_of_thirteen_echoes/scenes/rooms/ch3_nave_entry.tscn	RoomHost/Ch3NaveEntry/Enemies/ThirteenthScribe/VisualRoot	Node2D	RoomHost/Ch3NaveEntry/Enemies/ThirteenthScribe	0	10	true	false	0	true	false	1830.0,390.1	Enemy	-
CH3_NAVE_ENTRY	res://chapters/chapter_03_chapel_of_thirteen_echoes/scenes/rooms/ch3_nave_entry.tscn	RoomHost/Ch3NaveEntry/Enemies/ThirteenthScribe/VisualRoot/AnimatedSprite2D	AnimatedSprite2D	RoomHost/Ch3NaveEntry/Enemies/ThirteenthScribe/VisualRoot	0	10	true	false	0	true	true	1830.0,390.1	Enemy	-
CH3_NAVE_ENTRY	res://chapters/chapter_03_chapel_of_thirteen_echoes/scenes/rooms/ch3_nave_entry.tscn	RoomHost/Ch3NaveEntry/Enemies/ThirteenthScribe/CollisionShape2D	CollisionShape2D	RoomHost/Ch3NaveEntry/Enemies/ThirteenthScribe	0	10	true	false	0	true	false	1830.0,395.1	Enemy	-
CH3_NAVE_ENTRY	res://chapters/chapter_03_chapel_of_thirteen_echoes/scenes/rooms/ch3_nave_entry.tscn	RoomHost/Ch3NaveEntry/Enemies/ThirteenthScribe/Hurtbox	Area2D	RoomHost/Ch3NaveEntry/Enemies/ThirteenthScribe	0	10	true	false	0	true	false	1830.0,390.1	Enemy	res://scripts/combat/hurtbox_component.gd
CH3_NAVE_ENTRY	res://chapters/chapter_03_chapel_of_thirteen_echoes/scenes/rooms/ch3_nave_entry.tscn	RoomHost/Ch3NaveEntry/Enemies/ThirteenthScribe/Hurtbox/CollisionShape2D	CollisionShape2D	RoomHost/Ch3NaveEntry/Enemies/ThirteenthScribe/Hurtbox	0	10	true	false	0	true	false	1830.0,395.1	Enemy	-
CH3_NAVE_ENTRY	res://chapters/chapter_03_chapel_of_thirteen_echoes/scenes/rooms/ch3_nave_entry.tscn	RoomHost/Ch3NaveEntry/Enemies/ThirteenthScribe/FacingRoot	Node2D	RoomHost/Ch3NaveEntry/Enemies/ThirteenthScribe	0	10	true	false	0	true	false	1830.0,390.1	Enemy	-
CH3_NAVE_ENTRY	res://chapters/chapter_03_chapel_of_thirteen_echoes/scenes/rooms/ch3_nave_entry.tscn	RoomHost/Ch3NaveEntry/Enemies/ThirteenthScribe/FacingRoot/PrimaryHitbox	Area2D	RoomHost/Ch3NaveEntry/Enemies/ThirteenthScribe/FacingRoot	0	10	true	false	0	true	false	1795.0,388.1	Enemy	res://scripts/combat/hitbox_component.gd
CH3_NAVE_ENTRY	res://chapters/chapter_03_chapel_of_thirteen_echoes/scenes/rooms/ch3_nave_entry.tscn	RoomHost/Ch3NaveEntry/Enemies/ThirteenthScribe/FacingRoot/PrimaryHitbox/CollisionShape2D	CollisionShape2D	RoomHost/Ch3NaveEntry/Enemies/ThirteenthScribe/FacingRoot/PrimaryHitbox	0	10	true	false	0	true	false	1795.0,388.1	Enemy	-
CH3_NAVE_ENTRY	res://chapters/chapter_03_chapel_of_thirteen_echoes/scenes/rooms/ch3_nave_entry.tscn	RoomHost/Ch3NaveEntry/Enemies/ThirteenthScribe/FacingRoot/SecondaryHitbox	Area2D	RoomHost/Ch3NaveEntry/Enemies/ThirteenthScribe/FacingRoot	0	10	true	false	0	true	false	1787.0,389.1	Enemy	res://scripts/combat/hitbox_component.gd
CH3_NAVE_ENTRY	res://chapters/chapter_03_chapel_of_thirteen_echoes/scenes/rooms/ch3_nave_entry.tscn	RoomHost/Ch3NaveEntry/Enemies/ThirteenthScribe/FacingRoot/SecondaryHitbox/CollisionShape2D	CollisionShape2D	RoomHost/Ch3NaveEntry/Enemies/ThirteenthScribe/FacingRoot/SecondaryHitbox	0	10	true	false	0	true	false	1787.0,389.1	Enemy	-
CH3_NAVE_ENTRY	res://chapters/chapter_03_chapel_of_thirteen_echoes/scenes/rooms/ch3_nave_entry.tscn	RoomHost/Ch3NaveEntry/Enemies/ThirteenthScribe/DetectionArea	Area2D	RoomHost/Ch3NaveEntry/Enemies/ThirteenthScribe	0	10	true	false	0	true	false	1830.0,390.1	Enemy	-
CH3_NAVE_ENTRY	res://chapters/chapter_03_chapel_of_thirteen_echoes/scenes/rooms/ch3_nave_entry.tscn	RoomHost/Ch3NaveEntry/Enemies/ThirteenthScribe/DetectionArea/CollisionShape2D	CollisionShape2D	RoomHost/Ch3NaveEntry/Enemies/ThirteenthScribe/DetectionArea	0	10	true	false	0	true	false	1830.0,390.1	Enemy	-
CH3_NAVE_ENTRY	res://chapters/chapter_03_chapel_of_thirteen_echoes/scenes/rooms/ch3_nave_entry.tscn	RoomHost/Ch3NaveEntry/Enemies/ThirteenthScribe/WallCheck	RayCast2D	RoomHost/Ch3NaveEntry/Enemies/ThirteenthScribe	0	10	true	false	0	true	false	1830.0,394.1	Enemy	-
CH3_NAVE_ENTRY	res://chapters/chapter_03_chapel_of_thirteen_echoes/scenes/rooms/ch3_nave_entry.tscn	RoomHost/Ch3NaveEntry/Enemies/ThirteenthScribe/FloorCheck	RayCast2D	RoomHost/Ch3NaveEntry/Enemies/ThirteenthScribe	0	10	true	false	0	true	false	1811.0,410.1	Enemy	-
CH3_NAVE_ENTRY	res://chapters/chapter_03_chapel_of_thirteen_echoes/scenes/rooms/ch3_nave_entry.tscn	RoomHost/Ch3NaveEntry/SpawnPoints	Node2D	RoomHost/Ch3NaveEntry	0	0	true	false	0	true	false	0.0,0.0	Unknown	-
CH3_NAVE_ENTRY	res://chapters/chapter_03_chapel_of_thirteen_echoes/scenes/rooms/ch3_nave_entry.tscn	RoomHost/Ch3NaveEntry/SpawnPoints/EntryWest	Marker2D	RoomHost/Ch3NaveEntry/SpawnPoints	0	0	true	false	0	true	false	128.0,584.0	Unknown	-
CH3_NAVE_ENTRY	res://chapters/chapter_03_chapel_of_thirteen_echoes/scenes/rooms/ch3_nave_entry.tscn	RoomHost/Ch3NaveEntry/SpawnPoints/BellchainTest	Marker2D	RoomHost/Ch3NaveEntry/SpawnPoints	0	0	true	false	0	true	false	520.0,584.0	Unknown	-
CH3_NAVE_ENTRY	res://chapters/chapter_03_chapel_of_thirteen_echoes/scenes/rooms/ch3_nave_entry.tscn	RoomHost/Ch3NaveEntry/SpawnPoints/ScribeTest	Marker2D	RoomHost/Ch3NaveEntry/SpawnPoints	0	0	true	false	0	true	false	1520.0,584.0	Unknown	-
CH3_CHOIR_GALLERY	res://chapters/chapter_03_chapel_of_thirteen_echoes/scenes/rooms/ch3_choir_gallery.tscn	RoomHost/Ch3ChoirGallery	Node2D	RoomHost	0	0	true	false	0	true	false	0.0,0.0	Unknown	res://chapters/chapter_03_chapel_of_thirteen_echoes/scripts/level/chapter_03_room.gd
CH3_CHOIR_GALLERY	res://chapters/chapter_03_chapel_of_thirteen_echoes/scenes/rooms/ch3_choir_gallery.tscn	RoomHost/Ch3ChoirGallery/Backdrop	Sprite2D	RoomHost/Ch3ChoirGallery	-100	-100	true	false	0	true	true	1216.0,360.0	BackgroundArchitecture	-
CH3_CHOIR_GALLERY	res://chapters/chapter_03_chapel_of_thirteen_echoes/scenes/rooms/ch3_choir_gallery.tscn	RoomHost/Ch3ChoirGallery/OrganPipesFar	Sprite2D	RoomHost/Ch3ChoirGallery	-100	-100	true	false	0	true	true	1900.0,322.0	BackgroundArchitecture	-
CH3_CHOIR_GALLERY	res://chapters/chapter_03_chapel_of_thirteen_echoes/scenes/rooms/ch3_choir_gallery.tscn	RoomHost/Ch3ChoirGallery/OrganCaseBehind	Sprite2D	RoomHost/Ch3ChoirGallery	-60	-60	true	false	0	true	true	1900.0,380.0	BackgroundArchitecture	-
CH3_CHOIR_GALLERY	res://chapters/chapter_03_chapel_of_thirteen_echoes/scenes/rooms/ch3_choir_gallery.tscn	RoomHost/Ch3ChoirGallery/WestChoirSeat	Sprite2D	RoomHost/Ch3ChoirGallery	-30	-30	true	false	0	true	true	544.0,560.0	PropsBehind	-
CH3_CHOIR_GALLERY	res://chapters/chapter_03_chapel_of_thirteen_echoes/scenes/rooms/ch3_choir_gallery.tscn	RoomHost/Ch3ChoirGallery/EastChoirSeat	Sprite2D	RoomHost/Ch3ChoirGallery	-30	-30	true	false	0	true	true	1424.0,560.0	PropsBehind	-
CH3_CHOIR_GALLERY	res://chapters/chapter_03_chapel_of_thirteen_echoes/scenes/rooms/ch3_choir_gallery.tscn	RoomHost/Ch3ChoirGallery/Geometry	Node2D	RoomHost/Ch3ChoirGallery	0	0	true	false	0	true	false	0.0,0.0	Unknown	-
CH3_CHOIR_GALLERY	res://chapters/chapter_03_chapel_of_thirteen_echoes/scenes/rooms/ch3_choir_gallery.tscn	RoomHost/Ch3ChoirGallery/Geometry/Floor	StaticBody2D	RoomHost/Ch3ChoirGallery/Geometry	0	0	true	false	0	true	false	0.0,0.0	Ground	-
CH3_CHOIR_GALLERY	res://chapters/chapter_03_chapel_of_thirteen_echoes/scenes/rooms/ch3_choir_gallery.tscn	RoomHost/Ch3ChoirGallery/Geometry/Floor/CollisionShape2D	CollisionShape2D	RoomHost/Ch3ChoirGallery/Geometry/Floor	0	0	true	false	0	true	false	1216.0,666.0	Ground	-
CH3_CHOIR_GALLERY	res://chapters/chapter_03_chapel_of_thirteen_echoes/scenes/rooms/ch3_choir_gallery.tscn	RoomHost/Ch3ChoirGallery/Geometry/LeftWall	StaticBody2D	RoomHost/Ch3ChoirGallery/Geometry	0	0	true	false	0	true	false	0.0,0.0	BackgroundArchitecture	-
CH3_CHOIR_GALLERY	res://chapters/chapter_03_chapel_of_thirteen_echoes/scenes/rooms/ch3_choir_gallery.tscn	RoomHost/Ch3ChoirGallery/Geometry/LeftWall/CollisionShape2D	CollisionShape2D	RoomHost/Ch3ChoirGallery/Geometry/LeftWall	0	0	true	false	0	true	false	-24.0,360.0	BackgroundArchitecture	-
CH3_CHOIR_GALLERY	res://chapters/chapter_03_chapel_of_thirteen_echoes/scenes/rooms/ch3_choir_gallery.tscn	RoomHost/Ch3ChoirGallery/Geometry/WestChoirSeatPlatform	StaticBody2D	RoomHost/Ch3ChoirGallery/Geometry	0	0	true	false	0	true	false	0.0,0.0	Platform	-
CH3_CHOIR_GALLERY	res://chapters/chapter_03_chapel_of_thirteen_echoes/scenes/rooms/ch3_choir_gallery.tscn	RoomHost/Ch3ChoirGallery/Geometry/WestChoirSeatPlatform/Visual	Sprite2D	RoomHost/Ch3ChoirGallery/Geometry/WestChoirSeatPlatform	0	0	true	false	0	true	true	544.0,576.0	Platform	-
CH3_CHOIR_GALLERY	res://chapters/chapter_03_chapel_of_thirteen_echoes/scenes/rooms/ch3_choir_gallery.tscn	RoomHost/Ch3ChoirGallery/Geometry/WestChoirSeatPlatform/CollisionShape2D	CollisionShape2D	RoomHost/Ch3ChoirGallery/Geometry/WestChoirSeatPlatform	0	0	true	false	0	true	false	544.0,564.0	Platform	-
CH3_CHOIR_GALLERY	res://chapters/chapter_03_chapel_of_thirteen_echoes/scenes/rooms/ch3_choir_gallery.tscn	RoomHost/Ch3ChoirGallery/Geometry/EastChoirSeatPlatform	StaticBody2D	RoomHost/Ch3ChoirGallery/Geometry	0	0	true	false	0	true	false	0.0,0.0	Platform	-
CH3_CHOIR_GALLERY	res://chapters/chapter_03_chapel_of_thirteen_echoes/scenes/rooms/ch3_choir_gallery.tscn	RoomHost/Ch3ChoirGallery/Geometry/EastChoirSeatPlatform/Visual	Sprite2D	RoomHost/Ch3ChoirGallery/Geometry/EastChoirSeatPlatform	0	0	true	false	0	true	true	1424.0,576.0	Platform	-
CH3_CHOIR_GALLERY	res://chapters/chapter_03_chapel_of_thirteen_echoes/scenes/rooms/ch3_choir_gallery.tscn	RoomHost/Ch3ChoirGallery/Geometry/EastChoirSeatPlatform/CollisionShape2D	CollisionShape2D	RoomHost/Ch3ChoirGallery/Geometry/EastChoirSeatPlatform	0	0	true	false	0	true	false	1424.0,564.0	Platform	-
CH3_CHOIR_GALLERY	res://chapters/chapter_03_chapel_of_thirteen_echoes/scenes/rooms/ch3_choir_gallery.tscn	RoomHost/Ch3ChoirGallery/Geometry/OrganAccessCorbel	StaticBody2D	RoomHost/Ch3ChoirGallery/Geometry	0	0	true	false	0	true	false	0.0,0.0	Platform	-
CH3_CHOIR_GALLERY	res://chapters/chapter_03_chapel_of_thirteen_echoes/scenes/rooms/ch3_choir_gallery.tscn	RoomHost/Ch3ChoirGallery/Geometry/OrganAccessCorbel/Visual	Sprite2D	RoomHost/Ch3ChoirGallery/Geometry/OrganAccessCorbel	0	0	true	false	0	true	true	1632.0,516.0	Platform	-
CH3_CHOIR_GALLERY	res://chapters/chapter_03_chapel_of_thirteen_echoes/scenes/rooms/ch3_choir_gallery.tscn	RoomHost/Ch3ChoirGallery/Geometry/OrganAccessCorbel/CollisionShape2D	CollisionShape2D	RoomHost/Ch3ChoirGallery/Geometry/OrganAccessCorbel	0	0	true	false	0	true	false	1632.0,504.0	Platform	-
CH3_CHOIR_GALLERY	res://chapters/chapter_03_chapel_of_thirteen_echoes/scenes/rooms/ch3_choir_gallery.tscn	RoomHost/Ch3ChoirGallery/Geometry/OrganMaintenanceDeck	StaticBody2D	RoomHost/Ch3ChoirGallery/Geometry	0	0	true	false	0	true	false	0.0,0.0	Platform	-
CH3_CHOIR_GALLERY	res://chapters/chapter_03_chapel_of_thirteen_echoes/scenes/rooms/ch3_choir_gallery.tscn	RoomHost/Ch3ChoirGallery/Geometry/OrganMaintenanceDeck/Visual	Sprite2D	RoomHost/Ch3ChoirGallery/Geometry/OrganMaintenanceDeck	0	0	true	false	0	true	true	1808.0,456.0	Platform	-
CH3_CHOIR_GALLERY	res://chapters/chapter_03_chapel_of_thirteen_echoes/scenes/rooms/ch3_choir_gallery.tscn	RoomHost/Ch3ChoirGallery/Geometry/OrganMaintenanceDeck/CollisionShape2D	CollisionShape2D	RoomHost/Ch3ChoirGallery/Geometry/OrganMaintenanceDeck	0	0	true	false	0	true	false	1808.0,444.0	Platform	-
CH3_CHOIR_GALLERY	res://chapters/chapter_03_chapel_of_thirteen_echoes/scenes/rooms/ch3_choir_gallery.tscn	RoomHost/Ch3ChoirGallery/Doors	Node2D	RoomHost/Ch3ChoirGallery	0	0	true	false	0	true	false	0.0,0.0	Door	-
CH3_CHOIR_GALLERY	res://chapters/chapter_03_chapel_of_thirteen_echoes/scenes/rooms/ch3_choir_gallery.tscn	RoomHost/Ch3ChoirGallery/Doors/CheckpointDoor	Area2D	RoomHost/Ch3ChoirGallery/Doors	14	14	true	false	0	true	false	2304.0,380.0	Door	res://chapters/chapter_03_chapel_of_thirteen_echoes/scripts/level/chapter_03_room_door.gd
CH3_CHOIR_GALLERY	res://chapters/chapter_03_chapel_of_thirteen_echoes/scenes/rooms/ch3_choir_gallery.tscn	RoomHost/Ch3ChoirGallery/Doors/CheckpointDoor/DoorVisual	Sprite2D	RoomHost/Ch3ChoirGallery/Doors/CheckpointDoor	0	14	true	false	0	true	true	2304.0,380.0	Door	-
CH3_CHOIR_GALLERY	res://chapters/chapter_03_chapel_of_thirteen_echoes/scenes/rooms/ch3_choir_gallery.tscn	RoomHost/Ch3ChoirGallery/Doors/CheckpointDoor/Blocker	StaticBody2D	RoomHost/Ch3ChoirGallery/Doors/CheckpointDoor	0	14	true	false	0	true	false	2304.0,380.0	Door	-
CH3_CHOIR_GALLERY	res://chapters/chapter_03_chapel_of_thirteen_echoes/scenes/rooms/ch3_choir_gallery.tscn	RoomHost/Ch3ChoirGallery/Doors/CheckpointDoor/Blocker/CollisionShape2D	CollisionShape2D	RoomHost/Ch3ChoirGallery/Doors/CheckpointDoor/Blocker	0	14	true	false	0	true	false	2304.0,446.0	Door	-
CH3_CHOIR_GALLERY	res://chapters/chapter_03_chapel_of_thirteen_echoes/scenes/rooms/ch3_choir_gallery.tscn	RoomHost/Ch3ChoirGallery/Doors/CheckpointDoor/CollisionShape2D	CollisionShape2D	RoomHost/Ch3ChoirGallery/Doors/CheckpointDoor	0	14	true	false	0	true	false	2246.0,446.0	Door	-
CH3_CHOIR_GALLERY	res://chapters/chapter_03_chapel_of_thirteen_echoes/scenes/rooms/ch3_choir_gallery.tscn	RoomHost/Ch3ChoirGallery/Doors/CheckpointDoor/Prompt	Label	RoomHost/Ch3ChoirGallery/Doors/CheckpointDoor	0	14	true	false	0	false	true	0.0,0.0	Door	-
CH3_CHOIR_GALLERY	res://chapters/chapter_03_chapel_of_thirteen_echoes/scenes/rooms/ch3_choir_gallery.tscn	RoomHost/Ch3ChoirGallery/Enemies	Node2D	RoomHost/Ch3ChoirGallery	0	0	true	false	0	true	false	0.0,0.0	ActorContainer	-
CH3_CHOIR_GALLERY	res://chapters/chapter_03_chapel_of_thirteen_echoes/scenes/rooms/ch3_choir_gallery.tscn	RoomHost/Ch3ChoirGallery/Enemies/CenserExecutioner	CharacterBody2D	RoomHost/Ch3ChoirGallery/Enemies	10	10	true	false	0	true	false	780.0,582.0	Enemy	res://chapters/chapter_03_chapel_of_thirteen_echoes/scripts/enemies/chapter_03_specialist_enemy.gd
CH3_CHOIR_GALLERY	res://chapters/chapter_03_chapel_of_thirteen_echoes/scenes/rooms/ch3_choir_gallery.tscn	RoomHost/Ch3ChoirGallery/Enemies/CenserExecutioner/VisualRoot	Node2D	RoomHost/Ch3ChoirGallery/Enemies/CenserExecutioner	0	10	true	false	0	true	false	780.0,582.0	Enemy	-
CH3_CHOIR_GALLERY	res://chapters/chapter_03_chapel_of_thirteen_echoes/scenes/rooms/ch3_choir_gallery.tscn	RoomHost/Ch3ChoirGallery/Enemies/CenserExecutioner/VisualRoot/AnimatedSprite2D	AnimatedSprite2D	RoomHost/Ch3ChoirGallery/Enemies/CenserExecutioner/VisualRoot	0	10	true	false	0	true	true	780.0,582.0	Enemy	-
CH3_CHOIR_GALLERY	res://chapters/chapter_03_chapel_of_thirteen_echoes/scenes/rooms/ch3_choir_gallery.tscn	RoomHost/Ch3ChoirGallery/Enemies/CenserExecutioner/CollisionShape2D	CollisionShape2D	RoomHost/Ch3ChoirGallery/Enemies/CenserExecutioner	0	10	true	false	0	true	false	780.0,587.0	Enemy	-
CH3_CHOIR_GALLERY	res://chapters/chapter_03_chapel_of_thirteen_echoes/scenes/rooms/ch3_choir_gallery.tscn	RoomHost/Ch3ChoirGallery/Enemies/CenserExecutioner/Hurtbox	Area2D	RoomHost/Ch3ChoirGallery/Enemies/CenserExecutioner	0	10	true	false	0	true	false	780.0,582.0	Enemy	res://scripts/combat/hurtbox_component.gd
CH3_CHOIR_GALLERY	res://chapters/chapter_03_chapel_of_thirteen_echoes/scenes/rooms/ch3_choir_gallery.tscn	RoomHost/Ch3ChoirGallery/Enemies/CenserExecutioner/Hurtbox/CollisionShape2D	CollisionShape2D	RoomHost/Ch3ChoirGallery/Enemies/CenserExecutioner/Hurtbox	0	10	true	false	0	true	false	780.0,587.0	Enemy	-
CH3_CHOIR_GALLERY	res://chapters/chapter_03_chapel_of_thirteen_echoes/scenes/rooms/ch3_choir_gallery.tscn	RoomHost/Ch3ChoirGallery/Enemies/CenserExecutioner/FacingRoot	Node2D	RoomHost/Ch3ChoirGallery/Enemies/CenserExecutioner	0	10	true	false	0	true	false	780.0,582.0	Enemy	-
CH3_CHOIR_GALLERY	res://chapters/chapter_03_chapel_of_thirteen_echoes/scenes/rooms/ch3_choir_gallery.tscn	RoomHost/Ch3ChoirGallery/Enemies/CenserExecutioner/FacingRoot/PrimaryHitbox	Area2D	RoomHost/Ch3ChoirGallery/Enemies/CenserExecutioner/FacingRoot	0	10	true	false	0	true	false	745.0,580.0	Enemy	res://scripts/combat/hitbox_component.gd
CH3_CHOIR_GALLERY	res://chapters/chapter_03_chapel_of_thirteen_echoes/scenes/rooms/ch3_choir_gallery.tscn	RoomHost/Ch3ChoirGallery/Enemies/CenserExecutioner/FacingRoot/PrimaryHitbox/CollisionShape2D	CollisionShape2D	RoomHost/Ch3ChoirGallery/Enemies/CenserExecutioner/FacingRoot/PrimaryHitbox	0	10	true	false	0	true	false	745.0,580.0	Enemy	-
CH3_CHOIR_GALLERY	res://chapters/chapter_03_chapel_of_thirteen_echoes/scenes/rooms/ch3_choir_gallery.tscn	RoomHost/Ch3ChoirGallery/Enemies/CenserExecutioner/FacingRoot/SecondaryHitbox	Area2D	RoomHost/Ch3ChoirGallery/Enemies/CenserExecutioner/FacingRoot	0	10	true	false	0	true	false	737.0,581.0	Enemy	res://scripts/combat/hitbox_component.gd
CH3_CHOIR_GALLERY	res://chapters/chapter_03_chapel_of_thirteen_echoes/scenes/rooms/ch3_choir_gallery.tscn	RoomHost/Ch3ChoirGallery/Enemies/CenserExecutioner/FacingRoot/SecondaryHitbox/CollisionShape2D	CollisionShape2D	RoomHost/Ch3ChoirGallery/Enemies/CenserExecutioner/FacingRoot/SecondaryHitbox	0	10	true	false	0	true	false	737.0,581.0	Enemy	-
CH3_CHOIR_GALLERY	res://chapters/chapter_03_chapel_of_thirteen_echoes/scenes/rooms/ch3_choir_gallery.tscn	RoomHost/Ch3ChoirGallery/Enemies/CenserExecutioner/DetectionArea	Area2D	RoomHost/Ch3ChoirGallery/Enemies/CenserExecutioner	0	10	true	false	0	true	false	780.0,582.0	Enemy	-
CH3_CHOIR_GALLERY	res://chapters/chapter_03_chapel_of_thirteen_echoes/scenes/rooms/ch3_choir_gallery.tscn	RoomHost/Ch3ChoirGallery/Enemies/CenserExecutioner/DetectionArea/CollisionShape2D	CollisionShape2D	RoomHost/Ch3ChoirGallery/Enemies/CenserExecutioner/DetectionArea	0	10	true	false	0	true	false	780.0,582.0	Enemy	-
CH3_CHOIR_GALLERY	res://chapters/chapter_03_chapel_of_thirteen_echoes/scenes/rooms/ch3_choir_gallery.tscn	RoomHost/Ch3ChoirGallery/Enemies/CenserExecutioner/WallCheck	RayCast2D	RoomHost/Ch3ChoirGallery/Enemies/CenserExecutioner	0	10	true	false	0	true	false	780.0,586.0	Enemy	-
CH3_CHOIR_GALLERY	res://chapters/chapter_03_chapel_of_thirteen_echoes/scenes/rooms/ch3_choir_gallery.tscn	RoomHost/Ch3ChoirGallery/Enemies/CenserExecutioner/FloorCheck	RayCast2D	RoomHost/Ch3ChoirGallery/Enemies/CenserExecutioner	0	10	true	false	0	true	false	761.0,602.0	Enemy	-
CH3_CHOIR_GALLERY	res://chapters/chapter_03_chapel_of_thirteen_echoes/scenes/rooms/ch3_choir_gallery.tscn	RoomHost/Ch3ChoirGallery/Enemies/SilentChorister	CharacterBody2D	RoomHost/Ch3ChoirGallery/Enemies	10	10	true	false	0	true	false	1180.0,470.0	Enemy	res://chapters/chapter_03_chapel_of_thirteen_echoes/scripts/enemies/chapter_03_specialist_enemy.gd
CH3_CHOIR_GALLERY	res://chapters/chapter_03_chapel_of_thirteen_echoes/scenes/rooms/ch3_choir_gallery.tscn	RoomHost/Ch3ChoirGallery/Enemies/SilentChorister/VisualRoot	Node2D	RoomHost/Ch3ChoirGallery/Enemies/SilentChorister	0	10	true	false	0	true	false	1180.0,470.0	Enemy	-
CH3_CHOIR_GALLERY	res://chapters/chapter_03_chapel_of_thirteen_echoes/scenes/rooms/ch3_choir_gallery.tscn	RoomHost/Ch3ChoirGallery/Enemies/SilentChorister/VisualRoot/AnimatedSprite2D	AnimatedSprite2D	RoomHost/Ch3ChoirGallery/Enemies/SilentChorister/VisualRoot	0	10	true	false	0	true	true	1180.0,470.0	Enemy	-
CH3_CHOIR_GALLERY	res://chapters/chapter_03_chapel_of_thirteen_echoes/scenes/rooms/ch3_choir_gallery.tscn	RoomHost/Ch3ChoirGallery/Enemies/SilentChorister/CollisionShape2D	CollisionShape2D	RoomHost/Ch3ChoirGallery/Enemies/SilentChorister	0	10	true	false	0	true	false	1180.0,475.0	Enemy	-
CH3_CHOIR_GALLERY	res://chapters/chapter_03_chapel_of_thirteen_echoes/scenes/rooms/ch3_choir_gallery.tscn	RoomHost/Ch3ChoirGallery/Enemies/SilentChorister/Hurtbox	Area2D	RoomHost/Ch3ChoirGallery/Enemies/SilentChorister	0	10	true	false	0	true	false	1180.0,470.0	Enemy	res://scripts/combat/hurtbox_component.gd
CH3_CHOIR_GALLERY	res://chapters/chapter_03_chapel_of_thirteen_echoes/scenes/rooms/ch3_choir_gallery.tscn	RoomHost/Ch3ChoirGallery/Enemies/SilentChorister/Hurtbox/CollisionShape2D	CollisionShape2D	RoomHost/Ch3ChoirGallery/Enemies/SilentChorister/Hurtbox	0	10	true	false	0	true	false	1180.0,475.0	Enemy	-
CH3_CHOIR_GALLERY	res://chapters/chapter_03_chapel_of_thirteen_echoes/scenes/rooms/ch3_choir_gallery.tscn	RoomHost/Ch3ChoirGallery/Enemies/SilentChorister/FacingRoot	Node2D	RoomHost/Ch3ChoirGallery/Enemies/SilentChorister	0	10	true	false	0	true	false	1180.0,470.0	Enemy	-
CH3_CHOIR_GALLERY	res://chapters/chapter_03_chapel_of_thirteen_echoes/scenes/rooms/ch3_choir_gallery.tscn	RoomHost/Ch3ChoirGallery/Enemies/SilentChorister/FacingRoot/PrimaryHitbox	Area2D	RoomHost/Ch3ChoirGallery/Enemies/SilentChorister/FacingRoot	0	10	true	false	0	true	false	1145.0,468.0	Enemy	res://scripts/combat/hitbox_component.gd
CH3_CHOIR_GALLERY	res://chapters/chapter_03_chapel_of_thirteen_echoes/scenes/rooms/ch3_choir_gallery.tscn	RoomHost/Ch3ChoirGallery/Enemies/SilentChorister/FacingRoot/PrimaryHitbox/CollisionShape2D	CollisionShape2D	RoomHost/Ch3ChoirGallery/Enemies/SilentChorister/FacingRoot/PrimaryHitbox	0	10	true	false	0	true	false	1145.0,468.0	Enemy	-
CH3_CHOIR_GALLERY	res://chapters/chapter_03_chapel_of_thirteen_echoes/scenes/rooms/ch3_choir_gallery.tscn	RoomHost/Ch3ChoirGallery/Enemies/SilentChorister/FacingRoot/SecondaryHitbox	Area2D	RoomHost/Ch3ChoirGallery/Enemies/SilentChorister/FacingRoot	0	10	true	false	0	true	false	1137.0,469.0	Enemy	res://scripts/combat/hitbox_component.gd
CH3_CHOIR_GALLERY	res://chapters/chapter_03_chapel_of_thirteen_echoes/scenes/rooms/ch3_choir_gallery.tscn	RoomHost/Ch3ChoirGallery/Enemies/SilentChorister/FacingRoot/SecondaryHitbox/CollisionShape2D	CollisionShape2D	RoomHost/Ch3ChoirGallery/Enemies/SilentChorister/FacingRoot/SecondaryHitbox	0	10	true	false	0	true	false	1137.0,469.0	Enemy	-
CH3_CHOIR_GALLERY	res://chapters/chapter_03_chapel_of_thirteen_echoes/scenes/rooms/ch3_choir_gallery.tscn	RoomHost/Ch3ChoirGallery/Enemies/SilentChorister/DetectionArea	Area2D	RoomHost/Ch3ChoirGallery/Enemies/SilentChorister	0	10	true	false	0	true	false	1180.0,470.0	Enemy	-
CH3_CHOIR_GALLERY	res://chapters/chapter_03_chapel_of_thirteen_echoes/scenes/rooms/ch3_choir_gallery.tscn	RoomHost/Ch3ChoirGallery/Enemies/SilentChorister/DetectionArea/CollisionShape2D	CollisionShape2D	RoomHost/Ch3ChoirGallery/Enemies/SilentChorister/DetectionArea	0	10	true	false	0	true	false	1180.0,470.0	Enemy	-
CH3_CHOIR_GALLERY	res://chapters/chapter_03_chapel_of_thirteen_echoes/scenes/rooms/ch3_choir_gallery.tscn	RoomHost/Ch3ChoirGallery/Enemies/SilentChorister/WallCheck	RayCast2D	RoomHost/Ch3ChoirGallery/Enemies/SilentChorister	0	10	true	false	0	true	false	1180.0,474.0	Enemy	-
CH3_CHOIR_GALLERY	res://chapters/chapter_03_chapel_of_thirteen_echoes/scenes/rooms/ch3_choir_gallery.tscn	RoomHost/Ch3ChoirGallery/Enemies/SilentChorister/FloorCheck	RayCast2D	RoomHost/Ch3ChoirGallery/Enemies/SilentChorister	0	10	true	false	0	true	false	1161.0,490.0	Enemy	-
CH3_CHOIR_GALLERY	res://chapters/chapter_03_chapel_of_thirteen_echoes/scenes/rooms/ch3_choir_gallery.tscn	RoomHost/Ch3ChoirGallery/Enemies/StainedGlassSeraph	CharacterBody2D	RoomHost/Ch3ChoirGallery/Enemies	10	10	true	false	0	true	false	1840.0,360.0	Enemy	res://chapters/chapter_03_chapel_of_thirteen_echoes/scripts/enemies/chapter_03_specialist_enemy.gd
CH3_CHOIR_GALLERY	res://chapters/chapter_03_chapel_of_thirteen_echoes/scenes/rooms/ch3_choir_gallery.tscn	RoomHost/Ch3ChoirGallery/Enemies/StainedGlassSeraph/VisualRoot	Node2D	RoomHost/Ch3ChoirGallery/Enemies/StainedGlassSeraph	0	10	true	false	0	true	false	1840.0,360.0	Enemy	-
CH3_CHOIR_GALLERY	res://chapters/chapter_03_chapel_of_thirteen_echoes/scenes/rooms/ch3_choir_gallery.tscn	RoomHost/Ch3ChoirGallery/Enemies/StainedGlassSeraph/VisualRoot/AnimatedSprite2D	AnimatedSprite2D	RoomHost/Ch3ChoirGallery/Enemies/StainedGlassSeraph/VisualRoot	0	10	true	false	0	true	true	1840.0,360.0	Enemy	-
CH3_CHOIR_GALLERY	res://chapters/chapter_03_chapel_of_thirteen_echoes/scenes/rooms/ch3_choir_gallery.tscn	RoomHost/Ch3ChoirGallery/Enemies/StainedGlassSeraph/CollisionShape2D	CollisionShape2D	RoomHost/Ch3ChoirGallery/Enemies/StainedGlassSeraph	0	10	true	false	0	true	false	1840.0,365.0	Enemy	-
CH3_CHOIR_GALLERY	res://chapters/chapter_03_chapel_of_thirteen_echoes/scenes/rooms/ch3_choir_gallery.tscn	RoomHost/Ch3ChoirGallery/Enemies/StainedGlassSeraph/Hurtbox	Area2D	RoomHost/Ch3ChoirGallery/Enemies/StainedGlassSeraph	0	10	true	false	0	true	false	1840.0,360.0	Enemy	res://scripts/combat/hurtbox_component.gd
CH3_CHOIR_GALLERY	res://chapters/chapter_03_chapel_of_thirteen_echoes/scenes/rooms/ch3_choir_gallery.tscn	RoomHost/Ch3ChoirGallery/Enemies/StainedGlassSeraph/Hurtbox/CollisionShape2D	CollisionShape2D	RoomHost/Ch3ChoirGallery/Enemies/StainedGlassSeraph/Hurtbox	0	10	true	false	0	true	false	1840.0,365.0	Enemy	-
CH3_CHOIR_GALLERY	res://chapters/chapter_03_chapel_of_thirteen_echoes/scenes/rooms/ch3_choir_gallery.tscn	RoomHost/Ch3ChoirGallery/Enemies/StainedGlassSeraph/FacingRoot	Node2D	RoomHost/Ch3ChoirGallery/Enemies/StainedGlassSeraph	0	10	true	false	0	true	false	1840.0,360.0	Enemy	-
CH3_CHOIR_GALLERY	res://chapters/chapter_03_chapel_of_thirteen_echoes/scenes/rooms/ch3_choir_gallery.tscn	RoomHost/Ch3ChoirGallery/Enemies/StainedGlassSeraph/FacingRoot/PrimaryHitbox	Area2D	RoomHost/Ch3ChoirGallery/Enemies/StainedGlassSeraph/FacingRoot	0	10	true	false	0	true	false	1805.0,358.0	Enemy	res://scripts/combat/hitbox_component.gd
CH3_CHOIR_GALLERY	res://chapters/chapter_03_chapel_of_thirteen_echoes/scenes/rooms/ch3_choir_gallery.tscn	RoomHost/Ch3ChoirGallery/Enemies/StainedGlassSeraph/FacingRoot/PrimaryHitbox/CollisionShape2D	CollisionShape2D	RoomHost/Ch3ChoirGallery/Enemies/StainedGlassSeraph/FacingRoot/PrimaryHitbox	0	10	true	false	0	true	false	1805.0,358.0	Enemy	-
CH3_CHOIR_GALLERY	res://chapters/chapter_03_chapel_of_thirteen_echoes/scenes/rooms/ch3_choir_gallery.tscn	RoomHost/Ch3ChoirGallery/Enemies/StainedGlassSeraph/FacingRoot/SecondaryHitbox	Area2D	RoomHost/Ch3ChoirGallery/Enemies/StainedGlassSeraph/FacingRoot	0	10	true	false	0	true	false	1797.0,359.0	Enemy	res://scripts/combat/hitbox_component.gd
CH3_CHOIR_GALLERY	res://chapters/chapter_03_chapel_of_thirteen_echoes/scenes/rooms/ch3_choir_gallery.tscn	RoomHost/Ch3ChoirGallery/Enemies/StainedGlassSeraph/FacingRoot/SecondaryHitbox/CollisionShape2D	CollisionShape2D	RoomHost/Ch3ChoirGallery/Enemies/StainedGlassSeraph/FacingRoot/SecondaryHitbox	0	10	true	false	0	true	false	1797.0,359.0	Enemy	-
CH3_CHOIR_GALLERY	res://chapters/chapter_03_chapel_of_thirteen_echoes/scenes/rooms/ch3_choir_gallery.tscn	RoomHost/Ch3ChoirGallery/Enemies/StainedGlassSeraph/DetectionArea	Area2D	RoomHost/Ch3ChoirGallery/Enemies/StainedGlassSeraph	0	10	true	false	0	true	false	1840.0,360.0	Enemy	-
CH3_CHOIR_GALLERY	res://chapters/chapter_03_chapel_of_thirteen_echoes/scenes/rooms/ch3_choir_gallery.tscn	RoomHost/Ch3ChoirGallery/Enemies/StainedGlassSeraph/DetectionArea/CollisionShape2D	CollisionShape2D	RoomHost/Ch3ChoirGallery/Enemies/StainedGlassSeraph/DetectionArea	0	10	true	false	0	true	false	1840.0,360.0	Enemy	-
CH3_CHOIR_GALLERY	res://chapters/chapter_03_chapel_of_thirteen_echoes/scenes/rooms/ch3_choir_gallery.tscn	RoomHost/Ch3ChoirGallery/Enemies/StainedGlassSeraph/WallCheck	RayCast2D	RoomHost/Ch3ChoirGallery/Enemies/StainedGlassSeraph	0	10	true	false	0	true	false	1840.0,364.0	Enemy	-
CH3_CHOIR_GALLERY	res://chapters/chapter_03_chapel_of_thirteen_echoes/scenes/rooms/ch3_choir_gallery.tscn	RoomHost/Ch3ChoirGallery/Enemies/StainedGlassSeraph/FloorCheck	RayCast2D	RoomHost/Ch3ChoirGallery/Enemies/StainedGlassSeraph	0	10	true	false	0	true	false	1821.0,380.0	Enemy	-
CH3_CHOIR_GALLERY	res://chapters/chapter_03_chapel_of_thirteen_echoes/scenes/rooms/ch3_choir_gallery.tscn	RoomHost/Ch3ChoirGallery/SpawnPoints	Node2D	RoomHost/Ch3ChoirGallery	0	0	true	false	0	true	false	0.0,0.0	Unknown	-
CH3_CHOIR_GALLERY	res://chapters/chapter_03_chapel_of_thirteen_echoes/scenes/rooms/ch3_choir_gallery.tscn	RoomHost/Ch3ChoirGallery/SpawnPoints/EntryWest	Marker2D	RoomHost/Ch3ChoirGallery/SpawnPoints	0	0	true	false	0	true	false	128.0,584.0	Unknown	-
CH3_CHOIR_GALLERY	res://chapters/chapter_03_chapel_of_thirteen_echoes/scenes/rooms/ch3_choir_gallery.tscn	RoomHost/Ch3ChoirGallery/SpawnPoints/EnemyTest	Marker2D	RoomHost/Ch3ChoirGallery/SpawnPoints	0	0	true	false	0	true	false	620.0,584.0	Unknown	-
CH3_BOSS_CHECKPOINT	res://chapters/chapter_03_chapel_of_thirteen_echoes/scenes/rooms/ch3_boss_checkpoint.tscn	RoomHost/Ch3BossCheckpoint	Node2D	RoomHost	0	0	true	false	0	true	false	0.0,0.0	Unknown	res://chapters/chapter_03_chapel_of_thirteen_echoes/scripts/level/chapter_03_room.gd
CH3_BOSS_CHECKPOINT	res://chapters/chapter_03_chapel_of_thirteen_echoes/scenes/rooms/ch3_boss_checkpoint.tscn	RoomHost/Ch3BossCheckpoint/Backdrop	Sprite2D	RoomHost/Ch3BossCheckpoint	-100	-100	true	false	0	true	true	448.0,360.0	BackgroundArchitecture	-
CH3_BOSS_CHECKPOINT	res://chapters/chapter_03_chapel_of_thirteen_echoes/scenes/rooms/ch3_boss_checkpoint.tscn	RoomHost/Ch3BossCheckpoint/CheckpointVisual	Sprite2D	RoomHost/Ch3BossCheckpoint	-30	-30	true	false	0	true	true	298.0,508.0	PropsBehind	-
CH3_BOSS_CHECKPOINT	res://chapters/chapter_03_chapel_of_thirteen_echoes/scenes/rooms/ch3_boss_checkpoint.tscn	RoomHost/Ch3BossCheckpoint/Lectern	Sprite2D	RoomHost/Ch3BossCheckpoint	-30	-30	true	false	0	true	true	520.0,540.0	PropsBehind	-
CH3_BOSS_CHECKPOINT	res://chapters/chapter_03_chapel_of_thirteen_echoes/scenes/rooms/ch3_boss_checkpoint.tscn	RoomHost/Ch3BossCheckpoint/Geometry	Node2D	RoomHost/Ch3BossCheckpoint	0	0	true	false	0	true	false	0.0,0.0	Unknown	-
CH3_BOSS_CHECKPOINT	res://chapters/chapter_03_chapel_of_thirteen_echoes/scenes/rooms/ch3_boss_checkpoint.tscn	RoomHost/Ch3BossCheckpoint/Geometry/Floor	StaticBody2D	RoomHost/Ch3BossCheckpoint/Geometry	0	0	true	false	0	true	false	0.0,0.0	Ground	-
CH3_BOSS_CHECKPOINT	res://chapters/chapter_03_chapel_of_thirteen_echoes/scenes/rooms/ch3_boss_checkpoint.tscn	RoomHost/Ch3BossCheckpoint/Geometry/Floor/CollisionShape2D	CollisionShape2D	RoomHost/Ch3BossCheckpoint/Geometry/Floor	0	0	true	false	0	true	false	448.0,666.0	Ground	-
CH3_BOSS_CHECKPOINT	res://chapters/chapter_03_chapel_of_thirteen_echoes/scenes/rooms/ch3_boss_checkpoint.tscn	RoomHost/Ch3BossCheckpoint/Geometry/LeftWall	StaticBody2D	RoomHost/Ch3BossCheckpoint/Geometry	0	0	true	false	0	true	false	0.0,0.0	BackgroundArchitecture	-
CH3_BOSS_CHECKPOINT	res://chapters/chapter_03_chapel_of_thirteen_echoes/scenes/rooms/ch3_boss_checkpoint.tscn	RoomHost/Ch3BossCheckpoint/Geometry/LeftWall/CollisionShape2D	CollisionShape2D	RoomHost/Ch3BossCheckpoint/Geometry/LeftWall	0	0	true	false	0	true	false	-24.0,360.0	BackgroundArchitecture	-
CH3_BOSS_CHECKPOINT	res://chapters/chapter_03_chapel_of_thirteen_echoes/scenes/rooms/ch3_boss_checkpoint.tscn	RoomHost/Ch3BossCheckpoint/Doors	Node2D	RoomHost/Ch3BossCheckpoint	0	0	true	false	0	true	false	0.0,0.0	Door	-
CH3_BOSS_CHECKPOINT	res://chapters/chapter_03_chapel_of_thirteen_echoes/scenes/rooms/ch3_boss_checkpoint.tscn	RoomHost/Ch3BossCheckpoint/Doors/ConfessionDoor	Area2D	RoomHost/Ch3BossCheckpoint/Doors	14	14	true	false	0	true	false	790.0,380.0	Door	res://chapters/chapter_03_chapel_of_thirteen_echoes/scripts/level/chapter_03_room_door.gd
CH3_BOSS_CHECKPOINT	res://chapters/chapter_03_chapel_of_thirteen_echoes/scenes/rooms/ch3_boss_checkpoint.tscn	RoomHost/Ch3BossCheckpoint/Doors/ConfessionDoor/DoorVisual	Sprite2D	RoomHost/Ch3BossCheckpoint/Doors/ConfessionDoor	0	14	true	false	0	true	true	790.0,380.0	Door	-
CH3_BOSS_CHECKPOINT	res://chapters/chapter_03_chapel_of_thirteen_echoes/scenes/rooms/ch3_boss_checkpoint.tscn	RoomHost/Ch3BossCheckpoint/Doors/ConfessionDoor/Blocker	StaticBody2D	RoomHost/Ch3BossCheckpoint/Doors/ConfessionDoor	0	14	true	false	0	true	false	790.0,380.0	Door	-
CH3_BOSS_CHECKPOINT	res://chapters/chapter_03_chapel_of_thirteen_echoes/scenes/rooms/ch3_boss_checkpoint.tscn	RoomHost/Ch3BossCheckpoint/Doors/ConfessionDoor/Blocker/CollisionShape2D	CollisionShape2D	RoomHost/Ch3BossCheckpoint/Doors/ConfessionDoor/Blocker	0	14	true	false	0	true	false	790.0,446.0	Door	-
CH3_BOSS_CHECKPOINT	res://chapters/chapter_03_chapel_of_thirteen_echoes/scenes/rooms/ch3_boss_checkpoint.tscn	RoomHost/Ch3BossCheckpoint/Doors/ConfessionDoor/CollisionShape2D	CollisionShape2D	RoomHost/Ch3BossCheckpoint/Doors/ConfessionDoor	0	14	true	false	0	true	false	742.0,446.0	Door	-
CH3_BOSS_CHECKPOINT	res://chapters/chapter_03_chapel_of_thirteen_echoes/scenes/rooms/ch3_boss_checkpoint.tscn	RoomHost/Ch3BossCheckpoint/Doors/ConfessionDoor/Prompt	Label	RoomHost/Ch3BossCheckpoint/Doors/ConfessionDoor	0	14	true	false	0	false	true	0.0,0.0	Door	-
CH3_BOSS_CHECKPOINT	res://chapters/chapter_03_chapel_of_thirteen_echoes/scenes/rooms/ch3_boss_checkpoint.tscn	RoomHost/Ch3BossCheckpoint/SpawnPoints	Node2D	RoomHost/Ch3BossCheckpoint	0	0	true	false	0	true	false	0.0,0.0	Unknown	-
CH3_BOSS_CHECKPOINT	res://chapters/chapter_03_chapel_of_thirteen_echoes/scenes/rooms/ch3_boss_checkpoint.tscn	RoomHost/Ch3BossCheckpoint/SpawnPoints/EntryWest	Marker2D	RoomHost/Ch3BossCheckpoint/SpawnPoints	0	0	true	false	0	true	false	128.0,584.0	Unknown	-
CH3_BOSS_CHECKPOINT	res://chapters/chapter_03_chapel_of_thirteen_echoes/scenes/rooms/ch3_boss_checkpoint.tscn	RoomHost/Ch3BossCheckpoint/SpawnPoints/BossCheckpoint	Marker2D	RoomHost/Ch3BossCheckpoint/SpawnPoints	0	0	true	false	0	true	false	298.0,584.0	Unknown	-
CH3_BOSS_CHECKPOINT	res://chapters/chapter_03_chapel_of_thirteen_echoes/scenes/rooms/ch3_boss_checkpoint.tscn	RoomHost/Ch3BossCheckpoint/CheckpointArea	Area2D	RoomHost/Ch3BossCheckpoint	0	0	true	false	0	true	false	298.0,506.0	Door	res://chapters/chapter_03_chapel_of_thirteen_echoes/scripts/level/chapter_03_room_checkpoint.gd
CH3_BOSS_CHECKPOINT	res://chapters/chapter_03_chapel_of_thirteen_echoes/scenes/rooms/ch3_boss_checkpoint.tscn	RoomHost/Ch3BossCheckpoint/CheckpointArea/CollisionShape2D	CollisionShape2D	RoomHost/Ch3BossCheckpoint/CheckpointArea	0	0	true	false	0	true	false	298.0,506.0	Door	-
CH3_BOSS_CHECKPOINT	res://chapters/chapter_03_chapel_of_thirteen_echoes/scenes/rooms/ch3_boss_checkpoint.tscn	RoomHost/Ch3BossCheckpoint/CheckpointStatus	Label	RoomHost/Ch3BossCheckpoint	14	14	true	false	0	false	true	0.0,0.0	UI	-
CH3_BOSS_ANTE	res://chapters/chapter_03_chapel_of_thirteen_echoes/scenes/rooms/ch3_boss_ante_room.tscn	RoomHost/Ch3BossAnteRoom	Node2D	RoomHost	0	0	true	false	0	true	false	0.0,0.0	Unknown	res://chapters/chapter_03_chapel_of_thirteen_echoes/scripts/level/chapter_03_room.gd
CH3_BOSS_ANTE	res://chapters/chapter_03_chapel_of_thirteen_echoes/scenes/rooms/ch3_boss_ante_room.tscn	RoomHost/Ch3BossAnteRoom/BossAntechamber	Node2D	RoomHost/Ch3BossAnteRoom	0	0	true	false	0	true	false	0.0,0.0	Unknown	res://chapters/chapter_03_chapel_of_thirteen_echoes/scripts/areas/chapter_03_boss_antechamber.gd
CH3_BOSS_ANTE	res://chapters/chapter_03_chapel_of_thirteen_echoes/scenes/rooms/ch3_boss_ante_room.tscn	RoomHost/Ch3BossAnteRoom/BossAntechamber/Backdrop	Sprite2D	RoomHost/Ch3BossAnteRoom/BossAntechamber	-100	-100	true	false	0	true	true	832.0,360.0	BackgroundArchitecture	-
CH3_BOSS_ANTE	res://chapters/chapter_03_chapel_of_thirteen_echoes/scenes/rooms/ch3_boss_ante_room.tscn	RoomHost/Ch3BossAnteRoom/BossAntechamber/Architecture	Node2D	RoomHost/Ch3BossAnteRoom/BossAntechamber	-60	-60	true	false	0	true	false	0.0,0.0	BackgroundArchitecture	-
CH3_BOSS_ANTE	res://chapters/chapter_03_chapel_of_thirteen_echoes/scenes/rooms/ch3_boss_ante_room.tscn	RoomHost/Ch3BossAnteRoom/BossAntechamber/Architecture/ConfessionTablets	Sprite2D	RoomHost/Ch3BossAnteRoom/BossAntechamber/Architecture	0	-60	true	false	0	true	true	832.0,323.0	BackgroundArchitecture	-
CH3_BOSS_ANTE	res://chapters/chapter_03_chapel_of_thirteen_echoes/scenes/rooms/ch3_boss_ante_room.tscn	RoomHost/Ch3BossAnteRoom/BossAntechamber/Architecture/LeftBellSaint	Sprite2D	RoomHost/Ch3BossAnteRoom/BossAntechamber/Architecture	0	-60	true	false	0	true	true	108.0,420.0	BackgroundArchitecture	-
CH3_BOSS_ANTE	res://chapters/chapter_03_chapel_of_thirteen_echoes/scenes/rooms/ch3_boss_ante_room.tscn	RoomHost/Ch3BossAnteRoom/BossAntechamber/Architecture/RightBellSaint	Sprite2D	RoomHost/Ch3BossAnteRoom/BossAntechamber/Architecture	0	-60	true	false	0	true	true	1556.0,420.0	BackgroundArchitecture	-
CH3_BOSS_ANTE	res://chapters/chapter_03_chapel_of_thirteen_echoes/scenes/rooms/ch3_boss_ante_room.tscn	RoomHost/Ch3BossAnteRoom/BossAntechamber/Architecture/LeftChoirStalls	Sprite2D	RoomHost/Ch3BossAnteRoom/BossAntechamber/Architecture	0	-60	true	false	0	true	true	432.0,518.0	BackgroundArchitecture	-
CH3_BOSS_ANTE	res://chapters/chapter_03_chapel_of_thirteen_echoes/scenes/rooms/ch3_boss_ante_room.tscn	RoomHost/Ch3BossAnteRoom/BossAntechamber/Architecture/RightChoirStalls	Sprite2D	RoomHost/Ch3BossAnteRoom/BossAntechamber/Architecture	0	-60	true	false	0	true	true	1232.0,518.0	BackgroundArchitecture	-
CH3_BOSS_ANTE	res://chapters/chapter_03_chapel_of_thirteen_echoes/scenes/rooms/ch3_boss_ante_room.tscn	RoomHost/Ch3BossAnteRoom/BossAntechamber/Architecture/BrokenLectern	Sprite2D	RoomHost/Ch3BossAnteRoom/BossAntechamber/Architecture	0	-60	true	false	0	true	true	824.0,500.0	BackgroundArchitecture	-
CH3_BOSS_ANTE	res://chapters/chapter_03_chapel_of_thirteen_echoes/scenes/rooms/ch3_boss_ante_room.tscn	RoomHost/Ch3BossAnteRoom/BossAntechamber/CheckpointVisual	Sprite2D	RoomHost/Ch3BossAnteRoom/BossAntechamber	14	14	true	false	0	true	true	214.0,508.0	PropsBehind	-
CH3_BOSS_ANTE	res://chapters/chapter_03_chapel_of_thirteen_echoes/scenes/rooms/ch3_boss_ante_room.tscn	RoomHost/Ch3BossAnteRoom/BossAntechamber/CP_CH3_BOSS	Marker2D	RoomHost/Ch3BossAnteRoom/BossAntechamber	0	0	true	false	0	true	false	214.0,584.0	Unknown	-
CH3_BOSS_ANTE	res://chapters/chapter_03_chapel_of_thirteen_echoes/scenes/rooms/ch3_boss_ante_room.tscn	RoomHost/Ch3BossAnteRoom/BossAntechamber/CheckpointArea	Area2D	RoomHost/Ch3BossAnteRoom/BossAntechamber	0	0	true	false	0	true	false	214.0,516.0	Door	-
CH3_BOSS_ANTE	res://chapters/chapter_03_chapel_of_thirteen_echoes/scenes/rooms/ch3_boss_ante_room.tscn	RoomHost/Ch3BossAnteRoom/BossAntechamber/CheckpointArea/CollisionShape2D	CollisionShape2D	RoomHost/Ch3BossAnteRoom/BossAntechamber/CheckpointArea	0	0	true	false	0	true	false	214.0,516.0	Door	-
CH3_BOSS_ANTE	res://chapters/chapter_03_chapel_of_thirteen_echoes/scenes/rooms/ch3_boss_ante_room.tscn	RoomHost/Ch3BossAnteRoom/BossAntechamber/Floor	StaticBody2D	RoomHost/Ch3BossAnteRoom/BossAntechamber	0	0	true	false	0	true	false	0.0,0.0	Ground	-
CH3_BOSS_ANTE	res://chapters/chapter_03_chapel_of_thirteen_echoes/scenes/rooms/ch3_boss_ante_room.tscn	RoomHost/Ch3BossAnteRoom/BossAntechamber/Floor/CollisionShape2D	CollisionShape2D	RoomHost/Ch3BossAnteRoom/BossAntechamber/Floor	0	0	true	false	0	true	false	832.0,666.0	Ground	-
CH3_BOSS_ANTE	res://chapters/chapter_03_chapel_of_thirteen_echoes/scenes/rooms/ch3_boss_ante_room.tscn	RoomHost/Ch3BossAnteRoom/BossAntechamber/AreaTitle	Panel	RoomHost/Ch3BossAnteRoom/BossAntechamber	14	14	true	false	0	true	true	0.0,0.0	UI	-
CH3_BOSS_ANTE	res://chapters/chapter_03_chapel_of_thirteen_echoes/scenes/rooms/ch3_boss_ante_room.tscn	RoomHost/Ch3BossAnteRoom/BossAntechamber/AreaTitle/Label	Label	RoomHost/Ch3BossAnteRoom/BossAntechamber/AreaTitle	0	14	true	false	0	true	true	0.0,0.0	UI	-
CH3_BOSS_ANTE	res://chapters/chapter_03_chapel_of_thirteen_echoes/scenes/rooms/ch3_boss_ante_room.tscn	RoomHost/Ch3BossAnteRoom/BossGate	Node2D	RoomHost/Ch3BossAnteRoom	0	0	true	false	0	true	false	1280.0,104.0	Door	res://chapters/chapter_03_chapel_of_thirteen_echoes/scripts/areas/chapter_03_boss_gate.gd
CH3_BOSS_ANTE	res://chapters/chapter_03_chapel_of_thirteen_echoes/scenes/rooms/ch3_boss_ante_room.tscn	RoomHost/Ch3BossAnteRoom/BossGate/Visuals	Node2D	RoomHost/Ch3BossAnteRoom/BossGate	14	14	true	false	0	true	false	1280.0,104.0	Door	-
CH3_BOSS_ANTE	res://chapters/chapter_03_chapel_of_thirteen_echoes/scenes/rooms/ch3_boss_ante_room.tscn	RoomHost/Ch3BossAnteRoom/BossGate/Visuals/GateClosed	Sprite2D	RoomHost/Ch3BossAnteRoom/BossGate/Visuals	0	14	true	false	0	true	true	1472.0,460.0	Door	-
CH3_BOSS_ANTE	res://chapters/chapter_03_chapel_of_thirteen_echoes/scenes/rooms/ch3_boss_ante_room.tscn	RoomHost/Ch3BossAnteRoom/BossGate/Visuals/GateLit	Sprite2D	RoomHost/Ch3BossAnteRoom/BossGate/Visuals	0	14	true	false	0	false	true	1472.0,460.0	Door	-
CH3_BOSS_ANTE	res://chapters/chapter_03_chapel_of_thirteen_echoes/scenes/rooms/ch3_boss_ante_room.tscn	RoomHost/Ch3BossAnteRoom/BossGate/Visuals/GateOpen	Sprite2D	RoomHost/Ch3BossAnteRoom/BossGate/Visuals	0	14	true	false	0	true	true	1472.0,460.0	Door	-
CH3_BOSS_ANTE	res://chapters/chapter_03_chapel_of_thirteen_echoes/scenes/rooms/ch3_boss_ante_room.tscn	RoomHost/Ch3BossAnteRoom/BossGate/Visuals/WaxCrack	Sprite2D	RoomHost/Ch3BossAnteRoom/BossGate/Visuals	0	14	true	false	0	false	true	1472.0,428.0	Door	-
CH3_BOSS_ANTE	res://chapters/chapter_03_chapel_of_thirteen_echoes/scenes/rooms/ch3_boss_ante_room.tscn	RoomHost/Ch3BossAnteRoom/BossGate/Visuals/Bells	Node2D	RoomHost/Ch3BossAnteRoom/BossGate/Visuals	0	14	true	false	0	true	false	1280.0,104.0	Door	-
CH3_BOSS_ANTE	res://chapters/chapter_03_chapel_of_thirteen_echoes/scenes/rooms/ch3_boss_ante_room.tscn	RoomHost/Ch3BossAnteRoom/BossGate/Visuals/Bells/Bell01	Sprite2D	RoomHost/Ch3BossAnteRoom/BossGate/Visuals/Bells	0	14	true	false	0	true	true	1306.0,270.0	Door	-
CH3_BOSS_ANTE	res://chapters/chapter_03_chapel_of_thirteen_echoes/scenes/rooms/ch3_boss_ante_room.tscn	RoomHost/Ch3BossAnteRoom/BossGate/Visuals/Bells/Bell02	Sprite2D	RoomHost/Ch3BossAnteRoom/BossGate/Visuals/Bells	0	14	true	false	0	true	true	1330.0,230.0	Door	-
CH3_BOSS_ANTE	res://chapters/chapter_03_chapel_of_thirteen_echoes/scenes/rooms/ch3_boss_ante_room.tscn	RoomHost/Ch3BossAnteRoom/BossGate/Visuals/Bells/Bell03	Sprite2D	RoomHost/Ch3BossAnteRoom/BossGate/Visuals/Bells	0	14	true	false	0	true	true	1356.0,198.0	Door	-
CH3_BOSS_ANTE	res://chapters/chapter_03_chapel_of_thirteen_echoes/scenes/rooms/ch3_boss_ante_room.tscn	RoomHost/Ch3BossAnteRoom/BossGate/Visuals/Bells/Bell04	Sprite2D	RoomHost/Ch3BossAnteRoom/BossGate/Visuals/Bells	0	14	true	false	0	true	true	1386.0,170.0	Door	-
CH3_BOSS_ANTE	res://chapters/chapter_03_chapel_of_thirteen_echoes/scenes/rooms/ch3_boss_ante_room.tscn	RoomHost/Ch3BossAnteRoom/BossGate/Visuals/Bells/Bell05	Sprite2D	RoomHost/Ch3BossAnteRoom/BossGate/Visuals/Bells	0	14	true	false	0	true	true	1418.0,148.0	Door	-
CH3_BOSS_ANTE	res://chapters/chapter_03_chapel_of_thirteen_echoes/scenes/rooms/ch3_boss_ante_room.tscn	RoomHost/Ch3BossAnteRoom/BossGate/Visuals/Bells/Bell06	Sprite2D	RoomHost/Ch3BossAnteRoom/BossGate/Visuals/Bells	0	14	true	false	0	true	true	1452.0,134.0	Door	-
CH3_BOSS_ANTE	res://chapters/chapter_03_chapel_of_thirteen_echoes/scenes/rooms/ch3_boss_ante_room.tscn	RoomHost/Ch3BossAnteRoom/BossGate/Visuals/Bells/Bell07	Sprite2D	RoomHost/Ch3BossAnteRoom/BossGate/Visuals/Bells	0	14	true	false	0	true	true	1472.0,128.0	Door	-
CH3_BOSS_ANTE	res://chapters/chapter_03_chapel_of_thirteen_echoes/scenes/rooms/ch3_boss_ante_room.tscn	RoomHost/Ch3BossAnteRoom/BossGate/Visuals/Bells/Bell08	Sprite2D	RoomHost/Ch3BossAnteRoom/BossGate/Visuals/Bells	0	14	true	false	0	true	true	1492.0,134.0	Door	-
CH3_BOSS_ANTE	res://chapters/chapter_03_chapel_of_thirteen_echoes/scenes/rooms/ch3_boss_ante_room.tscn	RoomHost/Ch3BossAnteRoom/BossGate/Visuals/Bells/Bell09	Sprite2D	RoomHost/Ch3BossAnteRoom/BossGate/Visuals/Bells	0	14	true	false	0	true	true	1526.0,148.0	Door	-
CH3_BOSS_ANTE	res://chapters/chapter_03_chapel_of_thirteen_echoes/scenes/rooms/ch3_boss_ante_room.tscn	RoomHost/Ch3BossAnteRoom/BossGate/Visuals/Bells/Bell10	Sprite2D	RoomHost/Ch3BossAnteRoom/BossGate/Visuals/Bells	0	14	true	false	0	true	true	1558.0,170.0	Door	-
CH3_BOSS_ANTE	res://chapters/chapter_03_chapel_of_thirteen_echoes/scenes/rooms/ch3_boss_ante_room.tscn	RoomHost/Ch3BossAnteRoom/BossGate/Visuals/Bells/Bell11	Sprite2D	RoomHost/Ch3BossAnteRoom/BossGate/Visuals/Bells	0	14	true	false	0	true	true	1588.0,198.0	Door	-
CH3_BOSS_ANTE	res://chapters/chapter_03_chapel_of_thirteen_echoes/scenes/rooms/ch3_boss_ante_room.tscn	RoomHost/Ch3BossAnteRoom/BossGate/Visuals/Bells/Bell12	Sprite2D	RoomHost/Ch3BossAnteRoom/BossGate/Visuals/Bells	0	14	true	false	0	true	true	1614.0,230.0	Door	-
CH3_BOSS_ANTE	res://chapters/chapter_03_chapel_of_thirteen_echoes/scenes/rooms/ch3_boss_ante_room.tscn	RoomHost/Ch3BossAnteRoom/BossGate/Visuals/Bells/Bell13	Sprite2D	RoomHost/Ch3BossAnteRoom/BossGate/Visuals/Bells	0	14	true	false	0	true	true	1638.0,270.0	Door	-
CH3_BOSS_ANTE	res://chapters/chapter_03_chapel_of_thirteen_echoes/scenes/rooms/ch3_boss_ante_room.tscn	RoomHost/Ch3BossAnteRoom/BossGate/Visuals/SealLights	Node2D	RoomHost/Ch3BossAnteRoom/BossGate/Visuals	0	14	true	false	0	true	false	1280.0,104.0	Door	-
CH3_BOSS_ANTE	res://chapters/chapter_03_chapel_of_thirteen_echoes/scenes/rooms/ch3_boss_ante_room.tscn	RoomHost/Ch3BossAnteRoom/BossGate/Visuals/SealLights/Seal01	Sprite2D	RoomHost/Ch3BossAnteRoom/BossGate/Visuals/SealLights	0	14	true	false	0	false	true	1358.0,294.0	Door	-
CH3_BOSS_ANTE	res://chapters/chapter_03_chapel_of_thirteen_echoes/scenes/rooms/ch3_boss_ante_room.tscn	RoomHost/Ch3BossAnteRoom/BossGate/Visuals/SealLights/Seal02	Sprite2D	RoomHost/Ch3BossAnteRoom/BossGate/Visuals/SealLights	0	14	true	false	0	false	true	1424.0,294.0	Door	-
CH3_BOSS_ANTE	res://chapters/chapter_03_chapel_of_thirteen_echoes/scenes/rooms/ch3_boss_ante_room.tscn	RoomHost/Ch3BossAnteRoom/BossGate/Visuals/SealLights/Seal03	Sprite2D	RoomHost/Ch3BossAnteRoom/BossGate/Visuals/SealLights	0	14	true	false	0	false	true	1490.0,294.0	Door	-
CH3_BOSS_ANTE	res://chapters/chapter_03_chapel_of_thirteen_echoes/scenes/rooms/ch3_boss_ante_room.tscn	RoomHost/Ch3BossAnteRoom/BossGate/Visuals/SealLights/Seal04	Sprite2D	RoomHost/Ch3BossAnteRoom/BossGate/Visuals/SealLights	0	14	true	false	0	false	true	1556.0,294.0	Door	-
CH3_BOSS_ANTE	res://chapters/chapter_03_chapel_of_thirteen_echoes/scenes/rooms/ch3_boss_ante_room.tscn	RoomHost/Ch3BossAnteRoom/BossGate/Visuals/SealLights/Seal05	Sprite2D	RoomHost/Ch3BossAnteRoom/BossGate/Visuals/SealLights	0	14	true	false	0	false	true	1358.0,366.0	Door	-
CH3_BOSS_ANTE	res://chapters/chapter_03_chapel_of_thirteen_echoes/scenes/rooms/ch3_boss_ante_room.tscn	RoomHost/Ch3BossAnteRoom/BossGate/Visuals/SealLights/Seal06	Sprite2D	RoomHost/Ch3BossAnteRoom/BossGate/Visuals/SealLights	0	14	true	false	0	false	true	1424.0,366.0	Door	-
CH3_BOSS_ANTE	res://chapters/chapter_03_chapel_of_thirteen_echoes/scenes/rooms/ch3_boss_ante_room.tscn	RoomHost/Ch3BossAnteRoom/BossGate/Visuals/SealLights/Seal07	Sprite2D	RoomHost/Ch3BossAnteRoom/BossGate/Visuals/SealLights	0	14	true	false	0	false	true	1490.0,366.0	Door	-
CH3_BOSS_ANTE	res://chapters/chapter_03_chapel_of_thirteen_echoes/scenes/rooms/ch3_boss_ante_room.tscn	RoomHost/Ch3BossAnteRoom/BossGate/Visuals/SealLights/Seal08	Sprite2D	RoomHost/Ch3BossAnteRoom/BossGate/Visuals/SealLights	0	14	true	false	0	false	true	1556.0,366.0	Door	-
CH3_BOSS_ANTE	res://chapters/chapter_03_chapel_of_thirteen_echoes/scenes/rooms/ch3_boss_ante_room.tscn	RoomHost/Ch3BossAnteRoom/BossGate/Visuals/SealLights/Seal09	Sprite2D	RoomHost/Ch3BossAnteRoom/BossGate/Visuals/SealLights	0	14	true	false	0	false	true	1358.0,438.0	Door	-
CH3_BOSS_ANTE	res://chapters/chapter_03_chapel_of_thirteen_echoes/scenes/rooms/ch3_boss_ante_room.tscn	RoomHost/Ch3BossAnteRoom/BossGate/Visuals/SealLights/Seal10	Sprite2D	RoomHost/Ch3BossAnteRoom/BossGate/Visuals/SealLights	0	14	true	false	0	false	true	1424.0,438.0	Door	-
CH3_BOSS_ANTE	res://chapters/chapter_03_chapel_of_thirteen_echoes/scenes/rooms/ch3_boss_ante_room.tscn	RoomHost/Ch3BossAnteRoom/BossGate/Visuals/SealLights/Seal11	Sprite2D	RoomHost/Ch3BossAnteRoom/BossGate/Visuals/SealLights	0	14	true	false	0	false	true	1490.0,438.0	Door	-
CH3_BOSS_ANTE	res://chapters/chapter_03_chapel_of_thirteen_echoes/scenes/rooms/ch3_boss_ante_room.tscn	RoomHost/Ch3BossAnteRoom/BossGate/Visuals/SealLights/Seal12	Sprite2D	RoomHost/Ch3BossAnteRoom/BossGate/Visuals/SealLights	0	14	true	false	0	false	true	1556.0,438.0	Door	-
CH3_BOSS_ANTE	res://chapters/chapter_03_chapel_of_thirteen_echoes/scenes/rooms/ch3_boss_ante_room.tscn	RoomHost/Ch3BossAnteRoom/BossGate/Visuals/SealLights/Seal13	Sprite2D	RoomHost/Ch3BossAnteRoom/BossGate/Visuals/SealLights	0	14	true	false	0	false	true	1358.0,510.0	Door	-
CH3_BOSS_ANTE	res://chapters/chapter_03_chapel_of_thirteen_echoes/scenes/rooms/ch3_boss_ante_room.tscn	RoomHost/Ch3BossAnteRoom/BossGate/GateBlocker	StaticBody2D	RoomHost/Ch3BossAnteRoom/BossGate	0	0	true	false	0	true	false	1280.0,104.0	Door	-
CH3_BOSS_ANTE	res://chapters/chapter_03_chapel_of_thirteen_echoes/scenes/rooms/ch3_boss_ante_room.tscn	RoomHost/Ch3BossAnteRoom/BossGate/GateBlocker/CollisionShape2D	CollisionShape2D	RoomHost/Ch3BossAnteRoom/BossGate/GateBlocker	0	0	true	false	0	true	false	1472.0,506.0	Door	-
CH3_BOSS_ANTE	res://chapters/chapter_03_chapel_of_thirteen_echoes/scenes/rooms/ch3_boss_ante_room.tscn	RoomHost/Ch3BossAnteRoom/BossGate/GateTrigger	Area2D	RoomHost/Ch3BossAnteRoom/BossGate	0	0	true	false	0	true	false	1222.0,620.0	Door	-
CH3_BOSS_ANTE	res://chapters/chapter_03_chapel_of_thirteen_echoes/scenes/rooms/ch3_boss_ante_room.tscn	RoomHost/Ch3BossAnteRoom/BossGate/GateTrigger/CollisionShape2D	CollisionShape2D	RoomHost/Ch3BossAnteRoom/BossGate/GateTrigger	0	0	true	false	0	true	false	1222.0,620.0	Door	-
CH3_BOSS_ANTE	res://chapters/chapter_03_chapel_of_thirteen_echoes/scenes/rooms/ch3_boss_ante_room.tscn	RoomHost/Ch3BossAnteRoom/BossGate/Audio/BellSequence	AudioStreamPlayer2D	RoomHost/Ch3BossAnteRoom/BossGate/Audio	0	0	true	false	0	true	false	192.0,230.0	Door	-
CH3_BOSS_ANTE	res://chapters/chapter_03_chapel_of_thirteen_echoes/scenes/rooms/ch3_boss_ante_room.tscn	RoomHost/Ch3BossAnteRoom/BossGate/Audio/WaxBreak	AudioStreamPlayer2D	RoomHost/Ch3BossAnteRoom/BossGate/Audio	0	0	true	false	0	true	false	192.0,324.0	Door	-
CH3_BOSS_ANTE	res://chapters/chapter_03_chapel_of_thirteen_echoes/scenes/rooms/ch3_boss_ante_room.tscn	RoomHost/Ch3BossAnteRoom/BossGate/Audio/DoorOpen	AudioStreamPlayer2D	RoomHost/Ch3BossAnteRoom/BossGate/Audio	0	0	true	false	0	true	false	192.0,390.0	Door	-
CH3_BOSS_ANTE	res://chapters/chapter_03_chapel_of_thirteen_echoes/scenes/rooms/ch3_boss_ante_room.tscn	RoomHost/Ch3BossAnteRoom/BossGate/GateName	Panel	RoomHost/Ch3BossAnteRoom/BossGate	14	14	true	false	0	true	true	0.0,0.0	UI	-
CH3_BOSS_ANTE	res://chapters/chapter_03_chapel_of_thirteen_echoes/scenes/rooms/ch3_boss_ante_room.tscn	RoomHost/Ch3BossAnteRoom/BossGate/GateName/Label	Label	RoomHost/Ch3BossAnteRoom/BossGate/GateName	0	14	true	false	0	true	true	0.0,0.0	UI	-
CH3_BOSS_ANTE	res://chapters/chapter_03_chapel_of_thirteen_echoes/scenes/rooms/ch3_boss_ante_room.tscn	RoomHost/Ch3BossAnteRoom/BossGate/InteractionPrompt	Label	RoomHost/Ch3BossAnteRoom/BossGate	14	14	true	false	0	false	true	0.0,0.0	UI	-
CH3_BOSS_ANTE	res://chapters/chapter_03_chapel_of_thirteen_echoes/scenes/rooms/ch3_boss_ante_room.tscn	RoomHost/Ch3BossAnteRoom/BossGate/TransitionFade/Fade	ColorRect	RoomHost/Ch3BossAnteRoom/BossGate/TransitionFade	0	0	true	false	90	false	true	0.0,0.0	UI	-
CH3_BOSS_ANTE	res://chapters/chapter_03_chapel_of_thirteen_echoes/scenes/rooms/ch3_boss_ante_room.tscn	RoomHost/Ch3BossAnteRoom/SpawnPoints	Node2D	RoomHost/Ch3BossAnteRoom	0	0	true	false	0	true	false	0.0,0.0	Unknown	-
CH3_BOSS_ANTE	res://chapters/chapter_03_chapel_of_thirteen_echoes/scenes/rooms/ch3_boss_ante_room.tscn	RoomHost/Ch3BossAnteRoom/SpawnPoints/EntryWest	Marker2D	RoomHost/Ch3BossAnteRoom/SpawnPoints	0	0	true	false	0	true	false	160.0,584.0	Unknown	-
CH3_BOSS	res://chapters/chapter_03_chapel_of_thirteen_echoes/scenes/rooms/ch3_boss_sanctum_room.tscn	RoomHost/Ch3BossSanctumRoom	Node2D	RoomHost	0	0	true	false	0	true	false	0.0,0.0	Unknown	res://chapters/chapter_03_chapel_of_thirteen_echoes/scripts/level/chapter_03_boss_sanctum_room.gd
CH3_BOSS	res://chapters/chapter_03_chapel_of_thirteen_echoes/scenes/rooms/ch3_boss_sanctum_room.tscn	RoomHost/Ch3BossSanctumRoom/BossSanctum	Node2D	RoomHost/Ch3BossSanctumRoom	0	0	true	false	0	true	false	0.0,0.0	Unknown	res://chapters/chapter_03_chapel_of_thirteen_echoes/scripts/areas/chapter_03_boss_sanctum.gd
CH3_BOSS	res://chapters/chapter_03_chapel_of_thirteen_echoes/scenes/rooms/ch3_boss_sanctum_room.tscn	RoomHost/Ch3BossSanctumRoom/BossSanctum/Backdrop	Sprite2D	RoomHost/Ch3BossSanctumRoom/BossSanctum	-100	-100	true	false	0	true	true	1600.0,360.0	BackgroundArchitecture	-
CH3_BOSS	res://chapters/chapter_03_chapel_of_thirteen_echoes/scenes/rooms/ch3_boss_sanctum_room.tscn	RoomHost/Ch3BossSanctumRoom/BossSanctum/DeepArchitecture	Node2D	RoomHost/Ch3BossSanctumRoom/BossSanctum	-60	-60	true	false	0	true	false	0.0,0.0	BackgroundArchitecture	-
CH3_BOSS	res://chapters/chapter_03_chapel_of_thirteen_echoes/scenes/rooms/ch3_boss_sanctum_room.tscn	RoomHost/Ch3BossSanctumRoom/BossSanctum/DeepArchitecture/LeftOrgan	Sprite2D	RoomHost/Ch3BossSanctumRoom/BossSanctum/DeepArchitecture	0	-60	true	false	0	true	true	470.0,335.0	BackgroundArchitecture	-
CH3_BOSS	res://chapters/chapter_03_chapel_of_thirteen_echoes/scenes/rooms/ch3_boss_sanctum_room.tscn	RoomHost/Ch3BossSanctumRoom/BossSanctum/DeepArchitecture/RightOrgan	Sprite2D	RoomHost/Ch3BossSanctumRoom/BossSanctum/DeepArchitecture	0	-60	true	false	0	true	true	2730.0,335.0	BackgroundArchitecture	-
CH3_BOSS	res://chapters/chapter_03_chapel_of_thirteen_echoes/scenes/rooms/ch3_boss_sanctum_room.tscn	RoomHost/Ch3BossSanctumRoom/BossSanctum/DeepArchitecture/ThirteenfoldAbsolution	Sprite2D	RoomHost/Ch3BossSanctumRoom/BossSanctum/DeepArchitecture	0	-60	true	false	0	true	true	1600.0,260.0	BackgroundArchitecture	-
CH3_BOSS	res://chapters/chapter_03_chapel_of_thirteen_echoes/scenes/rooms/ch3_boss_sanctum_room.tscn	RoomHost/Ch3BossSanctumRoom/BossSanctum/DeepArchitecture/LeftChoirStalls	Sprite2D	RoomHost/Ch3BossSanctumRoom/BossSanctum/DeepArchitecture	0	-60	true	false	0	true	true	970.0,485.0	BackgroundArchitecture	-
CH3_BOSS	res://chapters/chapter_03_chapel_of_thirteen_echoes/scenes/rooms/ch3_boss_sanctum_room.tscn	RoomHost/Ch3BossSanctumRoom/BossSanctum/DeepArchitecture/RightChoirStalls	Sprite2D	RoomHost/Ch3BossSanctumRoom/BossSanctum/DeepArchitecture	0	-60	true	false	0	true	true	2230.0,485.0	BackgroundArchitecture	-
CH3_BOSS	res://chapters/chapter_03_chapel_of_thirteen_echoes/scenes/rooms/ch3_boss_sanctum_room.tscn	RoomHost/Ch3BossSanctumRoom/BossSanctum/Presentation	Node2D	RoomHost/Ch3BossSanctumRoom/BossSanctum	0	0	true	false	0	true	false	0.0,0.0	Unknown	-
CH3_BOSS	res://chapters/chapter_03_chapel_of_thirteen_echoes/scenes/rooms/ch3_boss_sanctum_room.tscn	RoomHost/Ch3BossSanctumRoom/BossSanctum/Presentation/RitualFloor	Sprite2D	RoomHost/Ch3BossSanctumRoom/BossSanctum/Presentation	-10	-10	true	false	0	true	true	1600.0,548.0	Ground	-
CH3_BOSS	res://chapters/chapter_03_chapel_of_thirteen_echoes/scenes/rooms/ch3_boss_sanctum_room.tscn	RoomHost/Ch3BossSanctumRoom/BossSanctum/Presentation/Altar	Sprite2D	RoomHost/Ch3BossSanctumRoom/BossSanctum/Presentation	-30	-30	true	false	0	true	true	1600.0,470.0	PropsBehind	-
CH3_BOSS	res://chapters/chapter_03_chapel_of_thirteen_echoes/scenes/rooms/ch3_boss_sanctum_room.tscn	RoomHost/Ch3BossSanctumRoom/BossSanctum/Presentation/CollapsedAltar	Sprite2D	RoomHost/Ch3BossSanctumRoom/BossSanctum/Presentation	-30	-30	true	false	0	false	true	1600.0,470.0	PropsBehind	-
CH3_BOSS	res://chapters/chapter_03_chapel_of_thirteen_echoes/scenes/rooms/ch3_boss_sanctum_room.tscn	RoomHost/Ch3BossSanctumRoom/BossSanctum/Presentation/ConfessorLectern	Sprite2D	RoomHost/Ch3BossSanctumRoom/BossSanctum/Presentation	-30	-30	true	false	0	true	true	1600.0,435.0	PropsBehind	-
CH3_BOSS	res://chapters/chapter_03_chapel_of_thirteen_echoes/scenes/rooms/ch3_boss_sanctum_room.tscn	RoomHost/Ch3BossSanctumRoom/BossSanctum/Presentation/RitualRegistry	Sprite2D	RoomHost/Ch3BossSanctumRoom/BossSanctum/Presentation	-30	-30	true	false	0	true	true	1600.0,392.0	PropsBehind	-
CH3_BOSS	res://chapters/chapter_03_chapel_of_thirteen_echoes/scenes/rooms/ch3_boss_sanctum_room.tscn	RoomHost/Ch3BossSanctumRoom/BossSanctum/Presentation/LeftCensers	Sprite2D	RoomHost/Ch3BossSanctumRoom/BossSanctum/Presentation	-30	-30	true	false	0	true	true	1250.0,250.0	PropsBehind	-
CH3_BOSS	res://chapters/chapter_03_chapel_of_thirteen_echoes/scenes/rooms/ch3_boss_sanctum_room.tscn	RoomHost/Ch3BossSanctumRoom/BossSanctum/Presentation/RightCensers	Sprite2D	RoomHost/Ch3BossSanctumRoom/BossSanctum/Presentation	-30	-30	true	false	0	true	true	1950.0,250.0	PropsBehind	-
CH3_BOSS	res://chapters/chapter_03_chapel_of_thirteen_echoes/scenes/rooms/ch3_boss_sanctum_room.tscn	RoomHost/Ch3BossSanctumRoom/BossSanctum/Presentation/Candles	Node2D	RoomHost/Ch3BossSanctumRoom/BossSanctum/Presentation	-30	-30	true	false	0	true	false	0.0,0.0	PropsBehind	-
CH3_BOSS	res://chapters/chapter_03_chapel_of_thirteen_echoes/scenes/rooms/ch3_boss_sanctum_room.tscn	RoomHost/Ch3BossSanctumRoom/BossSanctum/Presentation/Candles/Candle01	Sprite2D	RoomHost/Ch3BossSanctumRoom/BossSanctum/Presentation/Candles	0	-30	true	false	0	false	true	1208.0,526.0	PropsBehind	-
CH3_BOSS	res://chapters/chapter_03_chapel_of_thirteen_echoes/scenes/rooms/ch3_boss_sanctum_room.tscn	RoomHost/Ch3BossSanctumRoom/BossSanctum/Presentation/Candles/Candle02	Sprite2D	RoomHost/Ch3BossSanctumRoom/BossSanctum/Presentation/Candles	0	-30	true	false	0	false	true	1274.0,514.0	PropsBehind	-
CH3_BOSS	res://chapters/chapter_03_chapel_of_thirteen_echoes/scenes/rooms/ch3_boss_sanctum_room.tscn	RoomHost/Ch3BossSanctumRoom/BossSanctum/Presentation/Candles/Candle03	Sprite2D	RoomHost/Ch3BossSanctumRoom/BossSanctum/Presentation/Candles	0	-30	true	false	0	false	true	1340.0,526.0	PropsBehind	-
CH3_BOSS	res://chapters/chapter_03_chapel_of_thirteen_echoes/scenes/rooms/ch3_boss_sanctum_room.tscn	RoomHost/Ch3BossSanctumRoom/BossSanctum/Presentation/Candles/Candle04	Sprite2D	RoomHost/Ch3BossSanctumRoom/BossSanctum/Presentation/Candles	0	-30	true	false	0	false	true	1406.0,510.0	PropsBehind	-
CH3_BOSS	res://chapters/chapter_03_chapel_of_thirteen_echoes/scenes/rooms/ch3_boss_sanctum_room.tscn	RoomHost/Ch3BossSanctumRoom/BossSanctum/Presentation/Candles/Candle05	Sprite2D	RoomHost/Ch3BossSanctumRoom/BossSanctum/Presentation/Candles	0	-30	true	false	0	false	true	1472.0,526.0	PropsBehind	-
CH3_BOSS	res://chapters/chapter_03_chapel_of_thirteen_echoes/scenes/rooms/ch3_boss_sanctum_room.tscn	RoomHost/Ch3BossSanctumRoom/BossSanctum/Presentation/Candles/Candle06	Sprite2D	RoomHost/Ch3BossSanctumRoom/BossSanctum/Presentation/Candles	0	-30	true	false	0	false	true	1538.0,510.0	PropsBehind	-
CH3_BOSS	res://chapters/chapter_03_chapel_of_thirteen_echoes/scenes/rooms/ch3_boss_sanctum_room.tscn	RoomHost/Ch3BossSanctumRoom/BossSanctum/Presentation/Candles/Candle07	Sprite2D	RoomHost/Ch3BossSanctumRoom/BossSanctum/Presentation/Candles	0	-30	true	false	0	false	true	1600.0,526.0	PropsBehind	-
CH3_BOSS	res://chapters/chapter_03_chapel_of_thirteen_echoes/scenes/rooms/ch3_boss_sanctum_room.tscn	RoomHost/Ch3BossSanctumRoom/BossSanctum/Presentation/Candles/Candle08	Sprite2D	RoomHost/Ch3BossSanctumRoom/BossSanctum/Presentation/Candles	0	-30	true	false	0	false	true	1662.0,510.0	PropsBehind	-
CH3_BOSS	res://chapters/chapter_03_chapel_of_thirteen_echoes/scenes/rooms/ch3_boss_sanctum_room.tscn	RoomHost/Ch3BossSanctumRoom/BossSanctum/Presentation/Candles/Candle09	Sprite2D	RoomHost/Ch3BossSanctumRoom/BossSanctum/Presentation/Candles	0	-30	true	false	0	false	true	1728.0,526.0	PropsBehind	-
CH3_BOSS	res://chapters/chapter_03_chapel_of_thirteen_echoes/scenes/rooms/ch3_boss_sanctum_room.tscn	RoomHost/Ch3BossSanctumRoom/BossSanctum/Presentation/Candles/Candle10	Sprite2D	RoomHost/Ch3BossSanctumRoom/BossSanctum/Presentation/Candles	0	-30	true	false	0	false	true	1794.0,510.0	PropsBehind	-
CH3_BOSS	res://chapters/chapter_03_chapel_of_thirteen_echoes/scenes/rooms/ch3_boss_sanctum_room.tscn	RoomHost/Ch3BossSanctumRoom/BossSanctum/Presentation/Candles/Candle11	Sprite2D	RoomHost/Ch3BossSanctumRoom/BossSanctum/Presentation/Candles	0	-30	true	false	0	false	true	1860.0,526.0	PropsBehind	-
CH3_BOSS	res://chapters/chapter_03_chapel_of_thirteen_echoes/scenes/rooms/ch3_boss_sanctum_room.tscn	RoomHost/Ch3BossSanctumRoom/BossSanctum/Presentation/Candles/Candle12	Sprite2D	RoomHost/Ch3BossSanctumRoom/BossSanctum/Presentation/Candles	0	-30	true	false	0	false	true	1926.0,514.0	PropsBehind	-
CH3_BOSS	res://chapters/chapter_03_chapel_of_thirteen_echoes/scenes/rooms/ch3_boss_sanctum_room.tscn	RoomHost/Ch3BossSanctumRoom/BossSanctum/Presentation/Candles/Candle13	Sprite2D	RoomHost/Ch3BossSanctumRoom/BossSanctum/Presentation/Candles	0	-30	true	false	0	false	true	1992.0,526.0	PropsBehind	-
CH3_BOSS	res://chapters/chapter_03_chapel_of_thirteen_echoes/scenes/rooms/ch3_boss_sanctum_room.tscn	RoomHost/Ch3BossSanctumRoom/BossSanctum/Presentation/Incense	Sprite2D	RoomHost/Ch3BossSanctumRoom/BossSanctum/Presentation	-30	-30	true	false	0	true	true	1180.0,300.0	PropsBehind	-
CH3_BOSS	res://chapters/chapter_03_chapel_of_thirteen_echoes/scenes/rooms/ch3_boss_sanctum_room.tscn	RoomHost/Ch3BossSanctumRoom/BossSanctum/Presentation/Resonance	Sprite2D	RoomHost/Ch3BossSanctumRoom/BossSanctum/Presentation	-20	-20	true	false	0	false	true	1600.0,340.0	CombatFX	-
CH3_BOSS	res://chapters/chapter_03_chapel_of_thirteen_echoes/scenes/rooms/ch3_boss_sanctum_room.tscn	RoomHost/Ch3BossSanctumRoom/BossSanctum/Presentation/StainedGlassCrack	Sprite2D	RoomHost/Ch3BossSanctumRoom/BossSanctum/Presentation	-60	-60	true	false	0	false	true	1600.0,260.0	Unknown	-
CH3_BOSS	res://chapters/chapter_03_chapel_of_thirteen_echoes/scenes/rooms/ch3_boss_sanctum_room.tscn	RoomHost/Ch3BossSanctumRoom/BossSanctum/BossIntegrationAnchor	Marker2D	RoomHost/Ch3BossSanctumRoom/BossSanctum	0	0	true	false	0	true	false	1680.0,584.0	Unknown	-
CH3_BOSS	res://chapters/chapter_03_chapel_of_thirteen_echoes/scenes/rooms/ch3_boss_sanctum_room.tscn	RoomHost/Ch3BossSanctumRoom/BossSanctum/PlayerEntry	Marker2D	RoomHost/Ch3BossSanctumRoom/BossSanctum	0	0	true	false	0	true	false	160.0,584.0	Player	-
CH3_BOSS	res://chapters/chapter_03_chapel_of_thirteen_echoes/scenes/rooms/ch3_boss_sanctum_room.tscn	RoomHost/Ch3BossSanctumRoom/BossSanctum/IntroCamera	Camera2D	RoomHost/Ch3BossSanctumRoom/BossSanctum	0	0	true	false	0	true	false	520.0,360.0	Unknown	-
CH3_BOSS	res://chapters/chapter_03_chapel_of_thirteen_echoes/scenes/rooms/ch3_boss_sanctum_room.tscn	RoomHost/Ch3BossSanctumRoom/BossSanctum/IntroTrigger	Area2D	RoomHost/Ch3BossSanctumRoom/BossSanctum	0	0	true	false	0	true	false	230.0,450.0	Unknown	-
CH3_BOSS	res://chapters/chapter_03_chapel_of_thirteen_echoes/scenes/rooms/ch3_boss_sanctum_room.tscn	RoomHost/Ch3BossSanctumRoom/BossSanctum/IntroTrigger/CollisionShape2D	CollisionShape2D	RoomHost/Ch3BossSanctumRoom/BossSanctum/IntroTrigger	0	0	true	false	0	true	false	230.0,450.0	Unknown	-
CH3_BOSS	res://chapters/chapter_03_chapel_of_thirteen_echoes/scenes/rooms/ch3_boss_sanctum_room.tscn	RoomHost/Ch3BossSanctumRoom/BossSanctum/Floor	StaticBody2D	RoomHost/Ch3BossSanctumRoom/BossSanctum	0	0	true	false	0	true	false	0.0,0.0	Ground	-
CH3_BOSS	res://chapters/chapter_03_chapel_of_thirteen_echoes/scenes/rooms/ch3_boss_sanctum_room.tscn	RoomHost/Ch3BossSanctumRoom/BossSanctum/Floor/CollisionShape2D	CollisionShape2D	RoomHost/Ch3BossSanctumRoom/BossSanctum/Floor	0	0	true	false	0	true	false	1600.0,666.0	Ground	-
CH3_BOSS	res://chapters/chapter_03_chapel_of_thirteen_echoes/scenes/rooms/ch3_boss_sanctum_room.tscn	RoomHost/Ch3BossSanctumRoom/BossSanctum/BossExitBlocker	StaticBody2D	RoomHost/Ch3BossSanctumRoom/BossSanctum	0	0	true	false	0	true	false	0.0,0.0	Door	-
CH3_BOSS	res://chapters/chapter_03_chapel_of_thirteen_echoes/scenes/rooms/ch3_boss_sanctum_room.tscn	RoomHost/Ch3BossSanctumRoom/BossSanctum/BossExitBlocker/CollisionShape2D	CollisionShape2D	RoomHost/Ch3BossSanctumRoom/BossSanctum/BossExitBlocker	0	0	true	false	0	true	false	3176.0,402.0	Door	-
CH3_BOSS	res://chapters/chapter_03_chapel_of_thirteen_echoes/scenes/rooms/ch3_boss_sanctum_room.tscn	RoomHost/Ch3BossSanctumRoom/BossSanctum/SanctumTitle	Label	RoomHost/Ch3BossSanctumRoom/BossSanctum	14	14	true	false	0	true	true	0.0,0.0	UI	-
CH3_BOSS	res://chapters/chapter_03_chapel_of_thirteen_echoes/scenes/rooms/ch3_boss_sanctum_room.tscn	RoomHost/Ch3BossSanctumRoom/BossSanctum/BossIntroOverlay/BossTitle	VBoxContainer	RoomHost/Ch3BossSanctumRoom/BossSanctum/BossIntroOverlay	0	0	true	false	70	false	false	0.0,0.0	UI	-
CH3_BOSS	res://chapters/chapter_03_chapel_of_thirteen_echoes/scenes/rooms/ch3_boss_sanctum_room.tscn	RoomHost/Ch3BossSanctumRoom/BossSanctum/BossIntroOverlay/BossTitle/Name	Label	RoomHost/Ch3BossSanctumRoom/BossSanctum/BossIntroOverlay/BossTitle	0	0	true	false	70	false	true	0.0,0.0	UI	-
CH3_BOSS	res://chapters/chapter_03_chapel_of_thirteen_echoes/scenes/rooms/ch3_boss_sanctum_room.tscn	RoomHost/Ch3BossSanctumRoom/BossSanctum/BossIntroOverlay/BossTitle/Epithet	Label	RoomHost/Ch3BossSanctumRoom/BossSanctum/BossIntroOverlay/BossTitle	0	0	true	false	70	false	true	0.0,0.0	UI	-
CH3_BOSS	res://chapters/chapter_03_chapel_of_thirteen_echoes/scenes/rooms/ch3_boss_sanctum_room.tscn	RoomHost/Ch3BossSanctumRoom/SpawnPoints	Node2D	RoomHost/Ch3BossSanctumRoom	0	0	true	false	0	true	false	0.0,0.0	Unknown	-
CH3_BOSS	res://chapters/chapter_03_chapel_of_thirteen_echoes/scenes/rooms/ch3_boss_sanctum_room.tscn	RoomHost/Ch3BossSanctumRoom/SpawnPoints/EntryWest	Marker2D	RoomHost/Ch3BossSanctumRoom/SpawnPoints	0	0	true	false	0	true	false	240.0,584.0	Unknown	-
CH3_BOSS	res://chapters/chapter_03_chapel_of_thirteen_echoes/scenes/rooms/ch3_boss_sanctum_room.tscn	RoomHost/Ch3BossSanctumRoom/PostBossExit	Area2D	RoomHost/Ch3BossSanctumRoom	0	0	true	false	0	true	false	3050.0,470.0	Door	res://chapters/chapter_03_chapel_of_thirteen_echoes/scripts/level/chapter_03_room_exit.gd
CH3_BOSS	res://chapters/chapter_03_chapel_of_thirteen_echoes/scenes/rooms/ch3_boss_sanctum_room.tscn	RoomHost/Ch3BossSanctumRoom/PostBossExit/CollisionShape2D	CollisionShape2D	RoomHost/Ch3BossSanctumRoom/PostBossExit	0	0	true	false	0	true	false	3050.0,470.0	Door	-
CH3_POST_BOSS	res://chapters/chapter_03_chapel_of_thirteen_echoes/scenes/rooms/ch3_post_boss_room.tscn	RoomHost/Ch3PostBossRoom	Node2D	RoomHost	0	0	true	false	0	true	false	0.0,0.0	Unknown	res://chapters/chapter_03_chapel_of_thirteen_echoes/scripts/level/chapter_03_post_boss_room.gd
CH3_POST_BOSS	res://chapters/chapter_03_chapel_of_thirteen_echoes/scenes/rooms/ch3_post_boss_room.tscn	RoomHost/Ch3PostBossRoom/PostBossReliquary	Node2D	RoomHost/Ch3PostBossRoom	0	0	true	false	0	true	false	0.0,0.0	PropsBehind	res://chapters/chapter_03_chapel_of_thirteen_echoes/scripts/areas/chapter_03_post_boss_reliquary.gd
CH3_POST_BOSS	res://chapters/chapter_03_chapel_of_thirteen_echoes/scenes/rooms/ch3_post_boss_room.tscn	RoomHost/Ch3PostBossRoom/PostBossReliquary/Backdrop	Sprite2D	RoomHost/Ch3PostBossRoom/PostBossReliquary	-100	-100	true	false	0	true	true	640.0,360.0	BackgroundArchitecture	-
CH3_POST_BOSS	res://chapters/chapter_03_chapel_of_thirteen_echoes/scenes/rooms/ch3_post_boss_room.tscn	RoomHost/Ch3PostBossRoom/PostBossReliquary/LastConfessionReliquary	Sprite2D	RoomHost/Ch3PostBossRoom/PostBossReliquary	-30	-30	true	false	0	true	true	590.0,490.0	PropsBehind	-
CH3_POST_BOSS	res://chapters/chapter_03_chapel_of_thirteen_echoes/scenes/rooms/ch3_post_boss_room.tscn	RoomHost/Ch3PostBossRoom/PostBossReliquary/BrokenBellSaint	Sprite2D	RoomHost/Ch3PostBossRoom/PostBossReliquary	-30	-30	true	false	0	true	true	258.0,430.0	PropsBehind	-
CH3_POST_BOSS	res://chapters/chapter_03_chapel_of_thirteen_echoes/scenes/rooms/ch3_post_boss_room.tscn	RoomHost/Ch3PostBossRoom/PostBossReliquary/LeftCandle	Sprite2D	RoomHost/Ch3PostBossRoom/PostBossReliquary	-30	-30	true	false	0	true	true	470.0,536.0	PropsBehind	-
CH3_POST_BOSS	res://chapters/chapter_03_chapel_of_thirteen_echoes/scenes/rooms/ch3_post_boss_room.tscn	RoomHost/Ch3PostBossRoom/PostBossReliquary/RightCandle	Sprite2D	RoomHost/Ch3PostBossRoom/PostBossReliquary	-30	-30	true	false	0	true	true	710.0,536.0	PropsBehind	-
CH3_POST_BOSS	res://chapters/chapter_03_chapel_of_thirteen_echoes/scenes/rooms/ch3_post_boss_room.tscn	RoomHost/Ch3PostBossRoom/PostBossReliquary/DescentSeal	Node2D	RoomHost/Ch3PostBossRoom/PostBossReliquary	-30	-30	true	false	0	true	false	0.0,0.0	Door	-
CH3_POST_BOSS	res://chapters/chapter_03_chapel_of_thirteen_echoes/scenes/rooms/ch3_post_boss_room.tscn	RoomHost/Ch3PostBossRoom/PostBossReliquary/DescentSeal/Sealed	Sprite2D	RoomHost/Ch3PostBossRoom/PostBossReliquary/DescentSeal	0	-30	true	false	0	true	true	1110.0,430.0	Door	-
CH3_POST_BOSS	res://chapters/chapter_03_chapel_of_thirteen_echoes/scenes/rooms/ch3_post_boss_room.tscn	RoomHost/Ch3PostBossRoom/PostBossReliquary/DescentSeal/Open	Sprite2D	RoomHost/Ch3PostBossRoom/PostBossReliquary/DescentSeal	0	-30	true	false	0	false	true	1110.0,402.0	Door	-
CH3_POST_BOSS	res://chapters/chapter_03_chapel_of_thirteen_echoes/scenes/rooms/ch3_post_boss_room.tscn	RoomHost/Ch3PostBossRoom/PostBossReliquary/RewardInteractArea	Area2D	RoomHost/Ch3PostBossRoom/PostBossReliquary	0	0	true	false	0	true	false	590.0,500.0	Door	-
CH3_POST_BOSS	res://chapters/chapter_03_chapel_of_thirteen_echoes/scenes/rooms/ch3_post_boss_room.tscn	RoomHost/Ch3PostBossRoom/PostBossReliquary/RewardInteractArea/CollisionShape2D	CollisionShape2D	RoomHost/Ch3PostBossRoom/PostBossReliquary/RewardInteractArea	0	0	true	false	0	true	false	590.0,500.0	Door	-
CH3_POST_BOSS	res://chapters/chapter_03_chapel_of_thirteen_echoes/scenes/rooms/ch3_post_boss_room.tscn	RoomHost/Ch3PostBossRoom/PostBossReliquary/InteractionPrompt	Label	RoomHost/Ch3PostBossRoom/PostBossReliquary	14	14	true	false	0	false	true	0.0,0.0	UI	-
CH3_POST_BOSS	res://chapters/chapter_03_chapel_of_thirteen_echoes/scenes/rooms/ch3_post_boss_room.tscn	RoomHost/Ch3PostBossRoom/PostBossReliquary/DescentBlocker	StaticBody2D	RoomHost/Ch3PostBossRoom/PostBossReliquary	0	0	true	false	0	true	false	0.0,0.0	Door	-
CH3_POST_BOSS	res://chapters/chapter_03_chapel_of_thirteen_echoes/scenes/rooms/ch3_post_boss_room.tscn	RoomHost/Ch3PostBossRoom/PostBossReliquary/DescentBlocker/CollisionShape2D	CollisionShape2D	RoomHost/Ch3PostBossRoom/PostBossReliquary/DescentBlocker	0	0	true	false	0	true	false	1110.0,404.0	Door	-
CH3_POST_BOSS	res://chapters/chapter_03_chapel_of_thirteen_echoes/scenes/rooms/ch3_post_boss_room.tscn	RoomHost/Ch3PostBossRoom/PostBossReliquary/Floor	StaticBody2D	RoomHost/Ch3PostBossRoom/PostBossReliquary	0	0	true	false	0	true	false	0.0,0.0	Ground	-
CH3_POST_BOSS	res://chapters/chapter_03_chapel_of_thirteen_echoes/scenes/rooms/ch3_post_boss_room.tscn	RoomHost/Ch3PostBossRoom/PostBossReliquary/Floor/CollisionShape2D	CollisionShape2D	RoomHost/Ch3PostBossRoom/PostBossReliquary/Floor	0	0	true	false	0	true	false	640.0,666.0	Ground	-
CH3_POST_BOSS	res://chapters/chapter_03_chapel_of_thirteen_echoes/scenes/rooms/ch3_post_boss_room.tscn	RoomHost/Ch3PostBossRoom/PostBossReliquary/AreaTitle	Label	RoomHost/Ch3PostBossRoom/PostBossReliquary	14	14	true	false	0	true	true	0.0,0.0	UI	-
CH3_POST_BOSS	res://chapters/chapter_03_chapel_of_thirteen_echoes/scenes/rooms/ch3_post_boss_room.tscn	RoomHost/Ch3PostBossRoom/SpawnPoints	Node2D	RoomHost/Ch3PostBossRoom	0	0	true	false	0	true	false	0.0,0.0	Unknown	-
CH3_POST_BOSS	res://chapters/chapter_03_chapel_of_thirteen_echoes/scenes/rooms/ch3_post_boss_room.tscn	RoomHost/Ch3PostBossRoom/SpawnPoints/EntryWest	Marker2D	RoomHost/Ch3PostBossRoom/SpawnPoints	0	0	true	false	0	true	false	160.0,584.0	Unknown	-
CH3_POST_BOSS	res://chapters/chapter_03_chapel_of_thirteen_echoes/scenes/rooms/ch3_post_boss_room.tscn	RoomHost/Ch3PostBossRoom/UnderkeepExit	Area2D	RoomHost/Ch3PostBossRoom	0	0	true	false	0	true	false	1110.0,470.0	Door	res://chapters/chapter_03_chapel_of_thirteen_echoes/scripts/level/chapter_03_room_exit.gd
CH3_POST_BOSS	res://chapters/chapter_03_chapel_of_thirteen_echoes/scenes/rooms/ch3_post_boss_room.tscn	RoomHost/Ch3PostBossRoom/UnderkeepExit/CollisionShape2D	CollisionShape2D	RoomHost/Ch3PostBossRoom/UnderkeepExit	0	0	true	false	0	true	false	1110.0,470.0	Door	-
CH3_UNDERKEEP_DESCENT	res://chapters/chapter_03_chapel_of_thirteen_echoes/scenes/rooms/ch3_underkeep_room.tscn	RoomHost/Ch3UnderkeepRoom	Node2D	RoomHost	0	0	true	false	0	true	false	0.0,0.0	Unknown	res://chapters/chapter_03_chapel_of_thirteen_echoes/scripts/level/chapter_03_room.gd
CH3_UNDERKEEP_DESCENT	res://chapters/chapter_03_chapel_of_thirteen_echoes/scenes/rooms/ch3_underkeep_room.tscn	RoomHost/Ch3UnderkeepRoom/UnderkeepDescent	Node2D	RoomHost/Ch3UnderkeepRoom	0	0	true	false	0	true	false	0.0,0.0	Unknown	res://chapters/chapter_03_chapel_of_thirteen_echoes/scripts/areas/chapter_03_underkeep_descent.gd
CH3_UNDERKEEP_DESCENT	res://chapters/chapter_03_chapel_of_thirteen_echoes/scenes/rooms/ch3_underkeep_room.tscn	RoomHost/Ch3UnderkeepRoom/UnderkeepDescent/Backdrop	Sprite2D	RoomHost/Ch3UnderkeepRoom/UnderkeepDescent	-100	-100	true	false	0	true	true	1152.0,360.0	BackgroundArchitecture	-
CH3_UNDERKEEP_DESCENT	res://chapters/chapter_03_chapel_of_thirteen_echoes/scenes/rooms/ch3_underkeep_room.tscn	RoomHost/Ch3UnderkeepRoom/UnderkeepDescent/OssuaryStairs	Sprite2D	RoomHost/Ch3UnderkeepRoom/UnderkeepDescent	-30	-30	true	false	0	true	true	478.0,472.0	Ground	-
CH3_UNDERKEEP_DESCENT	res://chapters/chapter_03_chapel_of_thirteen_echoes/scenes/rooms/ch3_underkeep_room.tscn	RoomHost/Ch3UnderkeepRoom/UnderkeepDescent/WetArch01	Sprite2D	RoomHost/Ch3UnderkeepRoom/UnderkeepDescent	-60	-60	true	false	0	true	true	712.0,404.0	BackgroundArchitecture	-
CH3_UNDERKEEP_DESCENT	res://chapters/chapter_03_chapel_of_thirteen_echoes/scenes/rooms/ch3_underkeep_room.tscn	RoomHost/Ch3UnderkeepRoom/UnderkeepDescent/WetArch02	Sprite2D	RoomHost/Ch3UnderkeepRoom/UnderkeepDescent	-60	-60	true	false	0	true	true	1450.0,404.0	BackgroundArchitecture	-
CH3_UNDERKEEP_DESCENT	res://chapters/chapter_03_chapel_of_thirteen_echoes/scenes/rooms/ch3_underkeep_room.tscn	RoomHost/Ch3UnderkeepRoom/UnderkeepDescent/SubmergedSaint	Sprite2D	RoomHost/Ch3UnderkeepRoom/UnderkeepDescent	-30	-30	true	false	0	true	true	1260.0,490.0	PropsBehind	-
CH3_UNDERKEEP_DESCENT	res://chapters/chapter_03_chapel_of_thirteen_echoes/scenes/rooms/ch3_underkeep_room.tscn	RoomHost/Ch3UnderkeepRoom/UnderkeepDescent/UnderkeepGate	Sprite2D	RoomHost/Ch3UnderkeepRoom/UnderkeepDescent	-30	-30	true	false	0	true	true	2140.0,424.0	Door	-
CH3_UNDERKEEP_DESCENT	res://chapters/chapter_03_chapel_of_thirteen_echoes/scenes/rooms/ch3_underkeep_room.tscn	RoomHost/Ch3UnderkeepRoom/UnderkeepDescent/ShallowWater01	Sprite2D	RoomHost/Ch3UnderkeepRoom/UnderkeepDescent	20	20	true	false	0	true	true	1040.0,620.0	LimitedForeground	-
CH3_UNDERKEEP_DESCENT	res://chapters/chapter_03_chapel_of_thirteen_echoes/scenes/rooms/ch3_underkeep_room.tscn	RoomHost/Ch3UnderkeepRoom/UnderkeepDescent/ShallowWater02	Sprite2D	RoomHost/Ch3UnderkeepRoom/UnderkeepDescent	20	20	true	false	0	true	true	1776.0,620.0	LimitedForeground	-
CH3_UNDERKEEP_DESCENT	res://chapters/chapter_03_chapel_of_thirteen_echoes/scenes/rooms/ch3_underkeep_room.tscn	RoomHost/Ch3UnderkeepRoom/UnderkeepDescent/Floor	StaticBody2D	RoomHost/Ch3UnderkeepRoom/UnderkeepDescent	0	0	true	false	0	true	false	0.0,0.0	Ground	-
CH3_UNDERKEEP_DESCENT	res://chapters/chapter_03_chapel_of_thirteen_echoes/scenes/rooms/ch3_underkeep_room.tscn	RoomHost/Ch3UnderkeepRoom/UnderkeepDescent/Floor/CollisionShape2D	CollisionShape2D	RoomHost/Ch3UnderkeepRoom/UnderkeepDescent/Floor	0	0	true	false	0	true	false	1152.0,666.0	Ground	-
CH3_UNDERKEEP_DESCENT	res://chapters/chapter_03_chapel_of_thirteen_echoes/scenes/rooms/ch3_underkeep_room.tscn	RoomHost/Ch3UnderkeepRoom/UnderkeepDescent/ChapterFourExitArea	Area2D	RoomHost/Ch3UnderkeepRoom/UnderkeepDescent	0	0	true	false	0	true	false	2150.0,468.0	Door	-
CH3_UNDERKEEP_DESCENT	res://chapters/chapter_03_chapel_of_thirteen_echoes/scenes/rooms/ch3_underkeep_room.tscn	RoomHost/Ch3UnderkeepRoom/UnderkeepDescent/ChapterFourExitArea/CollisionShape2D	CollisionShape2D	RoomHost/Ch3UnderkeepRoom/UnderkeepDescent/ChapterFourExitArea	0	0	true	false	0	true	false	2150.0,468.0	Door	-
CH3_UNDERKEEP_DESCENT	res://chapters/chapter_03_chapel_of_thirteen_echoes/scenes/rooms/ch3_underkeep_room.tscn	RoomHost/Ch3UnderkeepRoom/UnderkeepDescent/WaterDrip	AudioStreamPlayer2D	RoomHost/Ch3UnderkeepRoom/UnderkeepDescent	0	0	true	false	0	true	false	1420.0,250.0	Unknown	-
CH3_UNDERKEEP_DESCENT	res://chapters/chapter_03_chapel_of_thirteen_echoes/scenes/rooms/ch3_underkeep_room.tscn	RoomHost/Ch3UnderkeepRoom/UnderkeepDescent/TransitionPrompt	Label	RoomHost/Ch3UnderkeepRoom/UnderkeepDescent	14	14	true	false	0	false	true	0.0,0.0	Door	-
CH3_UNDERKEEP_DESCENT	res://chapters/chapter_03_chapel_of_thirteen_echoes/scenes/rooms/ch3_underkeep_room.tscn	RoomHost/Ch3UnderkeepRoom/UnderkeepDescent/AreaTitle	Label	RoomHost/Ch3UnderkeepRoom/UnderkeepDescent	14	14	true	false	0	true	true	0.0,0.0	UI	-
CH3_UNDERKEEP_DESCENT	res://chapters/chapter_03_chapel_of_thirteen_echoes/scenes/rooms/ch3_underkeep_room.tscn	RoomHost/Ch3UnderkeepRoom/SpawnPoints	Node2D	RoomHost/Ch3UnderkeepRoom	0	0	true	false	0	true	false	0.0,0.0	Unknown	-
CH3_UNDERKEEP_DESCENT	res://chapters/chapter_03_chapel_of_thirteen_echoes/scenes/rooms/ch3_underkeep_room.tscn	RoomHost/Ch3UnderkeepRoom/SpawnPoints/EntryWest	Marker2D	RoomHost/Ch3UnderkeepRoom/SpawnPoints	0	0	true	false	0	true	false	160.0,584.0	Unknown	-
