room_id	node_path	type	parent	z_index	effective_z	z_as_relative	y_sort_enabled	canvas_layer	visible	global_position
CH3_CHAPEL_VESTIBULE	/root/Chapter03Route/RoomHost/Ch3ChapelVestibule	Node2D	/root/Chapter03Route/RoomHost	0	0	true	false	0	true	(0.0, 0.0)
CH3_CHAPEL_VESTIBULE	/root/Chapter03Route/RoomHost/Ch3ChapelVestibule/Backdrop	Sprite2D	/root/Chapter03Route/RoomHost/Ch3ChapelVestibule	-100	-100	true	false	0	true	(1024.0, 360.0)
CH3_CHAPEL_VESTIBULE	/root/Chapter03Route/RoomHost/Ch3ChapelVestibule/MirrorBackDoor	Sprite2D	/root/Chapter03Route/RoomHost/Ch3ChapelVestibule	-60	-60	true	false	0	true	(108.0, 380.0)
CH3_CHAPEL_VESTIBULE	/root/Chapter03Route/RoomHost/Ch3ChapelVestibule/BellEmblem	Sprite2D	/root/Chapter03Route/RoomHost/Ch3ChapelVestibule	-60	-60	true	false	0	true	(780.0, 188.0)
CH3_CHAPEL_VESTIBULE	/root/Chapter03Route/RoomHost/Ch3ChapelVestibule/LeftBench	Sprite2D	/root/Chapter03Route/RoomHost/Ch3ChapelVestibule	-30	-30	true	false	0	true	(476.0, 560.0)
CH3_CHAPEL_VESTIBULE	/root/Chapter03Route/RoomHost/Ch3ChapelVestibule/RightBench	Sprite2D	/root/Chapter03Route/RoomHost/Ch3ChapelVestibule	-30	-30	true	false	0	true	(1072.0, 560.0)
CH3_CHAPEL_VESTIBULE	/root/Chapter03Route/RoomHost/Ch3ChapelVestibule/BellFont	Sprite2D	/root/Chapter03Route/RoomHost/Ch3ChapelVestibule	-30	-30	true	false	0	true	(780.0, 540.0)
CH3_CHAPEL_VESTIBULE	/root/Chapter03Route/RoomHost/Ch3ChapelVestibule/Stair	Sprite2D	/root/Chapter03Route/RoomHost/Ch3ChapelVestibule	0	0	true	false	0	true	(1792.0, 692.0)
CH3_CHAPEL_VESTIBULE	/root/Chapter03Route/RoomHost/Ch3ChapelVestibule/Geometry	Node2D	/root/Chapter03Route/RoomHost/Ch3ChapelVestibule	0	0	true	false	0	true	(0.0, 0.0)
CH3_CHAPEL_VESTIBULE	/root/Chapter03Route/RoomHost/Ch3ChapelVestibule/Geometry/Floor	StaticBody2D	/root/Chapter03Route/RoomHost/Ch3ChapelVestibule/Geometry	0	0	true	false	0	true	(0.0, 0.0)
CH3_CHAPEL_VESTIBULE	/root/Chapter03Route/RoomHost/Ch3ChapelVestibule/Geometry/Floor/CollisionShape2D	CollisionShape2D	/root/Chapter03Route/RoomHost/Ch3ChapelVestibule/Geometry/Floor	0	0	true	false	0	true	(768.0, 666.0)
CH3_CHAPEL_VESTIBULE	/root/Chapter03Route/RoomHost/Ch3ChapelVestibule/Geometry/LeftWall	StaticBody2D	/root/Chapter03Route/RoomHost/Ch3ChapelVestibule/Geometry	0	0	true	false	0	true	(0.0, 0.0)
CH3_CHAPEL_VESTIBULE	/root/Chapter03Route/RoomHost/Ch3ChapelVestibule/Geometry/LeftWall/CollisionShape2D	CollisionShape2D	/root/Chapter03Route/RoomHost/Ch3ChapelVestibule/Geometry/LeftWall	0	0	true	false	0	true	(-24.0, 360.0)
CH3_CHAPEL_VESTIBULE	/root/Chapter03Route/RoomHost/Ch3ChapelVestibule/Geometry/Step01	StaticBody2D	/root/Chapter03Route/RoomHost/Ch3ChapelVestibule/Geometry	0	0	true	false	0	true	(0.0, 0.0)
CH3_CHAPEL_VESTIBULE	/root/Chapter03Route/RoomHost/Ch3ChapelVestibule/Geometry/Step01/CollisionShape2D	CollisionShape2D	/root/Chapter03Route/RoomHost/Ch3ChapelVestibule/Geometry/Step01	0	0	true	false	0	true	(1568.0, 666.0)
CH3_CHAPEL_VESTIBULE	/root/Chapter03Route/RoomHost/Ch3ChapelVestibule/Geometry/Step02	StaticBody2D	/root/Chapter03Route/RoomHost/Ch3ChapelVestibule/Geometry	0	0	true	false	0	true	(0.0, 0.0)
CH3_CHAPEL_VESTIBULE	/root/Chapter03Route/RoomHost/Ch3ChapelVestibule/Geometry/Step02/CollisionShape2D	CollisionShape2D	/root/Chapter03Route/RoomHost/Ch3ChapelVestibule/Geometry/Step02	0	0	true	false	0	true	(1632.0, 671.0)
CH3_CHAPEL_VESTIBULE	/root/Chapter03Route/RoomHost/Ch3ChapelVestibule/Geometry/Step03	StaticBody2D	/root/Chapter03Route/RoomHost/Ch3ChapelVestibule/Geometry	0	0	true	false	0	true	(0.0, 0.0)
CH3_CHAPEL_VESTIBULE	/root/Chapter03Route/RoomHost/Ch3ChapelVestibule/Geometry/Step03/CollisionShape2D	CollisionShape2D	/root/Chapter03Route/RoomHost/Ch3ChapelVestibule/Geometry/Step03	0	0	true	false	0	true	(1696.0, 676.0)
CH3_CHAPEL_VESTIBULE	/root/Chapter03Route/RoomHost/Ch3ChapelVestibule/Geometry/Step04	StaticBody2D	/root/Chapter03Route/RoomHost/Ch3ChapelVestibule/Geometry	0	0	true	false	0	true	(0.0, 0.0)
CH3_CHAPEL_VESTIBULE	/root/Chapter03Route/RoomHost/Ch3ChapelVestibule/Geometry/Step04/CollisionShape2D	CollisionShape2D	/root/Chapter03Route/RoomHost/Ch3ChapelVestibule/Geometry/Step04	0	0	true	false	0	true	(1760.0, 681.0)
CH3_CHAPEL_VESTIBULE	/root/Chapter03Route/RoomHost/Ch3ChapelVestibule/Geometry/Step05	StaticBody2D	/root/Chapter03Route/RoomHost/Ch3ChapelVestibule/Geometry	0	0	true	false	0	true	(0.0, 0.0)
CH3_CHAPEL_VESTIBULE	/root/Chapter03Route/RoomHost/Ch3ChapelVestibule/Geometry/Step05/CollisionShape2D	CollisionShape2D	/root/Chapter03Route/RoomHost/Ch3ChapelVestibule/Geometry/Step05	0	0	true	false	0	true	(1824.0, 686.0)
CH3_CHAPEL_VESTIBULE	/root/Chapter03Route/RoomHost/Ch3ChapelVestibule/Geometry/Step06	StaticBody2D	/root/Chapter03Route/RoomHost/Ch3ChapelVestibule/Geometry	0	0	true	false	0	true	(0.0, 0.0)
CH3_CHAPEL_VESTIBULE	/root/Chapter03Route/RoomHost/Ch3ChapelVestibule/Geometry/Step06/CollisionShape2D	CollisionShape2D	/root/Chapter03Route/RoomHost/Ch3ChapelVestibule/Geometry/Step06	0	0	true	false	0	true	(1888.0, 691.0)
CH3_CHAPEL_VESTIBULE	/root/Chapter03Route/RoomHost/Ch3ChapelVestibule/Geometry/Step07	StaticBody2D	/root/Chapter03Route/RoomHost/Ch3ChapelVestibule/Geometry	0	0	true	false	0	true	(0.0, 0.0)
CH3_CHAPEL_VESTIBULE	/root/Chapter03Route/RoomHost/Ch3ChapelVestibule/Geometry/Step07/CollisionShape2D	CollisionShape2D	/root/Chapter03Route/RoomHost/Ch3ChapelVestibule/Geometry/Step07	0	0	true	false	0	true	(1952.0, 696.0)
CH3_CHAPEL_VESTIBULE	/root/Chapter03Route/RoomHost/Ch3ChapelVestibule/Geometry/Step08	StaticBody2D	/root/Chapter03Route/RoomHost/Ch3ChapelVestibule/Geometry	0	0	true	false	0	true	(0.0, 0.0)
CH3_CHAPEL_VESTIBULE	/root/Chapter03Route/RoomHost/Ch3ChapelVestibule/Geometry/Step08/CollisionShape2D	CollisionShape2D	/root/Chapter03Route/RoomHost/Ch3ChapelVestibule/Geometry/Step08	0	0	true	false	0	true	(2016.0, 701.0)
CH3_CHAPEL_VESTIBULE	/root/Chapter03Route/RoomHost/Ch3ChapelVestibule/Doors	Node2D	/root/Chapter03Route/RoomHost/Ch3ChapelVestibule	0	0	true	false	0	true	(0.0, 0.0)
CH3_CHAPEL_VESTIBULE	/root/Chapter03Route/RoomHost/Ch3ChapelVestibule/Doors/NaveDoor	Area2D	/root/Chapter03Route/RoomHost/Ch3ChapelVestibule/Doors	0	0	true	false	0	true	(1468.0, 380.0)
CH3_CHAPEL_VESTIBULE	/root/Chapter03Route/RoomHost/Ch3ChapelVestibule/Doors/NaveDoor/Presentation	Node2D	/root/Chapter03Route/RoomHost/Ch3ChapelVestibule/Doors/NaveDoor	-30	-30	true	false	0	true	(1468.0, 380.0)
CH3_CHAPEL_VESTIBULE	/root/Chapter03Route/RoomHost/Ch3ChapelVestibule/Doors/NaveDoor/Presentation/DoorVisual	Sprite2D	/root/Chapter03Route/RoomHost/Ch3ChapelVestibule/Doors/NaveDoor/Presentation	0	-30	true	false	0	true	(1468.0, 380.0)
CH3_CHAPEL_VESTIBULE	/root/Chapter03Route/RoomHost/Ch3ChapelVestibule/Doors/NaveDoor/Blocker	StaticBody2D	/root/Chapter03Route/RoomHost/Ch3ChapelVestibule/Doors/NaveDoor	0	0	true	false	0	true	(1468.0, 380.0)
CH3_CHAPEL_VESTIBULE	/root/Chapter03Route/RoomHost/Ch3ChapelVestibule/Doors/NaveDoor/Blocker/CollisionShape2D	CollisionShape2D	/root/Chapter03Route/RoomHost/Ch3ChapelVestibule/Doors/NaveDoor/Blocker	0	0	true	false	0	true	(1468.0, 446.0)
CH3_CHAPEL_VESTIBULE	/root/Chapter03Route/RoomHost/Ch3ChapelVestibule/Doors/NaveDoor/CollisionShape2D	CollisionShape2D	/root/Chapter03Route/RoomHost/Ch3ChapelVestibule/Doors/NaveDoor	0	0	true	false	0	true	(1406.0, 446.0)
CH3_CHAPEL_VESTIBULE	/root/Chapter03Route/RoomHost/Ch3ChapelVestibule/Doors/NaveDoor/Interaction	Node2D	/root/Chapter03Route/RoomHost/Ch3ChapelVestibule/Doors/NaveDoor	14	14	true	false	0	true	(1468.0, 380.0)
CH3_CHAPEL_VESTIBULE	/root/Chapter03Route/RoomHost/Ch3ChapelVestibule/Doors/NaveDoor/Interaction/Prompt	Label	/root/Chapter03Route/RoomHost/Ch3ChapelVestibule/Doors/NaveDoor/Interaction	0	14	true	false	0	false	(1374.0, 262.0)
CH3_CHAPEL_VESTIBULE	/root/Chapter03Route/RoomHost/Ch3ChapelVestibule/Doors/NaveExit	Area2D	/root/Chapter03Route/RoomHost/Ch3ChapelVestibule/Doors	14	14	true	false	0	true	(1998.0, 640.0)
CH3_CHAPEL_VESTIBULE	/root/Chapter03Route/RoomHost/Ch3ChapelVestibule/Doors/NaveExit/CollisionShape2D	CollisionShape2D	/root/Chapter03Route/RoomHost/Ch3ChapelVestibule/Doors/NaveExit	0	14	true	false	0	true	(1998.0, 640.0)
CH3_CHAPEL_VESTIBULE	/root/Chapter03Route/RoomHost/Ch3ChapelVestibule/SpawnPoints	Node2D	/root/Chapter03Route/RoomHost/Ch3ChapelVestibule	0	0	true	false	0	true	(0.0, 0.0)
CH3_CHAPEL_VESTIBULE	/root/Chapter03Route/RoomHost/Ch3ChapelVestibule/SpawnPoints/EntryWest	Marker2D	/root/Chapter03Route/RoomHost/Ch3ChapelVestibule/SpawnPoints	0	0	true	false	0	true	(160.0, 584.0)
CH3_CHAPEL_VESTIBULE	/root/Chapter03Route/PersistentRuntime/ChapterRuntime/Player	CharacterBody2D	/root/Chapter03Route/PersistentRuntime/ChapterRuntime	12	12	true	false	0	true	(160.0, 584.0)
CH3_CHAPEL_VESTIBULE	/root/Chapter03Route/PersistentRuntime/ChapterRuntime/Player/VisualRoot	Node2D	/root/Chapter03Route/PersistentRuntime/ChapterRuntime/Player	0	12	true	false	0	true	(160.0, 584.0)
CH3_CHAPEL_VESTIBULE	/root/Chapter03Route/PersistentRuntime/ChapterRuntime/Player/VisualRoot/AnimatedSprite2D	AnimatedSprite2D	/root/Chapter03Route/PersistentRuntime/ChapterRuntime/Player/VisualRoot	0	12	true	false	0	true	(160.0, 584.0)
CH3_CHAPEL_VESTIBULE	/root/Chapter03Route/PersistentRuntime/ChapterRuntime/Player/VisualRoot/WeaponVisual	Node2D	/root/Chapter03Route/PersistentRuntime/ChapterRuntime/Player/VisualRoot	1	13	true	false	0	true	(160.0, 584.0)
CH3_CHAPEL_VESTIBULE	/root/Chapter03Route/PersistentRuntime/ChapterRuntime/Player/VisualRoot/DeathEffects	Node2D	/root/Chapter03Route/PersistentRuntime/ChapterRuntime/Player/VisualRoot	2	14	true	false	0	true	(160.0, 584.0)
CH3_CHAPEL_VESTIBULE	/root/Chapter03Route/PersistentRuntime/ChapterRuntime/Player/VisualRoot/DeathEffects/GhostSprite	Sprite2D	/root/Chapter03Route/PersistentRuntime/ChapterRuntime/Player/VisualRoot/DeathEffects	0	14	true	false	0	false	(160.0, 591.0)
CH3_CHAPEL_VESTIBULE	/root/Chapter03Route/PersistentRuntime/ChapterRuntime/Player/CollisionShape2D	CollisionShape2D	/root/Chapter03Route/PersistentRuntime/ChapterRuntime/Player	0	12	true	false	0	true	(160.0, 586.0)
CH3_CHAPEL_VESTIBULE	/root/Chapter03Route/PersistentRuntime/ChapterRuntime/Player/Hurtbox	Area2D	/root/Chapter03Route/PersistentRuntime/ChapterRuntime/Player	0	12	true	false	0	true	(160.0, 584.0)
CH3_CHAPEL_VESTIBULE	/root/Chapter03Route/PersistentRuntime/ChapterRuntime/Player/Hurtbox/CollisionShape2D	CollisionShape2D	/root/Chapter03Route/PersistentRuntime/ChapterRuntime/Player/Hurtbox	0	12	true	false	0	true	(160.0, 586.0)
CH3_CHAPEL_VESTIBULE	/root/Chapter03Route/PersistentRuntime/ChapterRuntime/Player/CombatRoot	Node2D	/root/Chapter03Route/PersistentRuntime/ChapterRuntime/Player	0	12	true	false	0	true	(160.0, 584.0)
CH3_CHAPEL_VESTIBULE	/root/Chapter03Route/PersistentRuntime/ChapterRuntime/Player/CombatRoot/AttackHitbox	Area2D	/root/Chapter03Route/PersistentRuntime/ChapterRuntime/Player/CombatRoot	0	12	true	false	0	true	(189.0, 581.0)
CH3_CHAPEL_VESTIBULE	/root/Chapter03Route/PersistentRuntime/ChapterRuntime/Player/CombatRoot/AttackHitbox/CollisionShape2D	CollisionShape2D	/root/Chapter03Route/PersistentRuntime/ChapterRuntime/Player/CombatRoot/AttackHitbox	0	12	true	false	0	true	(189.0, 581.0)
CH3_CHAPEL_VESTIBULE	/root/Chapter03Route/PersistentRuntime/ChapterRuntime/Player/CombatRoot/DashAttackHitbox	Area2D	/root/Chapter03Route/PersistentRuntime/ChapterRuntime/Player/CombatRoot	0	12	true	false	0	true	(197.0, 581.0)
CH3_CHAPEL_VESTIBULE	/root/Chapter03Route/PersistentRuntime/ChapterRuntime/Player/CombatRoot/DashAttackHitbox/CollisionShape2D	CollisionShape2D	/root/Chapter03Route/PersistentRuntime/ChapterRuntime/Player/CombatRoot/DashAttackHitbox	0	12	true	false	0	true	(197.0, 581.0)
CH3_CHAPEL_VESTIBULE	/root/Chapter03Route/PersistentRuntime/ChapterRuntime/Player/Camera2D	Camera2D	/root/Chapter03Route/PersistentRuntime/ChapterRuntime/Player	0	12	true	false	0	true	(160.0, 479.0)
CH3_CHAPEL_VESTIBULE	/root/Chapter03Route/PersistentRuntime/ChapterRuntime/HUD/RoomFade	ColorRect	/root/Chapter03Route/PersistentRuntime/ChapterRuntime/HUD	0	0	true	false	1	false	(0.0, 0.0)
CH3_NAVE_ENTRY	/root/Chapter03Route/RoomHost/Ch3NaveEntry	Node2D	/root/Chapter03Route/RoomHost	0	0	true	false	0	true	(0.0, 0.0)
CH3_NAVE_ENTRY	/root/Chapter03Route/RoomHost/Ch3NaveEntry/Backdrop	Sprite2D	/root/Chapter03Route/RoomHost/Ch3NaveEntry	-100	-100	true	false	0	true	(1152.0, 360.0)
CH3_NAVE_ENTRY	/root/Chapter03Route/RoomHost/Ch3NaveEntry/LeftBench	Sprite2D	/root/Chapter03Route/RoomHost/Ch3NaveEntry	-30	-30	true	false	0	true	(390.0, 560.0)
CH3_NAVE_ENTRY	/root/Chapter03Route/RoomHost/Ch3NaveEntry/RightBench	Sprite2D	/root/Chapter03Route/RoomHost/Ch3NaveEntry	-30	-30	true	false	0	true	(1190.0, 560.0)
CH3_NAVE_ENTRY	/root/Chapter03Route/RoomHost/Ch3NaveEntry/Lectern	Sprite2D	/root/Chapter03Route/RoomHost/Ch3NaveEntry	-30	-30	true	false	0	true	(930.0, 540.0)
CH3_NAVE_ENTRY	/root/Chapter03Route/RoomHost/Ch3NaveEntry/Geometry	Node2D	/root/Chapter03Route/RoomHost/Ch3NaveEntry	0	0	true	false	0	true	(0.0, 0.0)
CH3_NAVE_ENTRY	/root/Chapter03Route/RoomHost/Ch3NaveEntry/Geometry/Floor	StaticBody2D	/root/Chapter03Route/RoomHost/Ch3NaveEntry/Geometry	0	0	true	false	0	true	(0.0, 0.0)
CH3_NAVE_ENTRY	/root/Chapter03Route/RoomHost/Ch3NaveEntry/Geometry/Floor/CollisionShape2D	CollisionShape2D	/root/Chapter03Route/RoomHost/Ch3NaveEntry/Geometry/Floor	0	0	true	false	0	true	(1152.0, 666.0)
CH3_NAVE_ENTRY	/root/Chapter03Route/RoomHost/Ch3NaveEntry/Geometry/LeftWall	StaticBody2D	/root/Chapter03Route/RoomHost/Ch3NaveEntry/Geometry	0	0	true	false	0	true	(0.0, 0.0)
CH3_NAVE_ENTRY	/root/Chapter03Route/RoomHost/Ch3NaveEntry/Geometry/LeftWall/CollisionShape2D	CollisionShape2D	/root/Chapter03Route/RoomHost/Ch3NaveEntry/Geometry/LeftWall	0	0	true	false	0	true	(-24.0, 360.0)
CH3_NAVE_ENTRY	/root/Chapter03Route/RoomHost/Ch3NaveEntry/Geometry/WestSideGallery	StaticBody2D	/root/Chapter03Route/RoomHost/Ch3NaveEntry/Geometry	0	0	true	false	0	true	(0.0, 0.0)
CH3_NAVE_ENTRY	/root/Chapter03Route/RoomHost/Ch3NaveEntry/Geometry/WestSideGallery/Visual	Sprite2D	/root/Chapter03Route/RoomHost/Ch3NaveEntry/Geometry/WestSideGallery	0	0	true	false	0	true	(600.0, 576.0)
CH3_NAVE_ENTRY	/root/Chapter03Route/RoomHost/Ch3NaveEntry/Geometry/WestSideGallery/CollisionShape2D	CollisionShape2D	/root/Chapter03Route/RoomHost/Ch3NaveEntry/Geometry/WestSideGallery	0	0	true	false	0	true	(600.0, 564.0)
CH3_NAVE_ENTRY	/root/Chapter03Route/RoomHost/Ch3NaveEntry/Geometry/EastSideGallery	StaticBody2D	/root/Chapter03Route/RoomHost/Ch3NaveEntry/Geometry	0	0	true	false	0	true	(0.0, 0.0)
CH3_NAVE_ENTRY	/root/Chapter03Route/RoomHost/Ch3NaveEntry/Geometry/EastSideGallery/Visual	Sprite2D	/root/Chapter03Route/RoomHost/Ch3NaveEntry/Geometry/EastSideGallery	0	0	true	false	0	true	(1480.0, 576.0)
CH3_NAVE_ENTRY	/root/Chapter03Route/RoomHost/Ch3NaveEntry/Geometry/EastSideGallery/CollisionShape2D	CollisionShape2D	/root/Chapter03Route/RoomHost/Ch3NaveEntry/Geometry/EastSideGallery	0	0	true	false	0	true	(1480.0, 564.0)
CH3_NAVE_ENTRY	/root/Chapter03Route/RoomHost/Ch3NaveEntry/Geometry/EastAccessCorbel	StaticBody2D	/root/Chapter03Route/RoomHost/Ch3NaveEntry/Geometry	0	0	true	false	0	true	(0.0, 0.0)
CH3_NAVE_ENTRY	/root/Chapter03Route/RoomHost/Ch3NaveEntry/Geometry/EastAccessCorbel/Visual	Sprite2D	/root/Chapter03Route/RoomHost/Ch3NaveEntry/Geometry/EastAccessCorbel	0	0	true	false	0	true	(1680.0, 516.0)
CH3_NAVE_ENTRY	/root/Chapter03Route/RoomHost/Ch3NaveEntry/Geometry/EastAccessCorbel/CollisionShape2D	CollisionShape2D	/root/Chapter03Route/RoomHost/Ch3NaveEntry/Geometry/EastAccessCorbel	0	0	true	false	0	true	(1680.0, 504.0)
CH3_NAVE_ENTRY	/root/Chapter03Route/RoomHost/Ch3NaveEntry/Geometry/UpperArchiveLedge	StaticBody2D	/root/Chapter03Route/RoomHost/Ch3NaveEntry/Geometry	0	0	true	false	0	true	(0.0, 0.0)
CH3_NAVE_ENTRY	/root/Chapter03Route/RoomHost/Ch3NaveEntry/Geometry/UpperArchiveLedge/Visual	Sprite2D	/root/Chapter03Route/RoomHost/Ch3NaveEntry/Geometry/UpperArchiveLedge	0	0	true	false	0	true	(1832.0, 456.0)
CH3_NAVE_ENTRY	/root/Chapter03Route/RoomHost/Ch3NaveEntry/Geometry/UpperArchiveLedge/CollisionShape2D	CollisionShape2D	/root/Chapter03Route/RoomHost/Ch3NaveEntry/Geometry/UpperArchiveLedge	0	0	true	false	0	true	(1832.0, 444.0)
CH3_NAVE_ENTRY	/root/Chapter03Route/RoomHost/Ch3NaveEntry/Doors	Node2D	/root/Chapter03Route/RoomHost/Ch3NaveEntry	0	0	true	false	0	true	(0.0, 0.0)
CH3_NAVE_ENTRY	/root/Chapter03Route/RoomHost/Ch3NaveEntry/Doors/ChoirDoor	Area2D	/root/Chapter03Route/RoomHost/Ch3NaveEntry/Doors	0	0	true	false	0	true	(2180.0, 380.0)
CH3_NAVE_ENTRY	/root/Chapter03Route/RoomHost/Ch3NaveEntry/Doors/ChoirDoor/Presentation	Node2D	/root/Chapter03Route/RoomHost/Ch3NaveEntry/Doors/ChoirDoor	-30	-30	true	false	0	true	(2180.0, 380.0)
CH3_NAVE_ENTRY	/root/Chapter03Route/RoomHost/Ch3NaveEntry/Doors/ChoirDoor/Presentation/DoorVisual	Sprite2D	/root/Chapter03Route/RoomHost/Ch3NaveEntry/Doors/ChoirDoor/Presentation	0	-30	true	false	0	true	(2180.0, 380.0)
CH3_NAVE_ENTRY	/root/Chapter03Route/RoomHost/Ch3NaveEntry/Doors/ChoirDoor/Blocker	StaticBody2D	/root/Chapter03Route/RoomHost/Ch3NaveEntry/Doors/ChoirDoor	0	0	true	false	0	true	(2180.0, 380.0)
CH3_NAVE_ENTRY	/root/Chapter03Route/RoomHost/Ch3NaveEntry/Doors/ChoirDoor/Blocker/CollisionShape2D	CollisionShape2D	/root/Chapter03Route/RoomHost/Ch3NaveEntry/Doors/ChoirDoor/Blocker	0	0	true	false	0	true	(2180.0, 446.0)
CH3_NAVE_ENTRY	/root/Chapter03Route/RoomHost/Ch3NaveEntry/Doors/ChoirDoor/CollisionShape2D	CollisionShape2D	/root/Chapter03Route/RoomHost/Ch3NaveEntry/Doors/ChoirDoor	0	0	true	false	0	true	(2124.0, 446.0)
CH3_NAVE_ENTRY	/root/Chapter03Route/RoomHost/Ch3NaveEntry/Doors/ChoirDoor/Interaction	Node2D	/root/Chapter03Route/RoomHost/Ch3NaveEntry/Doors/ChoirDoor	14	14	true	false	0	true	(2180.0, 380.0)
CH3_NAVE_ENTRY	/root/Chapter03Route/RoomHost/Ch3NaveEntry/Doors/ChoirDoor/Interaction/Prompt	Label	/root/Chapter03Route/RoomHost/Ch3NaveEntry/Doors/ChoirDoor/Interaction	0	14	true	false	0	false	(2080.0, 262.0)
CH3_NAVE_ENTRY	/root/Chapter03Route/RoomHost/Ch3NaveEntry/Enemies	Node2D	/root/Chapter03Route/RoomHost/Ch3NaveEntry	0	0	true	false	0	true	(0.0, 0.0)
CH3_NAVE_ENTRY	/root/Chapter03Route/RoomHost/Ch3NaveEntry/Enemies/BellchainPenitent	CharacterBody2D	/root/Chapter03Route/RoomHost/Ch3NaveEntry/Enemies	10	10	true	false	0	true	(720.0, 582.999)
CH3_NAVE_ENTRY	/root/Chapter03Route/RoomHost/Ch3NaveEntry/Enemies/BellchainPenitent/VisualRoot	Node2D	/root/Chapter03Route/RoomHost/Ch3NaveEntry/Enemies/BellchainPenitent	0	10	true	false	0	true	(720.0, 582.999)
CH3_NAVE_ENTRY	/root/Chapter03Route/RoomHost/Ch3NaveEntry/Enemies/BellchainPenitent/VisualRoot/AnimatedSprite2D	AnimatedSprite2D	/root/Chapter03Route/RoomHost/Ch3NaveEntry/Enemies/BellchainPenitent/VisualRoot	0	10	true	false	0	true	(720.0, 582.999)
CH3_NAVE_ENTRY	/root/Chapter03Route/RoomHost/Ch3NaveEntry/Enemies/BellchainPenitent/CollisionShape2D	CollisionShape2D	/root/Chapter03Route/RoomHost/Ch3NaveEntry/Enemies/BellchainPenitent	0	10	true	false	0	true	(720.0, 587.999)
CH3_NAVE_ENTRY	/root/Chapter03Route/RoomHost/Ch3NaveEntry/Enemies/BellchainPenitent/Hurtbox	Area2D	/root/Chapter03Route/RoomHost/Ch3NaveEntry/Enemies/BellchainPenitent	0	10	true	false	0	true	(720.0, 582.999)
CH3_NAVE_ENTRY	/root/Chapter03Route/RoomHost/Ch3NaveEntry/Enemies/BellchainPenitent/Hurtbox/CollisionShape2D	CollisionShape2D	/root/Chapter03Route/RoomHost/Ch3NaveEntry/Enemies/BellchainPenitent/Hurtbox	0	10	true	false	0	true	(720.0, 587.999)
CH3_NAVE_ENTRY	/root/Chapter03Route/RoomHost/Ch3NaveEntry/Enemies/BellchainPenitent/FacingRoot	Node2D	/root/Chapter03Route/RoomHost/Ch3NaveEntry/Enemies/BellchainPenitent	0	10	true	false	0	true	(720.0, 582.999)
CH3_NAVE_ENTRY	/root/Chapter03Route/RoomHost/Ch3NaveEntry/Enemies/BellchainPenitent/FacingRoot/ChainLashHitbox	Area2D	/root/Chapter03Route/RoomHost/Ch3NaveEntry/Enemies/BellchainPenitent/FacingRoot	0	10	true	false	0	true	(683.0, 579.999)
CH3_NAVE_ENTRY	/root/Chapter03Route/RoomHost/Ch3NaveEntry/Enemies/BellchainPenitent/FacingRoot/ChainLashHitbox/CollisionShape2D	CollisionShape2D	/root/Chapter03Route/RoomHost/Ch3NaveEntry/Enemies/BellchainPenitent/FacingRoot/ChainLashHitbox	0	10	true	false	0	true	(683.0, 579.999)
CH3_NAVE_ENTRY	/root/Chapter03Route/RoomHost/Ch3NaveEntry/Enemies/BellchainPenitent/FacingRoot/BellSlamHitbox	Area2D	/root/Chapter03Route/RoomHost/Ch3NaveEntry/Enemies/BellchainPenitent/FacingRoot	0	10	true	false	0	true	(692.0, 600.999)
CH3_NAVE_ENTRY	/root/Chapter03Route/RoomHost/Ch3NaveEntry/Enemies/BellchainPenitent/FacingRoot/BellSlamHitbox/CollisionShape2D	CollisionShape2D	/root/Chapter03Route/RoomHost/Ch3NaveEntry/Enemies/BellchainPenitent/FacingRoot/BellSlamHitbox	0	10	true	false	0	true	(692.0, 600.999)
CH3_NAVE_ENTRY	/root/Chapter03Route/RoomHost/Ch3NaveEntry/Enemies/BellchainPenitent/FacingRoot/ChainPullHitbox	Area2D	/root/Chapter03Route/RoomHost/Ch3NaveEntry/Enemies/BellchainPenitent/FacingRoot	0	10	true	false	0	true	(670.0, 578.999)
CH3_NAVE_ENTRY	/root/Chapter03Route/RoomHost/Ch3NaveEntry/Enemies/BellchainPenitent/FacingRoot/ChainPullHitbox/CollisionShape2D	CollisionShape2D	/root/Chapter03Route/RoomHost/Ch3NaveEntry/Enemies/BellchainPenitent/FacingRoot/ChainPullHitbox	0	10	true	false	0	true	(670.0, 578.999)
CH3_NAVE_ENTRY	/root/Chapter03Route/RoomHost/Ch3NaveEntry/Enemies/BellchainPenitent/DetectionArea	Area2D	/root/Chapter03Route/RoomHost/Ch3NaveEntry/Enemies/BellchainPenitent	0	10	true	false	0	true	(720.0, 582.999)
CH3_NAVE_ENTRY	/root/Chapter03Route/RoomHost/Ch3NaveEntry/Enemies/BellchainPenitent/DetectionArea/CollisionShape2D	CollisionShape2D	/root/Chapter03Route/RoomHost/Ch3NaveEntry/Enemies/BellchainPenitent/DetectionArea	0	10	true	false	0	true	(720.0, 582.999)
CH3_NAVE_ENTRY	/root/Chapter03Route/RoomHost/Ch3NaveEntry/Enemies/BellchainPenitent/WallCheck	RayCast2D	/root/Chapter03Route/RoomHost/Ch3NaveEntry/Enemies/BellchainPenitent	0	10	true	false	0	true	(720.0, 586.999)
CH3_NAVE_ENTRY	/root/Chapter03Route/RoomHost/Ch3NaveEntry/Enemies/BellchainPenitent/FloorCheck	RayCast2D	/root/Chapter03Route/RoomHost/Ch3NaveEntry/Enemies/BellchainPenitent	0	10	true	false	0	true	(702.0, 602.999)
CH3_NAVE_ENTRY	/root/Chapter03Route/RoomHost/Ch3NaveEntry/Enemies/ConfessionalWraith	CharacterBody2D	/root/Chapter03Route/RoomHost/Ch3NaveEntry/Enemies	10	10	true	false	0	true	(1260.0, 581.9589)
CH3_NAVE_ENTRY	/root/Chapter03Route/RoomHost/Ch3NaveEntry/Enemies/ConfessionalWraith/VisualRoot	Node2D	/root/Chapter03Route/RoomHost/Ch3NaveEntry/Enemies/ConfessionalWraith	0	10	true	false	0	true	(1260.0, 581.9589)
CH3_NAVE_ENTRY	/root/Chapter03Route/RoomHost/Ch3NaveEntry/Enemies/ConfessionalWraith/VisualRoot/AnimatedSprite2D	AnimatedSprite2D	/root/Chapter03Route/RoomHost/Ch3NaveEntry/Enemies/ConfessionalWraith/VisualRoot	0	10	true	false	0	true	(1260.0, 581.9589)
CH3_NAVE_ENTRY	/root/Chapter03Route/RoomHost/Ch3NaveEntry/Enemies/ConfessionalWraith/CollisionShape2D	CollisionShape2D	/root/Chapter03Route/RoomHost/Ch3NaveEntry/Enemies/ConfessionalWraith	0	10	true	false	0	true	(1260.0, 586.9589)
CH3_NAVE_ENTRY	/root/Chapter03Route/RoomHost/Ch3NaveEntry/Enemies/ConfessionalWraith/Hurtbox	Area2D	/root/Chapter03Route/RoomHost/Ch3NaveEntry/Enemies/ConfessionalWraith	0	10	true	false	0	true	(1260.0, 581.9589)
CH3_NAVE_ENTRY	/root/Chapter03Route/RoomHost/Ch3NaveEntry/Enemies/ConfessionalWraith/Hurtbox/CollisionShape2D	CollisionShape2D	/root/Chapter03Route/RoomHost/Ch3NaveEntry/Enemies/ConfessionalWraith/Hurtbox	0	10	true	false	0	true	(1260.0, 586.9589)
CH3_NAVE_ENTRY	/root/Chapter03Route/RoomHost/Ch3NaveEntry/Enemies/ConfessionalWraith/FacingRoot	Node2D	/root/Chapter03Route/RoomHost/Ch3NaveEntry/Enemies/ConfessionalWraith	0	10	true	false	0	true	(1260.0, 581.9589)
CH3_NAVE_ENTRY	/root/Chapter03Route/RoomHost/Ch3NaveEntry/Enemies/ConfessionalWraith/FacingRoot/PrimaryHitbox	Area2D	/root/Chapter03Route/RoomHost/Ch3NaveEntry/Enemies/ConfessionalWraith/FacingRoot	0	10	true	false	0	true	(1225.0, 579.9589)
CH3_NAVE_ENTRY	/root/Chapter03Route/RoomHost/Ch3NaveEntry/Enemies/ConfessionalWraith/FacingRoot/PrimaryHitbox/CollisionShape2D	CollisionShape2D	/root/Chapter03Route/RoomHost/Ch3NaveEntry/Enemies/ConfessionalWraith/FacingRoot/PrimaryHitbox	0	10	true	false	0	true	(1225.0, 579.9589)
CH3_NAVE_ENTRY	/root/Chapter03Route/RoomHost/Ch3NaveEntry/Enemies/ConfessionalWraith/FacingRoot/SecondaryHitbox	Area2D	/root/Chapter03Route/RoomHost/Ch3NaveEntry/Enemies/ConfessionalWraith/FacingRoot	0	10	true	false	0	true	(1217.0, 580.9589)
CH3_NAVE_ENTRY	/root/Chapter03Route/RoomHost/Ch3NaveEntry/Enemies/ConfessionalWraith/FacingRoot/SecondaryHitbox/CollisionShape2D	CollisionShape2D	/root/Chapter03Route/RoomHost/Ch3NaveEntry/Enemies/ConfessionalWraith/FacingRoot/SecondaryHitbox	0	10	true	false	0	true	(1217.0, 580.9589)
CH3_NAVE_ENTRY	/root/Chapter03Route/RoomHost/Ch3NaveEntry/Enemies/ConfessionalWraith/DetectionArea	Area2D	/root/Chapter03Route/RoomHost/Ch3NaveEntry/Enemies/ConfessionalWraith	0	10	true	false	0	true	(1260.0, 581.9589)
CH3_NAVE_ENTRY	/root/Chapter03Route/RoomHost/Ch3NaveEntry/Enemies/ConfessionalWraith/DetectionArea/CollisionShape2D	CollisionShape2D	/root/Chapter03Route/RoomHost/Ch3NaveEntry/Enemies/ConfessionalWraith/DetectionArea	0	10	true	false	0	true	(1260.0, 581.9589)
CH3_NAVE_ENTRY	/root/Chapter03Route/RoomHost/Ch3NaveEntry/Enemies/ConfessionalWraith/WallCheck	RayCast2D	/root/Chapter03Route/RoomHost/Ch3NaveEntry/Enemies/ConfessionalWraith	0	10	true	false	0	true	(1260.0, 585.9589)
CH3_NAVE_ENTRY	/root/Chapter03Route/RoomHost/Ch3NaveEntry/Enemies/ConfessionalWraith/FloorCheck	RayCast2D	/root/Chapter03Route/RoomHost/Ch3NaveEntry/Enemies/ConfessionalWraith	0	10	true	false	0	true	(1241.0, 601.9589)
CH3_NAVE_ENTRY	/root/Chapter03Route/RoomHost/Ch3NaveEntry/Enemies/ThirteenthScribe	CharacterBody2D	/root/Chapter03Route/RoomHost/Ch3NaveEntry/Enemies	10	10	true	false	0	true	(1830.0, 401.9899)
CH3_NAVE_ENTRY	/root/Chapter03Route/RoomHost/Ch3NaveEntry/Enemies/ThirteenthScribe/VisualRoot	Node2D	/root/Chapter03Route/RoomHost/Ch3NaveEntry/Enemies/ThirteenthScribe	0	10	true	false	0	true	(1830.0, 401.9899)
CH3_NAVE_ENTRY	/root/Chapter03Route/RoomHost/Ch3NaveEntry/Enemies/ThirteenthScribe/VisualRoot/AnimatedSprite2D	AnimatedSprite2D	/root/Chapter03Route/RoomHost/Ch3NaveEntry/Enemies/ThirteenthScribe/VisualRoot	0	10	true	false	0	true	(1830.0, 401.9899)
CH3_NAVE_ENTRY	/root/Chapter03Route/RoomHost/Ch3NaveEntry/Enemies/ThirteenthScribe/CollisionShape2D	CollisionShape2D	/root/Chapter03Route/RoomHost/Ch3NaveEntry/Enemies/ThirteenthScribe	0	10	true	false	0	true	(1830.0, 406.9899)
CH3_NAVE_ENTRY	/root/Chapter03Route/RoomHost/Ch3NaveEntry/Enemies/ThirteenthScribe/Hurtbox	Area2D	/root/Chapter03Route/RoomHost/Ch3NaveEntry/Enemies/ThirteenthScribe	0	10	true	false	0	true	(1830.0, 401.9899)
CH3_NAVE_ENTRY	/root/Chapter03Route/RoomHost/Ch3NaveEntry/Enemies/ThirteenthScribe/Hurtbox/CollisionShape2D	CollisionShape2D	/root/Chapter03Route/RoomHost/Ch3NaveEntry/Enemies/ThirteenthScribe/Hurtbox	0	10	true	false	0	true	(1830.0, 406.9899)
CH3_NAVE_ENTRY	/root/Chapter03Route/RoomHost/Ch3NaveEntry/Enemies/ThirteenthScribe/FacingRoot	Node2D	/root/Chapter03Route/RoomHost/Ch3NaveEntry/Enemies/ThirteenthScribe	0	10	true	false	0	true	(1830.0, 401.9899)
CH3_NAVE_ENTRY	/root/Chapter03Route/RoomHost/Ch3NaveEntry/Enemies/ThirteenthScribe/FacingRoot/PrimaryHitbox	Area2D	/root/Chapter03Route/RoomHost/Ch3NaveEntry/Enemies/ThirteenthScribe/FacingRoot	0	10	true	false	0	true	(1795.0, 399.9899)
CH3_NAVE_ENTRY	/root/Chapter03Route/RoomHost/Ch3NaveEntry/Enemies/ThirteenthScribe/FacingRoot/PrimaryHitbox/CollisionShape2D	CollisionShape2D	/root/Chapter03Route/RoomHost/Ch3NaveEntry/Enemies/ThirteenthScribe/FacingRoot/PrimaryHitbox	0	10	true	false	0	true	(1795.0, 399.9899)
CH3_NAVE_ENTRY	/root/Chapter03Route/RoomHost/Ch3NaveEntry/Enemies/ThirteenthScribe/FacingRoot/SecondaryHitbox	Area2D	/root/Chapter03Route/RoomHost/Ch3NaveEntry/Enemies/ThirteenthScribe/FacingRoot	0	10	true	false	0	true	(1787.0, 400.9899)
CH3_NAVE_ENTRY	/root/Chapter03Route/RoomHost/Ch3NaveEntry/Enemies/ThirteenthScribe/FacingRoot/SecondaryHitbox/CollisionShape2D	CollisionShape2D	/root/Chapter03Route/RoomHost/Ch3NaveEntry/Enemies/ThirteenthScribe/FacingRoot/SecondaryHitbox	0	10	true	false	0	true	(1787.0, 400.9899)
CH3_NAVE_ENTRY	/root/Chapter03Route/RoomHost/Ch3NaveEntry/Enemies/ThirteenthScribe/DetectionArea	Area2D	/root/Chapter03Route/RoomHost/Ch3NaveEntry/Enemies/ThirteenthScribe	0	10	true	false	0	true	(1830.0, 401.9899)
CH3_NAVE_ENTRY	/root/Chapter03Route/RoomHost/Ch3NaveEntry/Enemies/ThirteenthScribe/DetectionArea/CollisionShape2D	CollisionShape2D	/root/Chapter03Route/RoomHost/Ch3NaveEntry/Enemies/ThirteenthScribe/DetectionArea	0	10	true	false	0	true	(1830.0, 401.9899)
CH3_NAVE_ENTRY	/root/Chapter03Route/RoomHost/Ch3NaveEntry/Enemies/ThirteenthScribe/WallCheck	RayCast2D	/root/Chapter03Route/RoomHost/Ch3NaveEntry/Enemies/ThirteenthScribe	0	10	true	false	0	true	(1830.0, 405.9899)
CH3_NAVE_ENTRY	/root/Chapter03Route/RoomHost/Ch3NaveEntry/Enemies/ThirteenthScribe/FloorCheck	RayCast2D	/root/Chapter03Route/RoomHost/Ch3NaveEntry/Enemies/ThirteenthScribe	0	10	true	false	0	true	(1811.0, 421.9899)
CH3_NAVE_ENTRY	/root/Chapter03Route/RoomHost/Ch3NaveEntry/SpawnPoints	Node2D	/root/Chapter03Route/RoomHost/Ch3NaveEntry	0	0	true	false	0	true	(0.0, 0.0)
CH3_NAVE_ENTRY	/root/Chapter03Route/RoomHost/Ch3NaveEntry/SpawnPoints/EntryWest	Marker2D	/root/Chapter03Route/RoomHost/Ch3NaveEntry/SpawnPoints	0	0	true	false	0	true	(128.0, 584.0)
CH3_NAVE_ENTRY	/root/Chapter03Route/RoomHost/Ch3NaveEntry/SpawnPoints/BellchainTest	Marker2D	/root/Chapter03Route/RoomHost/Ch3NaveEntry/SpawnPoints	0	0	true	false	0	true	(520.0, 584.0)
CH3_NAVE_ENTRY	/root/Chapter03Route/RoomHost/Ch3NaveEntry/SpawnPoints/ScribeTest	Marker2D	/root/Chapter03Route/RoomHost/Ch3NaveEntry/SpawnPoints	0	0	true	false	0	true	(1520.0, 584.0)
CH3_NAVE_ENTRY	/root/Chapter03Route/PersistentRuntime/ChapterRuntime/Player	CharacterBody2D	/root/Chapter03Route/PersistentRuntime/ChapterRuntime	12	12	true	false	0	true	(128.0, 584.0)
CH3_NAVE_ENTRY	/root/Chapter03Route/PersistentRuntime/ChapterRuntime/Player/VisualRoot	Node2D	/root/Chapter03Route/PersistentRuntime/ChapterRuntime/Player	0	12	true	false	0	true	(128.0, 584.0)
CH3_NAVE_ENTRY	/root/Chapter03Route/PersistentRuntime/ChapterRuntime/Player/VisualRoot/AnimatedSprite2D	AnimatedSprite2D	/root/Chapter03Route/PersistentRuntime/ChapterRuntime/Player/VisualRoot	0	12	true	false	0	true	(128.0, 584.0)
CH3_NAVE_ENTRY	/root/Chapter03Route/PersistentRuntime/ChapterRuntime/Player/VisualRoot/WeaponVisual	Node2D	/root/Chapter03Route/PersistentRuntime/ChapterRuntime/Player/VisualRoot	1	13	true	false	0	true	(128.0, 584.0)
CH3_NAVE_ENTRY	/root/Chapter03Route/PersistentRuntime/ChapterRuntime/Player/VisualRoot/DeathEffects	Node2D	/root/Chapter03Route/PersistentRuntime/ChapterRuntime/Player/VisualRoot	2	14	true	false	0	true	(128.0, 584.0)
CH3_NAVE_ENTRY	/root/Chapter03Route/PersistentRuntime/ChapterRuntime/Player/VisualRoot/DeathEffects/GhostSprite	Sprite2D	/root/Chapter03Route/PersistentRuntime/ChapterRuntime/Player/VisualRoot/DeathEffects	0	14	true	false	0	false	(128.0, 591.0)
CH3_NAVE_ENTRY	/root/Chapter03Route/PersistentRuntime/ChapterRuntime/Player/CollisionShape2D	CollisionShape2D	/root/Chapter03Route/PersistentRuntime/ChapterRuntime/Player	0	12	true	false	0	true	(128.0, 586.0)
CH3_NAVE_ENTRY	/root/Chapter03Route/PersistentRuntime/ChapterRuntime/Player/Hurtbox	Area2D	/root/Chapter03Route/PersistentRuntime/ChapterRuntime/Player	0	12	true	false	0	true	(128.0, 584.0)
CH3_NAVE_ENTRY	/root/Chapter03Route/PersistentRuntime/ChapterRuntime/Player/Hurtbox/CollisionShape2D	CollisionShape2D	/root/Chapter03Route/PersistentRuntime/ChapterRuntime/Player/Hurtbox	0	12	true	false	0	true	(128.0, 586.0)
CH3_NAVE_ENTRY	/root/Chapter03Route/PersistentRuntime/ChapterRuntime/Player/CombatRoot	Node2D	/root/Chapter03Route/PersistentRuntime/ChapterRuntime/Player	0	12	true	false	0	true	(128.0, 584.0)
CH3_NAVE_ENTRY	/root/Chapter03Route/PersistentRuntime/ChapterRuntime/Player/CombatRoot/AttackHitbox	Area2D	/root/Chapter03Route/PersistentRuntime/ChapterRuntime/Player/CombatRoot	0	12	true	false	0	true	(157.0, 581.0)
CH3_NAVE_ENTRY	/root/Chapter03Route/PersistentRuntime/ChapterRuntime/Player/CombatRoot/AttackHitbox/CollisionShape2D	CollisionShape2D	/root/Chapter03Route/PersistentRuntime/ChapterRuntime/Player/CombatRoot/AttackHitbox	0	12	true	false	0	true	(157.0, 581.0)
CH3_NAVE_ENTRY	/root/Chapter03Route/PersistentRuntime/ChapterRuntime/Player/CombatRoot/DashAttackHitbox	Area2D	/root/Chapter03Route/PersistentRuntime/ChapterRuntime/Player/CombatRoot	0	12	true	false	0	true	(165.0, 581.0)
CH3_NAVE_ENTRY	/root/Chapter03Route/PersistentRuntime/ChapterRuntime/Player/CombatRoot/DashAttackHitbox/CollisionShape2D	CollisionShape2D	/root/Chapter03Route/PersistentRuntime/ChapterRuntime/Player/CombatRoot/DashAttackHitbox	0	12	true	false	0	true	(165.0, 581.0)
CH3_NAVE_ENTRY	/root/Chapter03Route/PersistentRuntime/ChapterRuntime/Player/Camera2D	Camera2D	/root/Chapter03Route/PersistentRuntime/ChapterRuntime/Player	0	12	true	false	0	true	(128.0, 479.0)
CH3_NAVE_ENTRY	/root/Chapter03Route/PersistentRuntime/ChapterRuntime/HUD/RoomFade	ColorRect	/root/Chapter03Route/PersistentRuntime/ChapterRuntime/HUD	0	0	true	false	1	false	(0.0, 0.0)
CH3_CHOIR_GALLERY	/root/Chapter03Route/RoomHost/Ch3ChoirGallery	Node2D	/root/Chapter03Route/RoomHost	0	0	true	false	0	true	(0.0, 0.0)
CH3_CHOIR_GALLERY	/root/Chapter03Route/RoomHost/Ch3ChoirGallery/Backdrop	Sprite2D	/root/Chapter03Route/RoomHost/Ch3ChoirGallery	-100	-100	true	false	0	true	(1216.0, 360.0)
CH3_CHOIR_GALLERY	/root/Chapter03Route/RoomHost/Ch3ChoirGallery/OrganPipesFar	Sprite2D	/root/Chapter03Route/RoomHost/Ch3ChoirGallery	-100	-100	true	false	0	true	(1900.0, 322.0)
CH3_CHOIR_GALLERY	/root/Chapter03Route/RoomHost/Ch3ChoirGallery/OrganCaseBehind	Sprite2D	/root/Chapter03Route/RoomHost/Ch3ChoirGallery	-60	-60	true	false	0	true	(1900.0, 380.0)
CH3_CHOIR_GALLERY	/root/Chapter03Route/RoomHost/Ch3ChoirGallery/WestChoirSeat	Sprite2D	/root/Chapter03Route/RoomHost/Ch3ChoirGallery	-30	-30	true	false	0	true	(544.0, 560.0)
CH3_CHOIR_GALLERY	/root/Chapter03Route/RoomHost/Ch3ChoirGallery/EastChoirSeat	Sprite2D	/root/Chapter03Route/RoomHost/Ch3ChoirGallery	-30	-30	true	false	0	true	(1424.0, 560.0)
CH3_CHOIR_GALLERY	/root/Chapter03Route/RoomHost/Ch3ChoirGallery/Geometry	Node2D	/root/Chapter03Route/RoomHost/Ch3ChoirGallery	0	0	true	false	0	true	(0.0, 0.0)
CH3_CHOIR_GALLERY	/root/Chapter03Route/RoomHost/Ch3ChoirGallery/Geometry/Floor	StaticBody2D	/root/Chapter03Route/RoomHost/Ch3ChoirGallery/Geometry	0	0	true	false	0	true	(0.0, 0.0)
CH3_CHOIR_GALLERY	/root/Chapter03Route/RoomHost/Ch3ChoirGallery/Geometry/Floor/CollisionShape2D	CollisionShape2D	/root/Chapter03Route/RoomHost/Ch3ChoirGallery/Geometry/Floor	0	0	true	false	0	true	(1216.0, 666.0)
CH3_CHOIR_GALLERY	/root/Chapter03Route/RoomHost/Ch3ChoirGallery/Geometry/LeftWall	StaticBody2D	/root/Chapter03Route/RoomHost/Ch3ChoirGallery/Geometry	0	0	true	false	0	true	(0.0, 0.0)
CH3_CHOIR_GALLERY	/root/Chapter03Route/RoomHost/Ch3ChoirGallery/Geometry/LeftWall/CollisionShape2D	CollisionShape2D	/root/Chapter03Route/RoomHost/Ch3ChoirGallery/Geometry/LeftWall	0	0	true	false	0	true	(-24.0, 360.0)
CH3_CHOIR_GALLERY	/root/Chapter03Route/RoomHost/Ch3ChoirGallery/Geometry/WestChoirSeatPlatform	StaticBody2D	/root/Chapter03Route/RoomHost/Ch3ChoirGallery/Geometry	0	0	true	false	0	true	(0.0, 0.0)
CH3_CHOIR_GALLERY	/root/Chapter03Route/RoomHost/Ch3ChoirGallery/Geometry/WestChoirSeatPlatform/Visual	Sprite2D	/root/Chapter03Route/RoomHost/Ch3ChoirGallery/Geometry/WestChoirSeatPlatform	0	0	true	false	0	true	(544.0, 576.0)
CH3_CHOIR_GALLERY	/root/Chapter03Route/RoomHost/Ch3ChoirGallery/Geometry/WestChoirSeatPlatform/CollisionShape2D	CollisionShape2D	/root/Chapter03Route/RoomHost/Ch3ChoirGallery/Geometry/WestChoirSeatPlatform	0	0	true	false	0	true	(544.0, 564.0)
CH3_CHOIR_GALLERY	/root/Chapter03Route/RoomHost/Ch3ChoirGallery/Geometry/EastChoirSeatPlatform	StaticBody2D	/root/Chapter03Route/RoomHost/Ch3ChoirGallery/Geometry	0	0	true	false	0	true	(0.0, 0.0)
CH3_CHOIR_GALLERY	/root/Chapter03Route/RoomHost/Ch3ChoirGallery/Geometry/EastChoirSeatPlatform/Visual	Sprite2D	/root/Chapter03Route/RoomHost/Ch3ChoirGallery/Geometry/EastChoirSeatPlatform	0	0	true	false	0	true	(1424.0, 576.0)
CH3_CHOIR_GALLERY	/root/Chapter03Route/RoomHost/Ch3ChoirGallery/Geometry/EastChoirSeatPlatform/CollisionShape2D	CollisionShape2D	/root/Chapter03Route/RoomHost/Ch3ChoirGallery/Geometry/EastChoirSeatPlatform	0	0	true	false	0	true	(1424.0, 564.0)
CH3_CHOIR_GALLERY	/root/Chapter03Route/RoomHost/Ch3ChoirGallery/Geometry/OrganAccessCorbel	StaticBody2D	/root/Chapter03Route/RoomHost/Ch3ChoirGallery/Geometry	0	0	true	false	0	true	(0.0, 0.0)
CH3_CHOIR_GALLERY	/root/Chapter03Route/RoomHost/Ch3ChoirGallery/Geometry/OrganAccessCorbel/Visual	Sprite2D	/root/Chapter03Route/RoomHost/Ch3ChoirGallery/Geometry/OrganAccessCorbel	0	0	true	false	0	true	(1632.0, 516.0)
CH3_CHOIR_GALLERY	/root/Chapter03Route/RoomHost/Ch3ChoirGallery/Geometry/OrganAccessCorbel/CollisionShape2D	CollisionShape2D	/root/Chapter03Route/RoomHost/Ch3ChoirGallery/Geometry/OrganAccessCorbel	0	0	true	false	0	true	(1632.0, 504.0)
CH3_CHOIR_GALLERY	/root/Chapter03Route/RoomHost/Ch3ChoirGallery/Geometry/OrganMaintenanceDeck	StaticBody2D	/root/Chapter03Route/RoomHost/Ch3ChoirGallery/Geometry	0	0	true	false	0	true	(0.0, 0.0)
CH3_CHOIR_GALLERY	/root/Chapter03Route/RoomHost/Ch3ChoirGallery/Geometry/OrganMaintenanceDeck/Visual	Sprite2D	/root/Chapter03Route/RoomHost/Ch3ChoirGallery/Geometry/OrganMaintenanceDeck	0	0	true	false	0	true	(1808.0, 456.0)
CH3_CHOIR_GALLERY	/root/Chapter03Route/RoomHost/Ch3ChoirGallery/Geometry/OrganMaintenanceDeck/CollisionShape2D	CollisionShape2D	/root/Chapter03Route/RoomHost/Ch3ChoirGallery/Geometry/OrganMaintenanceDeck	0	0	true	false	0	true	(1808.0, 444.0)
CH3_CHOIR_GALLERY	/root/Chapter03Route/RoomHost/Ch3ChoirGallery/Doors	Node2D	/root/Chapter03Route/RoomHost/Ch3ChoirGallery	0	0	true	false	0	true	(0.0, 0.0)
CH3_CHOIR_GALLERY	/root/Chapter03Route/RoomHost/Ch3ChoirGallery/Doors/CheckpointDoor	Area2D	/root/Chapter03Route/RoomHost/Ch3ChoirGallery/Doors	0	0	true	false	0	true	(2304.0, 380.0)
CH3_CHOIR_GALLERY	/root/Chapter03Route/RoomHost/Ch3ChoirGallery/Doors/CheckpointDoor/Presentation	Node2D	/root/Chapter03Route/RoomHost/Ch3ChoirGallery/Doors/CheckpointDoor	-30	-30	true	false	0	true	(2304.0, 380.0)
CH3_CHOIR_GALLERY	/root/Chapter03Route/RoomHost/Ch3ChoirGallery/Doors/CheckpointDoor/Presentation/DoorVisual	Sprite2D	/root/Chapter03Route/RoomHost/Ch3ChoirGallery/Doors/CheckpointDoor/Presentation	0	-30	true	false	0	true	(2304.0, 380.0)
CH3_CHOIR_GALLERY	/root/Chapter03Route/RoomHost/Ch3ChoirGallery/Doors/CheckpointDoor/Blocker	StaticBody2D	/root/Chapter03Route/RoomHost/Ch3ChoirGallery/Doors/CheckpointDoor	0	0	true	false	0	true	(2304.0, 380.0)
CH3_CHOIR_GALLERY	/root/Chapter03Route/RoomHost/Ch3ChoirGallery/Doors/CheckpointDoor/Blocker/CollisionShape2D	CollisionShape2D	/root/Chapter03Route/RoomHost/Ch3ChoirGallery/Doors/CheckpointDoor/Blocker	0	0	true	false	0	true	(2304.0, 446.0)
CH3_CHOIR_GALLERY	/root/Chapter03Route/RoomHost/Ch3ChoirGallery/Doors/CheckpointDoor/CollisionShape2D	CollisionShape2D	/root/Chapter03Route/RoomHost/Ch3ChoirGallery/Doors/CheckpointDoor	0	0	true	false	0	true	(2246.0, 446.0)
CH3_CHOIR_GALLERY	/root/Chapter03Route/RoomHost/Ch3ChoirGallery/Doors/CheckpointDoor/Interaction	Node2D	/root/Chapter03Route/RoomHost/Ch3ChoirGallery/Doors/CheckpointDoor	14	14	true	false	0	true	(2304.0, 380.0)
CH3_CHOIR_GALLERY	/root/Chapter03Route/RoomHost/Ch3ChoirGallery/Doors/CheckpointDoor/Interaction/Prompt	Label	/root/Chapter03Route/RoomHost/Ch3ChoirGallery/Doors/CheckpointDoor/Interaction	0	14	true	false	0	false	(2182.0, 262.0)
CH3_CHOIR_GALLERY	/root/Chapter03Route/RoomHost/Ch3ChoirGallery/Enemies	Node2D	/root/Chapter03Route/RoomHost/Ch3ChoirGallery	0	0	true	false	0	true	(0.0, 0.0)
CH3_CHOIR_GALLERY	/root/Chapter03Route/RoomHost/Ch3ChoirGallery/Enemies/CenserExecutioner	CharacterBody2D	/root/Chapter03Route/RoomHost/Ch3ChoirGallery/Enemies	10	10	true	false	0	true	(780.0, 581.9998)
CH3_CHOIR_GALLERY	/root/Chapter03Route/RoomHost/Ch3ChoirGallery/Enemies/CenserExecutioner/VisualRoot	Node2D	/root/Chapter03Route/RoomHost/Ch3ChoirGallery/Enemies/CenserExecutioner	0	10	true	false	0	true	(780.0, 581.9998)
CH3_CHOIR_GALLERY	/root/Chapter03Route/RoomHost/Ch3ChoirGallery/Enemies/CenserExecutioner/VisualRoot/AnimatedSprite2D	AnimatedSprite2D	/root/Chapter03Route/RoomHost/Ch3ChoirGallery/Enemies/CenserExecutioner/VisualRoot	0	10	true	false	0	true	(780.0, 581.9998)
CH3_CHOIR_GALLERY	/root/Chapter03Route/RoomHost/Ch3ChoirGallery/Enemies/CenserExecutioner/CollisionShape2D	CollisionShape2D	/root/Chapter03Route/RoomHost/Ch3ChoirGallery/Enemies/CenserExecutioner	0	10	true	false	0	true	(780.0, 586.9998)
CH3_CHOIR_GALLERY	/root/Chapter03Route/RoomHost/Ch3ChoirGallery/Enemies/CenserExecutioner/Hurtbox	Area2D	/root/Chapter03Route/RoomHost/Ch3ChoirGallery/Enemies/CenserExecutioner	0	10	true	false	0	true	(780.0, 581.9998)
CH3_CHOIR_GALLERY	/root/Chapter03Route/RoomHost/Ch3ChoirGallery/Enemies/CenserExecutioner/Hurtbox/CollisionShape2D	CollisionShape2D	/root/Chapter03Route/RoomHost/Ch3ChoirGallery/Enemies/CenserExecutioner/Hurtbox	0	10	true	false	0	true	(780.0, 586.9998)
CH3_CHOIR_GALLERY	/root/Chapter03Route/RoomHost/Ch3ChoirGallery/Enemies/CenserExecutioner/FacingRoot	Node2D	/root/Chapter03Route/RoomHost/Ch3ChoirGallery/Enemies/CenserExecutioner	0	10	true	false	0	true	(780.0, 581.9998)
CH3_CHOIR_GALLERY	/root/Chapter03Route/RoomHost/Ch3ChoirGallery/Enemies/CenserExecutioner/FacingRoot/PrimaryHitbox	Area2D	/root/Chapter03Route/RoomHost/Ch3ChoirGallery/Enemies/CenserExecutioner/FacingRoot	0	10	true	false	0	true	(745.0, 579.9998)
CH3_CHOIR_GALLERY	/root/Chapter03Route/RoomHost/Ch3ChoirGallery/Enemies/CenserExecutioner/FacingRoot/PrimaryHitbox/CollisionShape2D	CollisionShape2D	/root/Chapter03Route/RoomHost/Ch3ChoirGallery/Enemies/CenserExecutioner/FacingRoot/PrimaryHitbox	0	10	true	false	0	true	(745.0, 579.9998)
CH3_CHOIR_GALLERY	/root/Chapter03Route/RoomHost/Ch3ChoirGallery/Enemies/CenserExecutioner/FacingRoot/SecondaryHitbox	Area2D	/root/Chapter03Route/RoomHost/Ch3ChoirGallery/Enemies/CenserExecutioner/FacingRoot	0	10	true	false	0	true	(737.0, 580.9998)
CH3_CHOIR_GALLERY	/root/Chapter03Route/RoomHost/Ch3ChoirGallery/Enemies/CenserExecutioner/FacingRoot/SecondaryHitbox/CollisionShape2D	CollisionShape2D	/root/Chapter03Route/RoomHost/Ch3ChoirGallery/Enemies/CenserExecutioner/FacingRoot/SecondaryHitbox	0	10	true	false	0	true	(737.0, 580.9998)
CH3_CHOIR_GALLERY	/root/Chapter03Route/RoomHost/Ch3ChoirGallery/Enemies/CenserExecutioner/DetectionArea	Area2D	/root/Chapter03Route/RoomHost/Ch3ChoirGallery/Enemies/CenserExecutioner	0	10	true	false	0	true	(780.0, 581.9998)
CH3_CHOIR_GALLERY	/root/Chapter03Route/RoomHost/Ch3ChoirGallery/Enemies/CenserExecutioner/DetectionArea/CollisionShape2D	CollisionShape2D	/root/Chapter03Route/RoomHost/Ch3ChoirGallery/Enemies/CenserExecutioner/DetectionArea	0	10	true	false	0	true	(780.0, 581.9998)
CH3_CHOIR_GALLERY	/root/Chapter03Route/RoomHost/Ch3ChoirGallery/Enemies/CenserExecutioner/WallCheck	RayCast2D	/root/Chapter03Route/RoomHost/Ch3ChoirGallery/Enemies/CenserExecutioner	0	10	true	false	0	true	(780.0, 585.9998)
CH3_CHOIR_GALLERY	/root/Chapter03Route/RoomHost/Ch3ChoirGallery/Enemies/CenserExecutioner/FloorCheck	RayCast2D	/root/Chapter03Route/RoomHost/Ch3ChoirGallery/Enemies/CenserExecutioner	0	10	true	false	0	true	(761.0, 601.9998)
CH3_CHOIR_GALLERY	/root/Chapter03Route/RoomHost/Ch3ChoirGallery/Enemies/SilentChorister	CharacterBody2D	/root/Chapter03Route/RoomHost/Ch3ChoirGallery/Enemies	10	10	true	false	0	true	(1180.0, 470.5488)
CH3_CHOIR_GALLERY	/root/Chapter03Route/RoomHost/Ch3ChoirGallery/Enemies/SilentChorister/VisualRoot	Node2D	/root/Chapter03Route/RoomHost/Ch3ChoirGallery/Enemies/SilentChorister	0	10	true	false	0	true	(1180.0, 470.5488)
CH3_CHOIR_GALLERY	/root/Chapter03Route/RoomHost/Ch3ChoirGallery/Enemies/SilentChorister/VisualRoot/AnimatedSprite2D	AnimatedSprite2D	/root/Chapter03Route/RoomHost/Ch3ChoirGallery/Enemies/SilentChorister/VisualRoot	0	10	true	false	0	true	(1180.0, 470.5488)
CH3_CHOIR_GALLERY	/root/Chapter03Route/RoomHost/Ch3ChoirGallery/Enemies/SilentChorister/CollisionShape2D	CollisionShape2D	/root/Chapter03Route/RoomHost/Ch3ChoirGallery/Enemies/SilentChorister	0	10	true	false	0	true	(1180.0, 475.5488)
CH3_CHOIR_GALLERY	/root/Chapter03Route/RoomHost/Ch3ChoirGallery/Enemies/SilentChorister/Hurtbox	Area2D	/root/Chapter03Route/RoomHost/Ch3ChoirGallery/Enemies/SilentChorister	0	10	true	false	0	true	(1180.0, 470.5488)
CH3_CHOIR_GALLERY	/root/Chapter03Route/RoomHost/Ch3ChoirGallery/Enemies/SilentChorister/Hurtbox/CollisionShape2D	CollisionShape2D	/root/Chapter03Route/RoomHost/Ch3ChoirGallery/Enemies/SilentChorister/Hurtbox	0	10	true	false	0	true	(1180.0, 475.5488)
CH3_CHOIR_GALLERY	/root/Chapter03Route/RoomHost/Ch3ChoirGallery/Enemies/SilentChorister/FacingRoot	Node2D	/root/Chapter03Route/RoomHost/Ch3ChoirGallery/Enemies/SilentChorister	0	10	true	false	0	true	(1180.0, 470.5488)
CH3_CHOIR_GALLERY	/root/Chapter03Route/RoomHost/Ch3ChoirGallery/Enemies/SilentChorister/FacingRoot/PrimaryHitbox	Area2D	/root/Chapter03Route/RoomHost/Ch3ChoirGallery/Enemies/SilentChorister/FacingRoot	0	10	true	false	0	true	(1145.0, 468.5488)
CH3_CHOIR_GALLERY	/root/Chapter03Route/RoomHost/Ch3ChoirGallery/Enemies/SilentChorister/FacingRoot/PrimaryHitbox/CollisionShape2D	CollisionShape2D	/root/Chapter03Route/RoomHost/Ch3ChoirGallery/Enemies/SilentChorister/FacingRoot/PrimaryHitbox	0	10	true	false	0	true	(1145.0, 468.5488)
CH3_CHOIR_GALLERY	/root/Chapter03Route/RoomHost/Ch3ChoirGallery/Enemies/SilentChorister/FacingRoot/SecondaryHitbox	Area2D	/root/Chapter03Route/RoomHost/Ch3ChoirGallery/Enemies/SilentChorister/FacingRoot	0	10	true	false	0	true	(1137.0, 469.5488)
CH3_CHOIR_GALLERY	/root/Chapter03Route/RoomHost/Ch3ChoirGallery/Enemies/SilentChorister/FacingRoot/SecondaryHitbox/CollisionShape2D	CollisionShape2D	/root/Chapter03Route/RoomHost/Ch3ChoirGallery/Enemies/SilentChorister/FacingRoot/SecondaryHitbox	0	10	true	false	0	true	(1137.0, 469.5488)
CH3_CHOIR_GALLERY	/root/Chapter03Route/RoomHost/Ch3ChoirGallery/Enemies/SilentChorister/DetectionArea	Area2D	/root/Chapter03Route/RoomHost/Ch3ChoirGallery/Enemies/SilentChorister	0	10	true	false	0	true	(1180.0, 470.5488)
CH3_CHOIR_GALLERY	/root/Chapter03Route/RoomHost/Ch3ChoirGallery/Enemies/SilentChorister/DetectionArea/CollisionShape2D	CollisionShape2D	/root/Chapter03Route/RoomHost/Ch3ChoirGallery/Enemies/SilentChorister/DetectionArea	0	10	true	false	0	true	(1180.0, 470.5488)
CH3_CHOIR_GALLERY	/root/Chapter03Route/RoomHost/Ch3ChoirGallery/Enemies/SilentChorister/WallCheck	RayCast2D	/root/Chapter03Route/RoomHost/Ch3ChoirGallery/Enemies/SilentChorister	0	10	true	false	0	true	(1180.0, 474.5488)
CH3_CHOIR_GALLERY	/root/Chapter03Route/RoomHost/Ch3ChoirGallery/Enemies/SilentChorister/FloorCheck	RayCast2D	/root/Chapter03Route/RoomHost/Ch3ChoirGallery/Enemies/SilentChorister	0	10	true	false	0	true	(1161.0, 490.5488)
CH3_CHOIR_GALLERY	/root/Chapter03Route/RoomHost/Ch3ChoirGallery/Enemies/StainedGlassSeraph	CharacterBody2D	/root/Chapter03Route/RoomHost/Ch3ChoirGallery/Enemies	10	10	true	false	0	true	(1840.0, 360.8781)
CH3_CHOIR_GALLERY	/root/Chapter03Route/RoomHost/Ch3ChoirGallery/Enemies/StainedGlassSeraph/VisualRoot	Node2D	/root/Chapter03Route/RoomHost/Ch3ChoirGallery/Enemies/StainedGlassSeraph	0	10	true	false	0	true	(1840.0, 360.8781)
CH3_CHOIR_GALLERY	/root/Chapter03Route/RoomHost/Ch3ChoirGallery/Enemies/StainedGlassSeraph/VisualRoot/AnimatedSprite2D	AnimatedSprite2D	/root/Chapter03Route/RoomHost/Ch3ChoirGallery/Enemies/StainedGlassSeraph/VisualRoot	0	10	true	false	0	true	(1840.0, 360.8781)
CH3_CHOIR_GALLERY	/root/Chapter03Route/RoomHost/Ch3ChoirGallery/Enemies/StainedGlassSeraph/CollisionShape2D	CollisionShape2D	/root/Chapter03Route/RoomHost/Ch3ChoirGallery/Enemies/StainedGlassSeraph	0	10	true	false	0	true	(1840.0, 365.8781)
CH3_CHOIR_GALLERY	/root/Chapter03Route/RoomHost/Ch3ChoirGallery/Enemies/StainedGlassSeraph/Hurtbox	Area2D	/root/Chapter03Route/RoomHost/Ch3ChoirGallery/Enemies/StainedGlassSeraph	0	10	true	false	0	true	(1840.0, 360.8781)
CH3_CHOIR_GALLERY	/root/Chapter03Route/RoomHost/Ch3ChoirGallery/Enemies/StainedGlassSeraph/Hurtbox/CollisionShape2D	CollisionShape2D	/root/Chapter03Route/RoomHost/Ch3ChoirGallery/Enemies/StainedGlassSeraph/Hurtbox	0	10	true	false	0	true	(1840.0, 365.8781)
CH3_CHOIR_GALLERY	/root/Chapter03Route/RoomHost/Ch3ChoirGallery/Enemies/StainedGlassSeraph/FacingRoot	Node2D	/root/Chapter03Route/RoomHost/Ch3ChoirGallery/Enemies/StainedGlassSeraph	0	10	true	false	0	true	(1840.0, 360.8781)
CH3_CHOIR_GALLERY	/root/Chapter03Route/RoomHost/Ch3ChoirGallery/Enemies/StainedGlassSeraph/FacingRoot/PrimaryHitbox	Area2D	/root/Chapter03Route/RoomHost/Ch3ChoirGallery/Enemies/StainedGlassSeraph/FacingRoot	0	10	true	false	0	true	(1805.0, 358.8781)
CH3_CHOIR_GALLERY	/root/Chapter03Route/RoomHost/Ch3ChoirGallery/Enemies/StainedGlassSeraph/FacingRoot/PrimaryHitbox/CollisionShape2D	CollisionShape2D	/root/Chapter03Route/RoomHost/Ch3ChoirGallery/Enemies/StainedGlassSeraph/FacingRoot/PrimaryHitbox	0	10	true	false	0	true	(1805.0, 358.8781)
CH3_CHOIR_GALLERY	/root/Chapter03Route/RoomHost/Ch3ChoirGallery/Enemies/StainedGlassSeraph/FacingRoot/SecondaryHitbox	Area2D	/root/Chapter03Route/RoomHost/Ch3ChoirGallery/Enemies/StainedGlassSeraph/FacingRoot	0	10	true	false	0	true	(1797.0, 359.8781)
CH3_CHOIR_GALLERY	/root/Chapter03Route/RoomHost/Ch3ChoirGallery/Enemies/StainedGlassSeraph/FacingRoot/SecondaryHitbox/CollisionShape2D	CollisionShape2D	/root/Chapter03Route/RoomHost/Ch3ChoirGallery/Enemies/StainedGlassSeraph/FacingRoot/SecondaryHitbox	0	10	true	false	0	true	(1797.0, 359.8781)
CH3_CHOIR_GALLERY	/root/Chapter03Route/RoomHost/Ch3ChoirGallery/Enemies/StainedGlassSeraph/DetectionArea	Area2D	/root/Chapter03Route/RoomHost/Ch3ChoirGallery/Enemies/StainedGlassSeraph	0	10	true	false	0	true	(1840.0, 360.8781)
CH3_CHOIR_GALLERY	/root/Chapter03Route/RoomHost/Ch3ChoirGallery/Enemies/StainedGlassSeraph/DetectionArea/CollisionShape2D	CollisionShape2D	/root/Chapter03Route/RoomHost/Ch3ChoirGallery/Enemies/StainedGlassSeraph/DetectionArea	0	10	true	false	0	true	(1840.0, 360.8781)
CH3_CHOIR_GALLERY	/root/Chapter03Route/RoomHost/Ch3ChoirGallery/Enemies/StainedGlassSeraph/WallCheck	RayCast2D	/root/Chapter03Route/RoomHost/Ch3ChoirGallery/Enemies/StainedGlassSeraph	0	10	true	false	0	true	(1840.0, 364.8781)
CH3_CHOIR_GALLERY	/root/Chapter03Route/RoomHost/Ch3ChoirGallery/Enemies/StainedGlassSeraph/FloorCheck	RayCast2D	/root/Chapter03Route/RoomHost/Ch3ChoirGallery/Enemies/StainedGlassSeraph	0	10	true	false	0	true	(1821.0, 380.8781)
CH3_CHOIR_GALLERY	/root/Chapter03Route/RoomHost/Ch3ChoirGallery/SpawnPoints	Node2D	/root/Chapter03Route/RoomHost/Ch3ChoirGallery	0	0	true	false	0	true	(0.0, 0.0)
CH3_CHOIR_GALLERY	/root/Chapter03Route/RoomHost/Ch3ChoirGallery/SpawnPoints/EntryWest	Marker2D	/root/Chapter03Route/RoomHost/Ch3ChoirGallery/SpawnPoints	0	0	true	false	0	true	(128.0, 584.0)
CH3_CHOIR_GALLERY	/root/Chapter03Route/RoomHost/Ch3ChoirGallery/SpawnPoints/EnemyTest	Marker2D	/root/Chapter03Route/RoomHost/Ch3ChoirGallery/SpawnPoints	0	0	true	false	0	true	(620.0, 584.0)
CH3_CHOIR_GALLERY	/root/Chapter03Route/PersistentRuntime/ChapterRuntime/Player	CharacterBody2D	/root/Chapter03Route/PersistentRuntime/ChapterRuntime	12	12	true	false	0	true	(128.0, 584.0)
CH3_CHOIR_GALLERY	/root/Chapter03Route/PersistentRuntime/ChapterRuntime/Player/VisualRoot	Node2D	/root/Chapter03Route/PersistentRuntime/ChapterRuntime/Player	0	12	true	false	0	true	(128.0, 584.0)
CH3_CHOIR_GALLERY	/root/Chapter03Route/PersistentRuntime/ChapterRuntime/Player/VisualRoot/AnimatedSprite2D	AnimatedSprite2D	/root/Chapter03Route/PersistentRuntime/ChapterRuntime/Player/VisualRoot	0	12	true	false	0	true	(128.0, 584.0)
CH3_CHOIR_GALLERY	/root/Chapter03Route/PersistentRuntime/ChapterRuntime/Player/VisualRoot/WeaponVisual	Node2D	/root/Chapter03Route/PersistentRuntime/ChapterRuntime/Player/VisualRoot	1	13	true	false	0	true	(128.0, 584.0)
CH3_CHOIR_GALLERY	/root/Chapter03Route/PersistentRuntime/ChapterRuntime/Player/VisualRoot/DeathEffects	Node2D	/root/Chapter03Route/PersistentRuntime/ChapterRuntime/Player/VisualRoot	2	14	true	false	0	true	(128.0, 584.0)
CH3_CHOIR_GALLERY	/root/Chapter03Route/PersistentRuntime/ChapterRuntime/Player/VisualRoot/DeathEffects/GhostSprite	Sprite2D	/root/Chapter03Route/PersistentRuntime/ChapterRuntime/Player/VisualRoot/DeathEffects	0	14	true	false	0	false	(128.0, 591.0)
CH3_CHOIR_GALLERY	/root/Chapter03Route/PersistentRuntime/ChapterRuntime/Player/CollisionShape2D	CollisionShape2D	/root/Chapter03Route/PersistentRuntime/ChapterRuntime/Player	0	12	true	false	0	true	(128.0, 586.0)
CH3_CHOIR_GALLERY	/root/Chapter03Route/PersistentRuntime/ChapterRuntime/Player/Hurtbox	Area2D	/root/Chapter03Route/PersistentRuntime/ChapterRuntime/Player	0	12	true	false	0	true	(128.0, 584.0)
CH3_CHOIR_GALLERY	/root/Chapter03Route/PersistentRuntime/ChapterRuntime/Player/Hurtbox/CollisionShape2D	CollisionShape2D	/root/Chapter03Route/PersistentRuntime/ChapterRuntime/Player/Hurtbox	0	12	true	false	0	true	(128.0, 586.0)
CH3_CHOIR_GALLERY	/root/Chapter03Route/PersistentRuntime/ChapterRuntime/Player/CombatRoot	Node2D	/root/Chapter03Route/PersistentRuntime/ChapterRuntime/Player	0	12	true	false	0	true	(128.0, 584.0)
CH3_CHOIR_GALLERY	/root/Chapter03Route/PersistentRuntime/ChapterRuntime/Player/CombatRoot/AttackHitbox	Area2D	/root/Chapter03Route/PersistentRuntime/ChapterRuntime/Player/CombatRoot	0	12	true	false	0	true	(157.0, 581.0)
CH3_CHOIR_GALLERY	/root/Chapter03Route/PersistentRuntime/ChapterRuntime/Player/CombatRoot/AttackHitbox/CollisionShape2D	CollisionShape2D	/root/Chapter03Route/PersistentRuntime/ChapterRuntime/Player/CombatRoot/AttackHitbox	0	12	true	false	0	true	(157.0, 581.0)
CH3_CHOIR_GALLERY	/root/Chapter03Route/PersistentRuntime/ChapterRuntime/Player/CombatRoot/DashAttackHitbox	Area2D	/root/Chapter03Route/PersistentRuntime/ChapterRuntime/Player/CombatRoot	0	12	true	false	0	true	(165.0, 581.0)
CH3_CHOIR_GALLERY	/root/Chapter03Route/PersistentRuntime/ChapterRuntime/Player/CombatRoot/DashAttackHitbox/CollisionShape2D	CollisionShape2D	/root/Chapter03Route/PersistentRuntime/ChapterRuntime/Player/CombatRoot/DashAttackHitbox	0	12	true	false	0	true	(165.0, 581.0)
CH3_CHOIR_GALLERY	/root/Chapter03Route/PersistentRuntime/ChapterRuntime/Player/Camera2D	Camera2D	/root/Chapter03Route/PersistentRuntime/ChapterRuntime/Player	0	12	true	false	0	true	(128.0, 479.0)
CH3_CHOIR_GALLERY	/root/Chapter03Route/PersistentRuntime/ChapterRuntime/HUD/RoomFade	ColorRect	/root/Chapter03Route/PersistentRuntime/ChapterRuntime/HUD	0	0	true	false	1	false	(0.0, 0.0)
CH3_CHOIR_GALLERY_DYNAMIC_DROP	/root/Chapter03Route/RoomHost/Ch3ChoirGallery/Enemies/CoinPickup	Area2D	/root/Chapter03Route/RoomHost/Ch3ChoirGallery/Enemies	13	13	true	false	0	true	(784.0, 572.7335)
CH3_CHOIR_GALLERY_DYNAMIC_DROP	/root/Chapter03Route/RoomHost/Ch3ChoirGallery/Enemies/CoinPickup/PixelVisual	Node2D	/root/Chapter03Route/RoomHost/Ch3ChoirGallery/Enemies/CoinPickup	0	13	true	false	0	true	(784.0, 572.7335)
CH3_CHOIR_GALLERY_DYNAMIC_DROP	/root/Chapter03Route/RoomHost/Ch3ChoirGallery/Enemies/CoinPickup/CollisionShape2D	CollisionShape2D	/root/Chapter03Route/RoomHost/Ch3ChoirGallery/Enemies/CoinPickup	0	13	true	false	0	true	(784.0, 572.7335)
CH3_CHOIR_GALLERY_DYNAMIC_FX	/root/Chapter03Route/RoomHost/Ch3ChoirGallery/Chapter03EnemyProjectile	Area2D	/root/Chapter03Route/RoomHost/Ch3ChoirGallery	16	16	true	false	0	true	(1500.0, 520.0)
CH3_CHOIR_GALLERY_DYNAMIC_FX	/root/Chapter03Route/RoomHost/Ch3ChoirGallery/Chapter03EnemyProjectile/Visual	Polygon2D	/root/Chapter03Route/RoomHost/Ch3ChoirGallery/Chapter03EnemyProjectile	0	16	true	false	0	true	(1500.0, 520.0)
CH3_CHOIR_GALLERY_DYNAMIC_FX	/root/Chapter03Route/RoomHost/Ch3ChoirGallery/Chapter03EnemyProjectile/WorldCollisionShape2D	CollisionShape2D	/root/Chapter03Route/RoomHost/Ch3ChoirGallery/Chapter03EnemyProjectile	0	16	true	false	0	true	(1500.0, 520.0)
CH3_CHOIR_GALLERY_DYNAMIC_FX	/root/Chapter03Route/RoomHost/Ch3ChoirGallery/Chapter03EnemyProjectile/Hitbox	Area2D	/root/Chapter03Route/RoomHost/Ch3ChoirGallery/Chapter03EnemyProjectile	0	16	true	false	0	true	(1500.0, 520.0)
CH3_CHOIR_GALLERY_DYNAMIC_FX	/root/Chapter03Route/RoomHost/Ch3ChoirGallery/Chapter03EnemyProjectile/Hitbox/CollisionShape2D	CollisionShape2D	/root/Chapter03Route/RoomHost/Ch3ChoirGallery/Chapter03EnemyProjectile/Hitbox	0	16	true	false	0	true	(1500.0, 520.0)
CH3_CHOIR_GALLERY_DYNAMIC_FX	/root/Chapter03Route/RoomHost/Ch3ChoirGallery/Chapter03TimedField	Area2D	/root/Chapter03Route/RoomHost/Ch3ChoirGallery	16	16	true	false	0	true	(1580.0, 570.0)
CH3_CHOIR_GALLERY_DYNAMIC_FX	/root/Chapter03Route/RoomHost/Ch3ChoirGallery/Chapter03TimedField/Visual	Polygon2D	/root/Chapter03Route/RoomHost/Ch3ChoirGallery/Chapter03TimedField	0	16	true	false	0	true	(1580.0, 570.0)
CH3_CHOIR_GALLERY_DYNAMIC_FX	/root/Chapter03Route/RoomHost/Ch3ChoirGallery/Chapter03TimedField/CollisionShape2D	CollisionShape2D	/root/Chapter03Route/RoomHost/Ch3ChoirGallery/Chapter03TimedField	0	16	true	false	0	true	(1580.0, 567.0)
CH3_CHOIR_GALLERY_DYNAMIC_FX	/root/Chapter03Route/RoomHost/Ch3ChoirGallery/Chapter03TimedField/Hitbox	Area2D	/root/Chapter03Route/RoomHost/Ch3ChoirGallery/Chapter03TimedField	0	16	true	false	0	true	(1580.0, 570.0)
CH3_CHOIR_GALLERY_DYNAMIC_FX	/root/Chapter03Route/RoomHost/Ch3ChoirGallery/Chapter03TimedField/Hitbox/CollisionShape2D	CollisionShape2D	/root/Chapter03Route/RoomHost/Ch3ChoirGallery/Chapter03TimedField/Hitbox	0	16	true	false	0	true	(1580.0, 567.0)
CH3_BOSS_CHECKPOINT	/root/Chapter03Route/RoomHost/Ch3BossCheckpoint	Node2D	/root/Chapter03Route/RoomHost	0	0	true	false	0	true	(0.0, 0.0)
CH3_BOSS_CHECKPOINT	/root/Chapter03Route/RoomHost/Ch3BossCheckpoint/Backdrop	Sprite2D	/root/Chapter03Route/RoomHost/Ch3BossCheckpoint	-100	-100	true	false	0	true	(448.0, 360.0)
CH3_BOSS_CHECKPOINT	/root/Chapter03Route/RoomHost/Ch3BossCheckpoint/CheckpointVisual	Sprite2D	/root/Chapter03Route/RoomHost/Ch3BossCheckpoint	-30	-30	true	false	0	true	(298.0, 508.0)
CH3_BOSS_CHECKPOINT	/root/Chapter03Route/RoomHost/Ch3BossCheckpoint/Lectern	Sprite2D	/root/Chapter03Route/RoomHost/Ch3BossCheckpoint	-30	-30	true	false	0	true	(520.0, 540.0)
CH3_BOSS_CHECKPOINT	/root/Chapter03Route/RoomHost/Ch3BossCheckpoint/Geometry	Node2D	/root/Chapter03Route/RoomHost/Ch3BossCheckpoint	0	0	true	false	0	true	(0.0, 0.0)
CH3_BOSS_CHECKPOINT	/root/Chapter03Route/RoomHost/Ch3BossCheckpoint/Geometry/Floor	StaticBody2D	/root/Chapter03Route/RoomHost/Ch3BossCheckpoint/Geometry	0	0	true	false	0	true	(0.0, 0.0)
CH3_BOSS_CHECKPOINT	/root/Chapter03Route/RoomHost/Ch3BossCheckpoint/Geometry/Floor/CollisionShape2D	CollisionShape2D	/root/Chapter03Route/RoomHost/Ch3BossCheckpoint/Geometry/Floor	0	0	true	false	0	true	(448.0, 666.0)
CH3_BOSS_CHECKPOINT	/root/Chapter03Route/RoomHost/Ch3BossCheckpoint/Geometry/LeftWall	StaticBody2D	/root/Chapter03Route/RoomHost/Ch3BossCheckpoint/Geometry	0	0	true	false	0	true	(0.0, 0.0)
CH3_BOSS_CHECKPOINT	/root/Chapter03Route/RoomHost/Ch3BossCheckpoint/Geometry/LeftWall/CollisionShape2D	CollisionShape2D	/root/Chapter03Route/RoomHost/Ch3BossCheckpoint/Geometry/LeftWall	0	0	true	false	0	true	(-24.0, 360.0)
CH3_BOSS_CHECKPOINT	/root/Chapter03Route/RoomHost/Ch3BossCheckpoint/Doors	Node2D	/root/Chapter03Route/RoomHost/Ch3BossCheckpoint	0	0	true	false	0	true	(0.0, 0.0)
CH3_BOSS_CHECKPOINT	/root/Chapter03Route/RoomHost/Ch3BossCheckpoint/Doors/ConfessionDoor	Area2D	/root/Chapter03Route/RoomHost/Ch3BossCheckpoint/Doors	0	0	true	false	0	true	(790.0, 380.0)
CH3_BOSS_CHECKPOINT	/root/Chapter03Route/RoomHost/Ch3BossCheckpoint/Doors/ConfessionDoor/Presentation	Node2D	/root/Chapter03Route/RoomHost/Ch3BossCheckpoint/Doors/ConfessionDoor	-30	-30	true	false	0	true	(790.0, 380.0)
CH3_BOSS_CHECKPOINT	/root/Chapter03Route/RoomHost/Ch3BossCheckpoint/Doors/ConfessionDoor/Presentation/DoorVisual	Sprite2D	/root/Chapter03Route/RoomHost/Ch3BossCheckpoint/Doors/ConfessionDoor/Presentation	0	-30	true	false	0	true	(790.0, 380.0)
CH3_BOSS_CHECKPOINT	/root/Chapter03Route/RoomHost/Ch3BossCheckpoint/Doors/ConfessionDoor/Blocker	StaticBody2D	/root/Chapter03Route/RoomHost/Ch3BossCheckpoint/Doors/ConfessionDoor	0	0	true	false	0	true	(790.0, 380.0)
CH3_BOSS_CHECKPOINT	/root/Chapter03Route/RoomHost/Ch3BossCheckpoint/Doors/ConfessionDoor/Blocker/CollisionShape2D	CollisionShape2D	/root/Chapter03Route/RoomHost/Ch3BossCheckpoint/Doors/ConfessionDoor/Blocker	0	0	true	false	0	true	(790.0, 446.0)
CH3_BOSS_CHECKPOINT	/root/Chapter03Route/RoomHost/Ch3BossCheckpoint/Doors/ConfessionDoor/CollisionShape2D	CollisionShape2D	/root/Chapter03Route/RoomHost/Ch3BossCheckpoint/Doors/ConfessionDoor	0	0	true	false	0	true	(742.0, 446.0)
CH3_BOSS_CHECKPOINT	/root/Chapter03Route/RoomHost/Ch3BossCheckpoint/Doors/ConfessionDoor/Interaction	Node2D	/root/Chapter03Route/RoomHost/Ch3BossCheckpoint/Doors/ConfessionDoor	14	14	true	false	0	true	(790.0, 380.0)
CH3_BOSS_CHECKPOINT	/root/Chapter03Route/RoomHost/Ch3BossCheckpoint/Doors/ConfessionDoor/Interaction/Prompt	Label	/root/Chapter03Route/RoomHost/Ch3BossCheckpoint/Doors/ConfessionDoor/Interaction	0	14	true	false	0	false	(636.0, 262.0)
CH3_BOSS_CHECKPOINT	/root/Chapter03Route/RoomHost/Ch3BossCheckpoint/SpawnPoints	Node2D	/root/Chapter03Route/RoomHost/Ch3BossCheckpoint	0	0	true	false	0	true	(0.0, 0.0)
CH3_BOSS_CHECKPOINT	/root/Chapter03Route/RoomHost/Ch3BossCheckpoint/SpawnPoints/EntryWest	Marker2D	/root/Chapter03Route/RoomHost/Ch3BossCheckpoint/SpawnPoints	0	0	true	false	0	true	(128.0, 584.0)
CH3_BOSS_CHECKPOINT	/root/Chapter03Route/RoomHost/Ch3BossCheckpoint/SpawnPoints/BossCheckpoint	Marker2D	/root/Chapter03Route/RoomHost/Ch3BossCheckpoint/SpawnPoints	0	0	true	false	0	true	(298.0, 584.0)
CH3_BOSS_CHECKPOINT	/root/Chapter03Route/RoomHost/Ch3BossCheckpoint/CheckpointArea	Area2D	/root/Chapter03Route/RoomHost/Ch3BossCheckpoint	0	0	true	false	0	true	(298.0, 506.0)
CH3_BOSS_CHECKPOINT	/root/Chapter03Route/RoomHost/Ch3BossCheckpoint/CheckpointArea/CollisionShape2D	CollisionShape2D	/root/Chapter03Route/RoomHost/Ch3BossCheckpoint/CheckpointArea	0	0	true	false	0	true	(298.0, 506.0)
CH3_BOSS_CHECKPOINT	/root/Chapter03Route/RoomHost/Ch3BossCheckpoint/CheckpointStatus	Label	/root/Chapter03Route/RoomHost/Ch3BossCheckpoint	14	14	true	false	0	false	(150.0, 338.0)
CH3_BOSS_CHECKPOINT	/root/Chapter03Route/PersistentRuntime/ChapterRuntime/Player	CharacterBody2D	/root/Chapter03Route/PersistentRuntime/ChapterRuntime	12	12	true	false	0	true	(128.0, 584.0)
CH3_BOSS_CHECKPOINT	/root/Chapter03Route/PersistentRuntime/ChapterRuntime/Player/VisualRoot	Node2D	/root/Chapter03Route/PersistentRuntime/ChapterRuntime/Player	0	12	true	false	0	true	(128.0, 584.0)
CH3_BOSS_CHECKPOINT	/root/Chapter03Route/PersistentRuntime/ChapterRuntime/Player/VisualRoot/AnimatedSprite2D	AnimatedSprite2D	/root/Chapter03Route/PersistentRuntime/ChapterRuntime/Player/VisualRoot	0	12	true	false	0	true	(128.0, 584.0)
CH3_BOSS_CHECKPOINT	/root/Chapter03Route/PersistentRuntime/ChapterRuntime/Player/VisualRoot/WeaponVisual	Node2D	/root/Chapter03Route/PersistentRuntime/ChapterRuntime/Player/VisualRoot	1	13	true	false	0	true	(128.0, 584.0)
CH3_BOSS_CHECKPOINT	/root/Chapter03Route/PersistentRuntime/ChapterRuntime/Player/VisualRoot/DeathEffects	Node2D	/root/Chapter03Route/PersistentRuntime/ChapterRuntime/Player/VisualRoot	2	14	true	false	0	true	(128.0, 584.0)
CH3_BOSS_CHECKPOINT	/root/Chapter03Route/PersistentRuntime/ChapterRuntime/Player/VisualRoot/DeathEffects/GhostSprite	Sprite2D	/root/Chapter03Route/PersistentRuntime/ChapterRuntime/Player/VisualRoot/DeathEffects	0	14	true	false	0	false	(128.0, 591.0)
CH3_BOSS_CHECKPOINT	/root/Chapter03Route/PersistentRuntime/ChapterRuntime/Player/CollisionShape2D	CollisionShape2D	/root/Chapter03Route/PersistentRuntime/ChapterRuntime/Player	0	12	true	false	0	true	(128.0, 586.0)
CH3_BOSS_CHECKPOINT	/root/Chapter03Route/PersistentRuntime/ChapterRuntime/Player/Hurtbox	Area2D	/root/Chapter03Route/PersistentRuntime/ChapterRuntime/Player	0	12	true	false	0	true	(128.0, 584.0)
CH3_BOSS_CHECKPOINT	/root/Chapter03Route/PersistentRuntime/ChapterRuntime/Player/Hurtbox/CollisionShape2D	CollisionShape2D	/root/Chapter03Route/PersistentRuntime/ChapterRuntime/Player/Hurtbox	0	12	true	false	0	true	(128.0, 586.0)
CH3_BOSS_CHECKPOINT	/root/Chapter03Route/PersistentRuntime/ChapterRuntime/Player/CombatRoot	Node2D	/root/Chapter03Route/PersistentRuntime/ChapterRuntime/Player	0	12	true	false	0	true	(128.0, 584.0)
CH3_BOSS_CHECKPOINT	/root/Chapter03Route/PersistentRuntime/ChapterRuntime/Player/CombatRoot/AttackHitbox	Area2D	/root/Chapter03Route/PersistentRuntime/ChapterRuntime/Player/CombatRoot	0	12	true	false	0	true	(157.0, 581.0)
CH3_BOSS_CHECKPOINT	/root/Chapter03Route/PersistentRuntime/ChapterRuntime/Player/CombatRoot/AttackHitbox/CollisionShape2D	CollisionShape2D	/root/Chapter03Route/PersistentRuntime/ChapterRuntime/Player/CombatRoot/AttackHitbox	0	12	true	false	0	true	(157.0, 581.0)
CH3_BOSS_CHECKPOINT	/root/Chapter03Route/PersistentRuntime/ChapterRuntime/Player/CombatRoot/DashAttackHitbox	Area2D	/root/Chapter03Route/PersistentRuntime/ChapterRuntime/Player/CombatRoot	0	12	true	false	0	true	(165.0, 581.0)
CH3_BOSS_CHECKPOINT	/root/Chapter03Route/PersistentRuntime/ChapterRuntime/Player/CombatRoot/DashAttackHitbox/CollisionShape2D	CollisionShape2D	/root/Chapter03Route/PersistentRuntime/ChapterRuntime/Player/CombatRoot/DashAttackHitbox	0	12	true	false	0	true	(165.0, 581.0)
CH3_BOSS_CHECKPOINT	/root/Chapter03Route/PersistentRuntime/ChapterRuntime/Player/Camera2D	Camera2D	/root/Chapter03Route/PersistentRuntime/ChapterRuntime/Player	0	12	true	false	0	true	(128.0, 479.0)
CH3_BOSS_CHECKPOINT	/root/Chapter03Route/PersistentRuntime/ChapterRuntime/HUD/RoomFade	ColorRect	/root/Chapter03Route/PersistentRuntime/ChapterRuntime/HUD	0	0	true	false	1	false	(0.0, 0.0)
CH3_BOSS_ANTE	/root/Chapter03Route/RoomHost/Ch3BossAnteRoom	Node2D	/root/Chapter03Route/RoomHost	0	0	true	false	0	true	(0.0, 0.0)
CH3_BOSS_ANTE	/root/Chapter03Route/RoomHost/Ch3BossAnteRoom/BossAntechamber	Node2D	/root/Chapter03Route/RoomHost/Ch3BossAnteRoom	0	0	true	false	0	true	(0.0, 0.0)
CH3_BOSS_ANTE	/root/Chapter03Route/RoomHost/Ch3BossAnteRoom/BossAntechamber/Backdrop	Sprite2D	/root/Chapter03Route/RoomHost/Ch3BossAnteRoom/BossAntechamber	-100	-100	true	false	0	true	(832.0, 360.0)
CH3_BOSS_ANTE	/root/Chapter03Route/RoomHost/Ch3BossAnteRoom/BossAntechamber/Architecture	Node2D	/root/Chapter03Route/RoomHost/Ch3BossAnteRoom/BossAntechamber	-60	-60	true	false	0	true	(0.0, 0.0)
CH3_BOSS_ANTE	/root/Chapter03Route/RoomHost/Ch3BossAnteRoom/BossAntechamber/Architecture/ConfessionTablets	Sprite2D	/root/Chapter03Route/RoomHost/Ch3BossAnteRoom/BossAntechamber/Architecture	0	-60	true	false	0	true	(832.0, 323.0)
CH3_BOSS_ANTE	/root/Chapter03Route/RoomHost/Ch3BossAnteRoom/BossAntechamber/Architecture/LeftBellSaint	Sprite2D	/root/Chapter03Route/RoomHost/Ch3BossAnteRoom/BossAntechamber/Architecture	0	-60	true	false	0	true	(108.0, 420.0)
CH3_BOSS_ANTE	/root/Chapter03Route/RoomHost/Ch3BossAnteRoom/BossAntechamber/Architecture/RightBellSaint	Sprite2D	/root/Chapter03Route/RoomHost/Ch3BossAnteRoom/BossAntechamber/Architecture	0	-60	true	false	0	true	(1556.0, 420.0)
CH3_BOSS_ANTE	/root/Chapter03Route/RoomHost/Ch3BossAnteRoom/BossAntechamber/Architecture/LeftChoirStalls	Sprite2D	/root/Chapter03Route/RoomHost/Ch3BossAnteRoom/BossAntechamber/Architecture	0	-60	true	false	0	true	(432.0, 518.0)
CH3_BOSS_ANTE	/root/Chapter03Route/RoomHost/Ch3BossAnteRoom/BossAntechamber/Architecture/RightChoirStalls	Sprite2D	/root/Chapter03Route/RoomHost/Ch3BossAnteRoom/BossAntechamber/Architecture	0	-60	true	false	0	true	(1232.0, 518.0)
CH3_BOSS_ANTE	/root/Chapter03Route/RoomHost/Ch3BossAnteRoom/BossAntechamber/Architecture/BrokenLectern	Sprite2D	/root/Chapter03Route/RoomHost/Ch3BossAnteRoom/BossAntechamber/Architecture	0	-60	true	false	0	true	(824.0, 500.0)
CH3_BOSS_ANTE	/root/Chapter03Route/RoomHost/Ch3BossAnteRoom/BossAntechamber/CheckpointVisual	Sprite2D	/root/Chapter03Route/RoomHost/Ch3BossAnteRoom/BossAntechamber	-30	-30	true	false	0	true	(214.0, 508.0)
CH3_BOSS_ANTE	/root/Chapter03Route/RoomHost/Ch3BossAnteRoom/BossAntechamber/CP_CH3_BOSS	Marker2D	/root/Chapter03Route/RoomHost/Ch3BossAnteRoom/BossAntechamber	0	0	true	false	0	true	(214.0, 584.0)
CH3_BOSS_ANTE	/root/Chapter03Route/RoomHost/Ch3BossAnteRoom/BossAntechamber/CheckpointArea	Area2D	/root/Chapter03Route/RoomHost/Ch3BossAnteRoom/BossAntechamber	0	0	true	false	0	true	(214.0, 516.0)
CH3_BOSS_ANTE	/root/Chapter03Route/RoomHost/Ch3BossAnteRoom/BossAntechamber/CheckpointArea/CollisionShape2D	CollisionShape2D	/root/Chapter03Route/RoomHost/Ch3BossAnteRoom/BossAntechamber/CheckpointArea	0	0	true	false	0	true	(214.0, 516.0)
CH3_BOSS_ANTE	/root/Chapter03Route/RoomHost/Ch3BossAnteRoom/BossAntechamber/Floor	StaticBody2D	/root/Chapter03Route/RoomHost/Ch3BossAnteRoom/BossAntechamber	0	0	true	false	0	true	(0.0, 0.0)
CH3_BOSS_ANTE	/root/Chapter03Route/RoomHost/Ch3BossAnteRoom/BossAntechamber/Floor/CollisionShape2D	CollisionShape2D	/root/Chapter03Route/RoomHost/Ch3BossAnteRoom/BossAntechamber/Floor	0	0	true	false	0	true	(832.0, 666.0)
CH3_BOSS_ANTE	/root/Chapter03Route/RoomHost/Ch3BossAnteRoom/BossAntechamber/AreaTitle	Panel	/root/Chapter03Route/RoomHost/Ch3BossAnteRoom/BossAntechamber	0	0	true	false	0	false	(574.0, 82.0)
CH3_BOSS_ANTE	/root/Chapter03Route/RoomHost/Ch3BossAnteRoom/BossAntechamber/AreaTitle/Label	Label	/root/Chapter03Route/RoomHost/Ch3BossAnteRoom/BossAntechamber/AreaTitle	0	0	true	false	0	true	(574.0, 82.0)
CH3_BOSS_ANTE	/root/Chapter03Route/RoomHost/Ch3BossAnteRoom/BossGate	Node2D	/root/Chapter03Route/RoomHost/Ch3BossAnteRoom	0	0	true	false	0	true	(1280.0, 104.0)
CH3_BOSS_ANTE	/root/Chapter03Route/RoomHost/Ch3BossAnteRoom/BossGate/Visuals	Node2D	/root/Chapter03Route/RoomHost/Ch3BossAnteRoom/BossGate	-30	-30	true	false	0	true	(1280.0, 104.0)
CH3_BOSS_ANTE	/root/Chapter03Route/RoomHost/Ch3BossAnteRoom/BossGate/Visuals/GateClosed	Sprite2D	/root/Chapter03Route/RoomHost/Ch3BossAnteRoom/BossGate/Visuals	0	-30	true	false	0	true	(1472.0, 460.0)
CH3_BOSS_ANTE	/root/Chapter03Route/RoomHost/Ch3BossAnteRoom/BossGate/Visuals/GateLit	Sprite2D	/root/Chapter03Route/RoomHost/Ch3BossAnteRoom/BossGate/Visuals	0	-30	true	false	0	false	(1472.0, 460.0)
CH3_BOSS_ANTE	/root/Chapter03Route/RoomHost/Ch3BossAnteRoom/BossGate/Visuals/GateOpen	Sprite2D	/root/Chapter03Route/RoomHost/Ch3BossAnteRoom/BossGate/Visuals	0	-30	true	false	0	true	(1472.0, 460.0)
CH3_BOSS_ANTE	/root/Chapter03Route/RoomHost/Ch3BossAnteRoom/BossGate/Visuals/WaxCrack	Sprite2D	/root/Chapter03Route/RoomHost/Ch3BossAnteRoom/BossGate/Visuals	46	16	true	false	0	false	(1472.0, 428.0)
CH3_BOSS_ANTE	/root/Chapter03Route/RoomHost/Ch3BossAnteRoom/BossGate/Visuals/Bells	Node2D	/root/Chapter03Route/RoomHost/Ch3BossAnteRoom/BossGate/Visuals	0	-30	true	false	0	true	(1280.0, 104.0)
CH3_BOSS_ANTE	/root/Chapter03Route/RoomHost/Ch3BossAnteRoom/BossGate/Visuals/Bells/Bell01	Sprite2D	/root/Chapter03Route/RoomHost/Ch3BossAnteRoom/BossGate/Visuals/Bells	0	-30	true	false	0	true	(1306.0, 270.0)
CH3_BOSS_ANTE	/root/Chapter03Route/RoomHost/Ch3BossAnteRoom/BossGate/Visuals/Bells/Bell02	Sprite2D	/root/Chapter03Route/RoomHost/Ch3BossAnteRoom/BossGate/Visuals/Bells	0	-30	true	false	0	true	(1330.0, 230.0)
CH3_BOSS_ANTE	/root/Chapter03Route/RoomHost/Ch3BossAnteRoom/BossGate/Visuals/Bells/Bell03	Sprite2D	/root/Chapter03Route/RoomHost/Ch3BossAnteRoom/BossGate/Visuals/Bells	0	-30	true	false	0	true	(1356.0, 198.0)
CH3_BOSS_ANTE	/root/Chapter03Route/RoomHost/Ch3BossAnteRoom/BossGate/Visuals/Bells/Bell04	Sprite2D	/root/Chapter03Route/RoomHost/Ch3BossAnteRoom/BossGate/Visuals/Bells	0	-30	true	false	0	true	(1386.0, 170.0)
CH3_BOSS_ANTE	/root/Chapter03Route/RoomHost/Ch3BossAnteRoom/BossGate/Visuals/Bells/Bell05	Sprite2D	/root/Chapter03Route/RoomHost/Ch3BossAnteRoom/BossGate/Visuals/Bells	0	-30	true	false	0	true	(1418.0, 148.0)
CH3_BOSS_ANTE	/root/Chapter03Route/RoomHost/Ch3BossAnteRoom/BossGate/Visuals/Bells/Bell06	Sprite2D	/root/Chapter03Route/RoomHost/Ch3BossAnteRoom/BossGate/Visuals/Bells	0	-30	true	false	0	true	(1452.0, 134.0)
CH3_BOSS_ANTE	/root/Chapter03Route/RoomHost/Ch3BossAnteRoom/BossGate/Visuals/Bells/Bell07	Sprite2D	/root/Chapter03Route/RoomHost/Ch3BossAnteRoom/BossGate/Visuals/Bells	0	-30	true	false	0	true	(1472.0, 128.0)
CH3_BOSS_ANTE	/root/Chapter03Route/RoomHost/Ch3BossAnteRoom/BossGate/Visuals/Bells/Bell08	Sprite2D	/root/Chapter03Route/RoomHost/Ch3BossAnteRoom/BossGate/Visuals/Bells	0	-30	true	false	0	true	(1492.0, 134.0)
CH3_BOSS_ANTE	/root/Chapter03Route/RoomHost/Ch3BossAnteRoom/BossGate/Visuals/Bells/Bell09	Sprite2D	/root/Chapter03Route/RoomHost/Ch3BossAnteRoom/BossGate/Visuals/Bells	0	-30	true	false	0	true	(1526.0, 148.0)
CH3_BOSS_ANTE	/root/Chapter03Route/RoomHost/Ch3BossAnteRoom/BossGate/Visuals/Bells/Bell10	Sprite2D	/root/Chapter03Route/RoomHost/Ch3BossAnteRoom/BossGate/Visuals/Bells	0	-30	true	false	0	true	(1558.0, 170.0)
CH3_BOSS_ANTE	/root/Chapter03Route/RoomHost/Ch3BossAnteRoom/BossGate/Visuals/Bells/Bell11	Sprite2D	/root/Chapter03Route/RoomHost/Ch3BossAnteRoom/BossGate/Visuals/Bells	0	-30	true	false	0	true	(1588.0, 198.0)
CH3_BOSS_ANTE	/root/Chapter03Route/RoomHost/Ch3BossAnteRoom/BossGate/Visuals/Bells/Bell12	Sprite2D	/root/Chapter03Route/RoomHost/Ch3BossAnteRoom/BossGate/Visuals/Bells	0	-30	true	false	0	true	(1614.0, 230.0)
CH3_BOSS_ANTE	/root/Chapter03Route/RoomHost/Ch3BossAnteRoom/BossGate/Visuals/Bells/Bell13	Sprite2D	/root/Chapter03Route/RoomHost/Ch3BossAnteRoom/BossGate/Visuals/Bells	0	-30	true	false	0	true	(1638.0, 270.0)
CH3_BOSS_ANTE	/root/Chapter03Route/RoomHost/Ch3BossAnteRoom/BossGate/Visuals/SealLights	Node2D	/root/Chapter03Route/RoomHost/Ch3BossAnteRoom/BossGate/Visuals	46	16	true	false	0	true	(1280.0, 104.0)
CH3_BOSS_ANTE	/root/Chapter03Route/RoomHost/Ch3BossAnteRoom/BossGate/Visuals/SealLights/Seal01	Sprite2D	/root/Chapter03Route/RoomHost/Ch3BossAnteRoom/BossGate/Visuals/SealLights	0	16	true	false	0	false	(1358.0, 294.0)
CH3_BOSS_ANTE	/root/Chapter03Route/RoomHost/Ch3BossAnteRoom/BossGate/Visuals/SealLights/Seal02	Sprite2D	/root/Chapter03Route/RoomHost/Ch3BossAnteRoom/BossGate/Visuals/SealLights	0	16	true	false	0	false	(1424.0, 294.0)
CH3_BOSS_ANTE	/root/Chapter03Route/RoomHost/Ch3BossAnteRoom/BossGate/Visuals/SealLights/Seal03	Sprite2D	/root/Chapter03Route/RoomHost/Ch3BossAnteRoom/BossGate/Visuals/SealLights	0	16	true	false	0	false	(1490.0, 294.0)
CH3_BOSS_ANTE	/root/Chapter03Route/RoomHost/Ch3BossAnteRoom/BossGate/Visuals/SealLights/Seal04	Sprite2D	/root/Chapter03Route/RoomHost/Ch3BossAnteRoom/BossGate/Visuals/SealLights	0	16	true	false	0	false	(1556.0, 294.0)
CH3_BOSS_ANTE	/root/Chapter03Route/RoomHost/Ch3BossAnteRoom/BossGate/Visuals/SealLights/Seal05	Sprite2D	/root/Chapter03Route/RoomHost/Ch3BossAnteRoom/BossGate/Visuals/SealLights	0	16	true	false	0	false	(1358.0, 366.0)
CH3_BOSS_ANTE	/root/Chapter03Route/RoomHost/Ch3BossAnteRoom/BossGate/Visuals/SealLights/Seal06	Sprite2D	/root/Chapter03Route/RoomHost/Ch3BossAnteRoom/BossGate/Visuals/SealLights	0	16	true	false	0	false	(1424.0, 366.0)
CH3_BOSS_ANTE	/root/Chapter03Route/RoomHost/Ch3BossAnteRoom/BossGate/Visuals/SealLights/Seal07	Sprite2D	/root/Chapter03Route/RoomHost/Ch3BossAnteRoom/BossGate/Visuals/SealLights	0	16	true	false	0	false	(1490.0, 366.0)
CH3_BOSS_ANTE	/root/Chapter03Route/RoomHost/Ch3BossAnteRoom/BossGate/Visuals/SealLights/Seal08	Sprite2D	/root/Chapter03Route/RoomHost/Ch3BossAnteRoom/BossGate/Visuals/SealLights	0	16	true	false	0	false	(1556.0, 366.0)
CH3_BOSS_ANTE	/root/Chapter03Route/RoomHost/Ch3BossAnteRoom/BossGate/Visuals/SealLights/Seal09	Sprite2D	/root/Chapter03Route/RoomHost/Ch3BossAnteRoom/BossGate/Visuals/SealLights	0	16	true	false	0	false	(1358.0, 438.0)
CH3_BOSS_ANTE	/root/Chapter03Route/RoomHost/Ch3BossAnteRoom/BossGate/Visuals/SealLights/Seal10	Sprite2D	/root/Chapter03Route/RoomHost/Ch3BossAnteRoom/BossGate/Visuals/SealLights	0	16	true	false	0	false	(1424.0, 438.0)
CH3_BOSS_ANTE	/root/Chapter03Route/RoomHost/Ch3BossAnteRoom/BossGate/Visuals/SealLights/Seal11	Sprite2D	/root/Chapter03Route/RoomHost/Ch3BossAnteRoom/BossGate/Visuals/SealLights	0	16	true	false	0	false	(1490.0, 438.0)
CH3_BOSS_ANTE	/root/Chapter03Route/RoomHost/Ch3BossAnteRoom/BossGate/Visuals/SealLights/Seal12	Sprite2D	/root/Chapter03Route/RoomHost/Ch3BossAnteRoom/BossGate/Visuals/SealLights	0	16	true	false	0	false	(1556.0, 438.0)
CH3_BOSS_ANTE	/root/Chapter03Route/RoomHost/Ch3BossAnteRoom/BossGate/Visuals/SealLights/Seal13	Sprite2D	/root/Chapter03Route/RoomHost/Ch3BossAnteRoom/BossGate/Visuals/SealLights	0	16	true	false	0	false	(1358.0, 510.0)
CH3_BOSS_ANTE	/root/Chapter03Route/RoomHost/Ch3BossAnteRoom/BossGate/GateBlocker	StaticBody2D	/root/Chapter03Route/RoomHost/Ch3BossAnteRoom/BossGate	0	0	true	false	0	true	(1280.0, 104.0)
CH3_BOSS_ANTE	/root/Chapter03Route/RoomHost/Ch3BossAnteRoom/BossGate/GateBlocker/CollisionShape2D	CollisionShape2D	/root/Chapter03Route/RoomHost/Ch3BossAnteRoom/BossGate/GateBlocker	0	0	true	false	0	true	(1472.0, 506.0)
CH3_BOSS_ANTE	/root/Chapter03Route/RoomHost/Ch3BossAnteRoom/BossGate/GateTrigger	Area2D	/root/Chapter03Route/RoomHost/Ch3BossAnteRoom/BossGate	0	0	true	false	0	true	(1222.0, 620.0)
CH3_BOSS_ANTE	/root/Chapter03Route/RoomHost/Ch3BossAnteRoom/BossGate/GateTrigger/CollisionShape2D	CollisionShape2D	/root/Chapter03Route/RoomHost/Ch3BossAnteRoom/BossGate/GateTrigger	0	0	true	false	0	true	(1222.0, 620.0)
CH3_BOSS_ANTE	/root/Chapter03Route/RoomHost/Ch3BossAnteRoom/BossGate/Audio/BellSequence	AudioStreamPlayer2D	/root/Chapter03Route/RoomHost/Ch3BossAnteRoom/BossGate/Audio	0	0	true	false	0	true	(192.0, 230.0)
CH3_BOSS_ANTE	/root/Chapter03Route/RoomHost/Ch3BossAnteRoom/BossGate/Audio/WaxBreak	AudioStreamPlayer2D	/root/Chapter03Route/RoomHost/Ch3BossAnteRoom/BossGate/Audio	0	0	true	false	0	true	(192.0, 324.0)
CH3_BOSS_ANTE	/root/Chapter03Route/RoomHost/Ch3BossAnteRoom/BossGate/Audio/DoorOpen	AudioStreamPlayer2D	/root/Chapter03Route/RoomHost/Ch3BossAnteRoom/BossGate/Audio	0	0	true	false	0	true	(192.0, 390.0)
CH3_BOSS_ANTE	/root/Chapter03Route/RoomHost/Ch3BossAnteRoom/BossGate/GateName	Panel	/root/Chapter03Route/RoomHost/Ch3BossAnteRoom/BossGate	0	0	true	false	0	false	(1224.0, 196.0)
CH3_BOSS_ANTE	/root/Chapter03Route/RoomHost/Ch3BossAnteRoom/BossGate/GateName/Label	Label	/root/Chapter03Route/RoomHost/Ch3BossAnteRoom/BossGate/GateName	0	0	true	false	0	true	(1224.0, 196.0)
CH3_BOSS_ANTE	/root/Chapter03Route/RoomHost/Ch3BossAnteRoom/BossGate/InteractionPrompt	Label	/root/Chapter03Route/RoomHost/Ch3BossAnteRoom/BossGate	16	16	true	false	0	false	(1130.0, 576.0)
CH3_BOSS_ANTE	/root/Chapter03Route/RoomHost/Ch3BossAnteRoom/BossGate/TransitionFade/Fade	ColorRect	/root/Chapter03Route/RoomHost/Ch3BossAnteRoom/BossGate/TransitionFade	0	0	true	false	90	false	(0.0, 0.0)
CH3_BOSS_ANTE	/root/Chapter03Route/RoomHost/Ch3BossAnteRoom/SpawnPoints	Node2D	/root/Chapter03Route/RoomHost/Ch3BossAnteRoom	0	0	true	false	0	true	(0.0, 0.0)
CH3_BOSS_ANTE	/root/Chapter03Route/RoomHost/Ch3BossAnteRoom/SpawnPoints/EntryWest	Marker2D	/root/Chapter03Route/RoomHost/Ch3BossAnteRoom/SpawnPoints	0	0	true	false	0	true	(160.0, 584.0)
CH3_BOSS_ANTE	/root/Chapter03Route/PersistentRuntime/ChapterRuntime/Player	CharacterBody2D	/root/Chapter03Route/PersistentRuntime/ChapterRuntime	12	12	true	false	0	true	(160.0, 584.0)
CH3_BOSS_ANTE	/root/Chapter03Route/PersistentRuntime/ChapterRuntime/Player/VisualRoot	Node2D	/root/Chapter03Route/PersistentRuntime/ChapterRuntime/Player	0	12	true	false	0	true	(160.0, 584.0)
CH3_BOSS_ANTE	/root/Chapter03Route/PersistentRuntime/ChapterRuntime/Player/VisualRoot/AnimatedSprite2D	AnimatedSprite2D	/root/Chapter03Route/PersistentRuntime/ChapterRuntime/Player/VisualRoot	0	12	true	false	0	true	(160.0, 584.0)
CH3_BOSS_ANTE	/root/Chapter03Route/PersistentRuntime/ChapterRuntime/Player/VisualRoot/WeaponVisual	Node2D	/root/Chapter03Route/PersistentRuntime/ChapterRuntime/Player/VisualRoot	1	13	true	false	0	true	(160.0, 584.0)
CH3_BOSS_ANTE	/root/Chapter03Route/PersistentRuntime/ChapterRuntime/Player/VisualRoot/DeathEffects	Node2D	/root/Chapter03Route/PersistentRuntime/ChapterRuntime/Player/VisualRoot	2	14	true	false	0	true	(160.0, 584.0)
CH3_BOSS_ANTE	/root/Chapter03Route/PersistentRuntime/ChapterRuntime/Player/VisualRoot/DeathEffects/GhostSprite	Sprite2D	/root/Chapter03Route/PersistentRuntime/ChapterRuntime/Player/VisualRoot/DeathEffects	0	14	true	false	0	false	(160.0, 591.0)
CH3_BOSS_ANTE	/root/Chapter03Route/PersistentRuntime/ChapterRuntime/Player/CollisionShape2D	CollisionShape2D	/root/Chapter03Route/PersistentRuntime/ChapterRuntime/Player	0	12	true	false	0	true	(160.0, 586.0)
CH3_BOSS_ANTE	/root/Chapter03Route/PersistentRuntime/ChapterRuntime/Player/Hurtbox	Area2D	/root/Chapter03Route/PersistentRuntime/ChapterRuntime/Player	0	12	true	false	0	true	(160.0, 584.0)
CH3_BOSS_ANTE	/root/Chapter03Route/PersistentRuntime/ChapterRuntime/Player/Hurtbox/CollisionShape2D	CollisionShape2D	/root/Chapter03Route/PersistentRuntime/ChapterRuntime/Player/Hurtbox	0	12	true	false	0	true	(160.0, 586.0)
CH3_BOSS_ANTE	/root/Chapter03Route/PersistentRuntime/ChapterRuntime/Player/CombatRoot	Node2D	/root/Chapter03Route/PersistentRuntime/ChapterRuntime/Player	0	12	true	false	0	true	(160.0, 584.0)
CH3_BOSS_ANTE	/root/Chapter03Route/PersistentRuntime/ChapterRuntime/Player/CombatRoot/AttackHitbox	Area2D	/root/Chapter03Route/PersistentRuntime/ChapterRuntime/Player/CombatRoot	0	12	true	false	0	true	(189.0, 581.0)
CH3_BOSS_ANTE	/root/Chapter03Route/PersistentRuntime/ChapterRuntime/Player/CombatRoot/AttackHitbox/CollisionShape2D	CollisionShape2D	/root/Chapter03Route/PersistentRuntime/ChapterRuntime/Player/CombatRoot/AttackHitbox	0	12	true	false	0	true	(189.0, 581.0)
CH3_BOSS_ANTE	/root/Chapter03Route/PersistentRuntime/ChapterRuntime/Player/CombatRoot/DashAttackHitbox	Area2D	/root/Chapter03Route/PersistentRuntime/ChapterRuntime/Player/CombatRoot	0	12	true	false	0	true	(197.0, 581.0)
CH3_BOSS_ANTE	/root/Chapter03Route/PersistentRuntime/ChapterRuntime/Player/CombatRoot/DashAttackHitbox/CollisionShape2D	CollisionShape2D	/root/Chapter03Route/PersistentRuntime/ChapterRuntime/Player/CombatRoot/DashAttackHitbox	0	12	true	false	0	true	(197.0, 581.0)
CH3_BOSS_ANTE	/root/Chapter03Route/PersistentRuntime/ChapterRuntime/Player/Camera2D	Camera2D	/root/Chapter03Route/PersistentRuntime/ChapterRuntime/Player	0	12	true	false	0	true	(160.0, 479.0)
CH3_BOSS_ANTE	/root/Chapter03Route/PersistentRuntime/ChapterRuntime/HUD/RoomFade	ColorRect	/root/Chapter03Route/PersistentRuntime/ChapterRuntime/HUD	0	0	true	false	1	false	(0.0, 0.0)
CH3_BOSS	/root/Chapter03Route/RoomHost/Ch3BossSanctumRoom	Node2D	/root/Chapter03Route/RoomHost	0	0	true	false	0	true	(0.0, 0.0)
CH3_BOSS	/root/Chapter03Route/RoomHost/Ch3BossSanctumRoom/BossSanctum	Node2D	/root/Chapter03Route/RoomHost/Ch3BossSanctumRoom	0	0	true	false	0	true	(0.0, 0.0)
CH3_BOSS	/root/Chapter03Route/RoomHost/Ch3BossSanctumRoom/BossSanctum/Backdrop	Sprite2D	/root/Chapter03Route/RoomHost/Ch3BossSanctumRoom/BossSanctum	-100	-100	true	false	0	true	(1600.0, 360.0)
CH3_BOSS	/root/Chapter03Route/RoomHost/Ch3BossSanctumRoom/BossSanctum/DeepArchitecture	Node2D	/root/Chapter03Route/RoomHost/Ch3BossSanctumRoom/BossSanctum	-60	-60	true	false	0	true	(0.0, 0.0)
CH3_BOSS	/root/Chapter03Route/RoomHost/Ch3BossSanctumRoom/BossSanctum/DeepArchitecture/LeftOrgan	Sprite2D	/root/Chapter03Route/RoomHost/Ch3BossSanctumRoom/BossSanctum/DeepArchitecture	0	-60	true	false	0	true	(470.0, 335.0)
CH3_BOSS	/root/Chapter03Route/RoomHost/Ch3BossSanctumRoom/BossSanctum/DeepArchitecture/RightOrgan	Sprite2D	/root/Chapter03Route/RoomHost/Ch3BossSanctumRoom/BossSanctum/DeepArchitecture	0	-60	true	false	0	true	(2730.0, 335.0)
CH3_BOSS	/root/Chapter03Route/RoomHost/Ch3BossSanctumRoom/BossSanctum/DeepArchitecture/ThirteenfoldAbsolution	Sprite2D	/root/Chapter03Route/RoomHost/Ch3BossSanctumRoom/BossSanctum/DeepArchitecture	0	-60	true	false	0	true	(1600.0, 260.0)
CH3_BOSS	/root/Chapter03Route/RoomHost/Ch3BossSanctumRoom/BossSanctum/DeepArchitecture/LeftChoirStalls	Sprite2D	/root/Chapter03Route/RoomHost/Ch3BossSanctumRoom/BossSanctum/DeepArchitecture	0	-60	true	false	0	true	(970.0, 485.0)
CH3_BOSS	/root/Chapter03Route/RoomHost/Ch3BossSanctumRoom/BossSanctum/DeepArchitecture/RightChoirStalls	Sprite2D	/root/Chapter03Route/RoomHost/Ch3BossSanctumRoom/BossSanctum/DeepArchitecture	0	-60	true	false	0	true	(2230.0, 485.0)
CH3_BOSS	/root/Chapter03Route/RoomHost/Ch3BossSanctumRoom/BossSanctum/Presentation	Node2D	/root/Chapter03Route/RoomHost/Ch3BossSanctumRoom/BossSanctum	0	0	true	false	0	true	(0.0, 0.0)
CH3_BOSS	/root/Chapter03Route/RoomHost/Ch3BossSanctumRoom/BossSanctum/Presentation/RitualFloor	Sprite2D	/root/Chapter03Route/RoomHost/Ch3BossSanctumRoom/BossSanctum/Presentation	-10	-10	true	false	0	true	(1600.0, 548.0)
CH3_BOSS	/root/Chapter03Route/RoomHost/Ch3BossSanctumRoom/BossSanctum/Presentation/Altar	Sprite2D	/root/Chapter03Route/RoomHost/Ch3BossSanctumRoom/BossSanctum/Presentation	-30	-30	true	false	0	true	(1600.0, 470.0)
CH3_BOSS	/root/Chapter03Route/RoomHost/Ch3BossSanctumRoom/BossSanctum/Presentation/CollapsedAltar	Sprite2D	/root/Chapter03Route/RoomHost/Ch3BossSanctumRoom/BossSanctum/Presentation	-30	-30	true	false	0	false	(1600.0, 470.0)
CH3_BOSS	/root/Chapter03Route/RoomHost/Ch3BossSanctumRoom/BossSanctum/Presentation/ConfessorLectern	Sprite2D	/root/Chapter03Route/RoomHost/Ch3BossSanctumRoom/BossSanctum/Presentation	-30	-30	true	false	0	true	(1600.0, 435.0)
CH3_BOSS	/root/Chapter03Route/RoomHost/Ch3BossSanctumRoom/BossSanctum/Presentation/RitualRegistry	Sprite2D	/root/Chapter03Route/RoomHost/Ch3BossSanctumRoom/BossSanctum/Presentation	-30	-30	true	false	0	true	(1600.0, 392.0)
CH3_BOSS	/root/Chapter03Route/RoomHost/Ch3BossSanctumRoom/BossSanctum/Presentation/LeftCensers	Sprite2D	/root/Chapter03Route/RoomHost/Ch3BossSanctumRoom/BossSanctum/Presentation	-30	-30	true	false	0	true	(1250.0, 250.0)
CH3_BOSS	/root/Chapter03Route/RoomHost/Ch3BossSanctumRoom/BossSanctum/Presentation/RightCensers	Sprite2D	/root/Chapter03Route/RoomHost/Ch3BossSanctumRoom/BossSanctum/Presentation	-30	-30	true	false	0	true	(1950.0, 250.0)
CH3_BOSS	/root/Chapter03Route/RoomHost/Ch3BossSanctumRoom/BossSanctum/Presentation/Candles	Node2D	/root/Chapter03Route/RoomHost/Ch3BossSanctumRoom/BossSanctum/Presentation	-30	-30	true	false	0	true	(0.0, 0.0)
CH3_BOSS	/root/Chapter03Route/RoomHost/Ch3BossSanctumRoom/BossSanctum/Presentation/Candles/Candle01	Sprite2D	/root/Chapter03Route/RoomHost/Ch3BossSanctumRoom/BossSanctum/Presentation/Candles	0	-30	true	false	0	true	(1208.0, 526.0)
CH3_BOSS	/root/Chapter03Route/RoomHost/Ch3BossSanctumRoom/BossSanctum/Presentation/Candles/Candle02	Sprite2D	/root/Chapter03Route/RoomHost/Ch3BossSanctumRoom/BossSanctum/Presentation/Candles	0	-30	true	false	0	false	(1274.0, 514.0)
CH3_BOSS	/root/Chapter03Route/RoomHost/Ch3BossSanctumRoom/BossSanctum/Presentation/Candles/Candle03	Sprite2D	/root/Chapter03Route/RoomHost/Ch3BossSanctumRoom/BossSanctum/Presentation/Candles	0	-30	true	false	0	false	(1340.0, 526.0)
CH3_BOSS	/root/Chapter03Route/RoomHost/Ch3BossSanctumRoom/BossSanctum/Presentation/Candles/Candle04	Sprite2D	/root/Chapter03Route/RoomHost/Ch3BossSanctumRoom/BossSanctum/Presentation/Candles	0	-30	true	false	0	false	(1406.0, 510.0)
CH3_BOSS	/root/Chapter03Route/RoomHost/Ch3BossSanctumRoom/BossSanctum/Presentation/Candles/Candle05	Sprite2D	/root/Chapter03Route/RoomHost/Ch3BossSanctumRoom/BossSanctum/Presentation/Candles	0	-30	true	false	0	false	(1472.0, 526.0)
CH3_BOSS	/root/Chapter03Route/RoomHost/Ch3BossSanctumRoom/BossSanctum/Presentation/Candles/Candle06	Sprite2D	/root/Chapter03Route/RoomHost/Ch3BossSanctumRoom/BossSanctum/Presentation/Candles	0	-30	true	false	0	false	(1538.0, 510.0)
CH3_BOSS	/root/Chapter03Route/RoomHost/Ch3BossSanctumRoom/BossSanctum/Presentation/Candles/Candle07	Sprite2D	/root/Chapter03Route/RoomHost/Ch3BossSanctumRoom/BossSanctum/Presentation/Candles	0	-30	true	false	0	false	(1600.0, 526.0)
CH3_BOSS	/root/Chapter03Route/RoomHost/Ch3BossSanctumRoom/BossSanctum/Presentation/Candles/Candle08	Sprite2D	/root/Chapter03Route/RoomHost/Ch3BossSanctumRoom/BossSanctum/Presentation/Candles	0	-30	true	false	0	false	(1662.0, 510.0)
CH3_BOSS	/root/Chapter03Route/RoomHost/Ch3BossSanctumRoom/BossSanctum/Presentation/Candles/Candle09	Sprite2D	/root/Chapter03Route/RoomHost/Ch3BossSanctumRoom/BossSanctum/Presentation/Candles	0	-30	true	false	0	false	(1728.0, 526.0)
CH3_BOSS	/root/Chapter03Route/RoomHost/Ch3BossSanctumRoom/BossSanctum/Presentation/Candles/Candle10	Sprite2D	/root/Chapter03Route/RoomHost/Ch3BossSanctumRoom/BossSanctum/Presentation/Candles	0	-30	true	false	0	false	(1794.0, 510.0)
CH3_BOSS	/root/Chapter03Route/RoomHost/Ch3BossSanctumRoom/BossSanctum/Presentation/Candles/Candle11	Sprite2D	/root/Chapter03Route/RoomHost/Ch3BossSanctumRoom/BossSanctum/Presentation/Candles	0	-30	true	false	0	false	(1860.0, 526.0)
CH3_BOSS	/root/Chapter03Route/RoomHost/Ch3BossSanctumRoom/BossSanctum/Presentation/Candles/Candle12	Sprite2D	/root/Chapter03Route/RoomHost/Ch3BossSanctumRoom/BossSanctum/Presentation/Candles	0	-30	true	false	0	false	(1926.0, 514.0)
CH3_BOSS	/root/Chapter03Route/RoomHost/Ch3BossSanctumRoom/BossSanctum/Presentation/Candles/Candle13	Sprite2D	/root/Chapter03Route/RoomHost/Ch3BossSanctumRoom/BossSanctum/Presentation/Candles	0	-30	true	false	0	false	(1992.0, 526.0)
CH3_BOSS	/root/Chapter03Route/RoomHost/Ch3BossSanctumRoom/BossSanctum/Presentation/Incense	Sprite2D	/root/Chapter03Route/RoomHost/Ch3BossSanctumRoom/BossSanctum/Presentation	-30	-30	true	false	0	true	(1180.0, 300.0)
CH3_BOSS	/root/Chapter03Route/RoomHost/Ch3BossSanctumRoom/BossSanctum/Presentation/Resonance	Sprite2D	/root/Chapter03Route/RoomHost/Ch3BossSanctumRoom/BossSanctum/Presentation	-20	-20	true	false	0	false	(1600.0, 340.0)
CH3_BOSS	/root/Chapter03Route/RoomHost/Ch3BossSanctumRoom/BossSanctum/Presentation/StainedGlassCrack	Sprite2D	/root/Chapter03Route/RoomHost/Ch3BossSanctumRoom/BossSanctum/Presentation	-60	-60	true	false	0	false	(1600.0, 260.0)
CH3_BOSS	/root/Chapter03Route/RoomHost/Ch3BossSanctumRoom/BossSanctum/BossIntegrationAnchor	Marker2D	/root/Chapter03Route/RoomHost/Ch3BossSanctumRoom/BossSanctum	0	0	true	false	0	true	(1680.0, 584.0)
CH3_BOSS	/root/Chapter03Route/RoomHost/Ch3BossSanctumRoom/BossSanctum/PlayerEntry	Marker2D	/root/Chapter03Route/RoomHost/Ch3BossSanctumRoom/BossSanctum	0	0	true	false	0	true	(160.0, 584.0)
CH3_BOSS	/root/Chapter03Route/RoomHost/Ch3BossSanctumRoom/BossSanctum/IntroCamera	Camera2D	/root/Chapter03Route/RoomHost/Ch3BossSanctumRoom/BossSanctum	0	0	true	false	0	true	(520.0, 360.0)
CH3_BOSS	/root/Chapter03Route/RoomHost/Ch3BossSanctumRoom/BossSanctum/IntroTrigger	Area2D	/root/Chapter03Route/RoomHost/Ch3BossSanctumRoom/BossSanctum	0	0	true	false	0	true	(230.0, 450.0)
CH3_BOSS	/root/Chapter03Route/RoomHost/Ch3BossSanctumRoom/BossSanctum/IntroTrigger/CollisionShape2D	CollisionShape2D	/root/Chapter03Route/RoomHost/Ch3BossSanctumRoom/BossSanctum/IntroTrigger	0	0	true	false	0	true	(230.0, 450.0)
CH3_BOSS	/root/Chapter03Route/RoomHost/Ch3BossSanctumRoom/BossSanctum/Floor	StaticBody2D	/root/Chapter03Route/RoomHost/Ch3BossSanctumRoom/BossSanctum	0	0	true	false	0	true	(0.0, 0.0)
CH3_BOSS	/root/Chapter03Route/RoomHost/Ch3BossSanctumRoom/BossSanctum/Floor/CollisionShape2D	CollisionShape2D	/root/Chapter03Route/RoomHost/Ch3BossSanctumRoom/BossSanctum/Floor	0	0	true	false	0	true	(1600.0, 666.0)
CH3_BOSS	/root/Chapter03Route/RoomHost/Ch3BossSanctumRoom/BossSanctum/BossExitBlocker	StaticBody2D	/root/Chapter03Route/RoomHost/Ch3BossSanctumRoom/BossSanctum	0	0	true	false	0	true	(0.0, 0.0)
CH3_BOSS	/root/Chapter03Route/RoomHost/Ch3BossSanctumRoom/BossSanctum/BossExitBlocker/CollisionShape2D	CollisionShape2D	/root/Chapter03Route/RoomHost/Ch3BossSanctumRoom/BossSanctum/BossExitBlocker	0	0	true	false	0	true	(3176.0, 402.0)
CH3_BOSS	/root/Chapter03Route/RoomHost/Ch3BossSanctumRoom/BossSanctum/SanctumTitle	Label	/root/Chapter03Route/RoomHost/Ch3BossSanctumRoom/BossSanctum	0	0	true	false	0	false	(1290.0, 82.0)
CH3_BOSS	/root/Chapter03Route/RoomHost/Ch3BossSanctumRoom/BossSanctum/BossIntroOverlay/BossTitle	VBoxContainer	/root/Chapter03Route/RoomHost/Ch3BossSanctumRoom/BossSanctum/BossIntroOverlay	0	0	true	false	70	false	(318.0, 244.0)
CH3_BOSS	/root/Chapter03Route/RoomHost/Ch3BossSanctumRoom/BossSanctum/BossIntroOverlay/BossTitle/Name	Label	/root/Chapter03Route/RoomHost/Ch3BossSanctumRoom/BossSanctum/BossIntroOverlay/BossTitle	0	0	true	false	70	true	(318.0, 244.0)
CH3_BOSS	/root/Chapter03Route/RoomHost/Ch3BossSanctumRoom/BossSanctum/BossIntroOverlay/BossTitle/Epithet	Label	/root/Chapter03Route/RoomHost/Ch3BossSanctumRoom/BossSanctum/BossIntroOverlay/BossTitle	0	0	true	false	70	true	(318.0, 244.0)
CH3_BOSS	/root/Chapter03Route/RoomHost/Ch3BossSanctumRoom/SpawnPoints	Node2D	/root/Chapter03Route/RoomHost/Ch3BossSanctumRoom	0	0	true	false	0	true	(0.0, 0.0)
CH3_BOSS	/root/Chapter03Route/RoomHost/Ch3BossSanctumRoom/SpawnPoints/EntryWest	Marker2D	/root/Chapter03Route/RoomHost/Ch3BossSanctumRoom/SpawnPoints	0	0	true	false	0	true	(240.0, 584.0)
CH3_BOSS	/root/Chapter03Route/RoomHost/Ch3BossSanctumRoom/PostBossExit	Area2D	/root/Chapter03Route/RoomHost/Ch3BossSanctumRoom	0	0	true	false	0	true	(3050.0, 470.0)
CH3_BOSS	/root/Chapter03Route/RoomHost/Ch3BossSanctumRoom/PostBossExit/CollisionShape2D	CollisionShape2D	/root/Chapter03Route/RoomHost/Ch3BossSanctumRoom/PostBossExit	0	0	true	false	0	true	(3050.0, 470.0)
CH3_BOSS	/root/Chapter03Route/PersistentRuntime/ChapterRuntime/Player	CharacterBody2D	/root/Chapter03Route/PersistentRuntime/ChapterRuntime	12	12	true	false	0	true	(240.0, 584.0)
CH3_BOSS	/root/Chapter03Route/PersistentRuntime/ChapterRuntime/Player/VisualRoot	Node2D	/root/Chapter03Route/PersistentRuntime/ChapterRuntime/Player	0	12	true	false	0	true	(240.0, 584.0)
CH3_BOSS	/root/Chapter03Route/PersistentRuntime/ChapterRuntime/Player/VisualRoot/AnimatedSprite2D	AnimatedSprite2D	/root/Chapter03Route/PersistentRuntime/ChapterRuntime/Player/VisualRoot	0	12	true	false	0	true	(240.0, 584.0)
CH3_BOSS	/root/Chapter03Route/PersistentRuntime/ChapterRuntime/Player/VisualRoot/WeaponVisual	Node2D	/root/Chapter03Route/PersistentRuntime/ChapterRuntime/Player/VisualRoot	1	13	true	false	0	true	(240.0, 584.0)
CH3_BOSS	/root/Chapter03Route/PersistentRuntime/ChapterRuntime/Player/VisualRoot/DeathEffects	Node2D	/root/Chapter03Route/PersistentRuntime/ChapterRuntime/Player/VisualRoot	2	14	true	false	0	true	(240.0, 584.0)
CH3_BOSS	/root/Chapter03Route/PersistentRuntime/ChapterRuntime/Player/VisualRoot/DeathEffects/GhostSprite	Sprite2D	/root/Chapter03Route/PersistentRuntime/ChapterRuntime/Player/VisualRoot/DeathEffects	0	14	true	false	0	false	(240.0, 591.0)
CH3_BOSS	/root/Chapter03Route/PersistentRuntime/ChapterRuntime/Player/CollisionShape2D	CollisionShape2D	/root/Chapter03Route/PersistentRuntime/ChapterRuntime/Player	0	12	true	false	0	true	(240.0, 586.0)
CH3_BOSS	/root/Chapter03Route/PersistentRuntime/ChapterRuntime/Player/Hurtbox	Area2D	/root/Chapter03Route/PersistentRuntime/ChapterRuntime/Player	0	12	true	false	0	true	(240.0, 584.0)
CH3_BOSS	/root/Chapter03Route/PersistentRuntime/ChapterRuntime/Player/Hurtbox/CollisionShape2D	CollisionShape2D	/root/Chapter03Route/PersistentRuntime/ChapterRuntime/Player/Hurtbox	0	12	true	false	0	true	(240.0, 586.0)
CH3_BOSS	/root/Chapter03Route/PersistentRuntime/ChapterRuntime/Player/CombatRoot	Node2D	/root/Chapter03Route/PersistentRuntime/ChapterRuntime/Player	0	12	true	false	0	true	(240.0, 584.0)
CH3_BOSS	/root/Chapter03Route/PersistentRuntime/ChapterRuntime/Player/CombatRoot/AttackHitbox	Area2D	/root/Chapter03Route/PersistentRuntime/ChapterRuntime/Player/CombatRoot	0	12	true	false	0	true	(269.0, 581.0)
CH3_BOSS	/root/Chapter03Route/PersistentRuntime/ChapterRuntime/Player/CombatRoot/AttackHitbox/CollisionShape2D	CollisionShape2D	/root/Chapter03Route/PersistentRuntime/ChapterRuntime/Player/CombatRoot/AttackHitbox	0	12	true	false	0	true	(269.0, 581.0)
CH3_BOSS	/root/Chapter03Route/PersistentRuntime/ChapterRuntime/Player/CombatRoot/DashAttackHitbox	Area2D	/root/Chapter03Route/PersistentRuntime/ChapterRuntime/Player/CombatRoot	0	12	true	false	0	true	(277.0, 581.0)
CH3_BOSS	/root/Chapter03Route/PersistentRuntime/ChapterRuntime/Player/CombatRoot/DashAttackHitbox/CollisionShape2D	CollisionShape2D	/root/Chapter03Route/PersistentRuntime/ChapterRuntime/Player/CombatRoot/DashAttackHitbox	0	12	true	false	0	true	(277.0, 581.0)
CH3_BOSS	/root/Chapter03Route/PersistentRuntime/ChapterRuntime/Player/Camera2D	Camera2D	/root/Chapter03Route/PersistentRuntime/ChapterRuntime/Player	0	12	true	false	0	true	(240.0, 479.0)
CH3_BOSS	/root/Chapter03Route/PersistentRuntime/ChapterRuntime/HUD/RoomFade	ColorRect	/root/Chapter03Route/PersistentRuntime/ChapterRuntime/HUD	0	0	true	false	1	false	(0.0, 0.0)
CH3_POST_BOSS	/root/Chapter03Route/RoomHost/Ch3PostBossRoom	Node2D	/root/Chapter03Route/RoomHost	0	0	true	false	0	true	(0.0, 0.0)
CH3_POST_BOSS	/root/Chapter03Route/RoomHost/Ch3PostBossRoom/PostBossReliquary	Node2D	/root/Chapter03Route/RoomHost/Ch3PostBossRoom	0	0	true	false	0	true	(0.0, 0.0)
CH3_POST_BOSS	/root/Chapter03Route/RoomHost/Ch3PostBossRoom/PostBossReliquary/Backdrop	Sprite2D	/root/Chapter03Route/RoomHost/Ch3PostBossRoom/PostBossReliquary	-100	-100	true	false	0	true	(640.0, 360.0)
CH3_POST_BOSS	/root/Chapter03Route/RoomHost/Ch3PostBossRoom/PostBossReliquary/LastConfessionReliquary	Sprite2D	/root/Chapter03Route/RoomHost/Ch3PostBossRoom/PostBossReliquary	-30	-30	true	false	0	true	(590.0, 490.0)
CH3_POST_BOSS	/root/Chapter03Route/RoomHost/Ch3PostBossRoom/PostBossReliquary/BrokenBellSaint	Sprite2D	/root/Chapter03Route/RoomHost/Ch3PostBossRoom/PostBossReliquary	-30	-30	true	false	0	true	(258.0, 430.0)
CH3_POST_BOSS	/root/Chapter03Route/RoomHost/Ch3PostBossRoom/PostBossReliquary/LeftCandle	Sprite2D	/root/Chapter03Route/RoomHost/Ch3PostBossRoom/PostBossReliquary	-30	-30	true	false	0	true	(470.0, 536.0)
CH3_POST_BOSS	/root/Chapter03Route/RoomHost/Ch3PostBossRoom/PostBossReliquary/RightCandle	Sprite2D	/root/Chapter03Route/RoomHost/Ch3PostBossRoom/PostBossReliquary	-30	-30	true	false	0	true	(710.0, 536.0)
CH3_POST_BOSS	/root/Chapter03Route/RoomHost/Ch3PostBossRoom/PostBossReliquary/DescentSeal	Node2D	/root/Chapter03Route/RoomHost/Ch3PostBossRoom/PostBossReliquary	-30	-30	true	false	0	true	(0.0, 0.0)
CH3_POST_BOSS	/root/Chapter03Route/RoomHost/Ch3PostBossRoom/PostBossReliquary/DescentSeal/Sealed	Sprite2D	/root/Chapter03Route/RoomHost/Ch3PostBossRoom/PostBossReliquary/DescentSeal	0	-30	true	false	0	true	(1110.0, 430.0)
CH3_POST_BOSS	/root/Chapter03Route/RoomHost/Ch3PostBossRoom/PostBossReliquary/DescentSeal/Open	Sprite2D	/root/Chapter03Route/RoomHost/Ch3PostBossRoom/PostBossReliquary/DescentSeal	0	-30	true	false	0	false	(1110.0, 402.0)
CH3_POST_BOSS	/root/Chapter03Route/RoomHost/Ch3PostBossRoom/PostBossReliquary/RewardInteractArea	Area2D	/root/Chapter03Route/RoomHost/Ch3PostBossRoom/PostBossReliquary	0	0	true	false	0	true	(590.0, 500.0)
CH3_POST_BOSS	/root/Chapter03Route/RoomHost/Ch3PostBossRoom/PostBossReliquary/RewardInteractArea/CollisionShape2D	CollisionShape2D	/root/Chapter03Route/RoomHost/Ch3PostBossRoom/PostBossReliquary/RewardInteractArea	0	0	true	false	0	true	(590.0, 500.0)
CH3_POST_BOSS	/root/Chapter03Route/RoomHost/Ch3PostBossRoom/PostBossReliquary/InteractionPrompt	Label	/root/Chapter03Route/RoomHost/Ch3PostBossRoom/PostBossReliquary	14	14	true	false	0	false	(350.0, 330.0)
CH3_POST_BOSS	/root/Chapter03Route/RoomHost/Ch3PostBossRoom/PostBossReliquary/DescentBlocker	StaticBody2D	/root/Chapter03Route/RoomHost/Ch3PostBossRoom/PostBossReliquary	0	0	true	false	0	true	(0.0, 0.0)
CH3_POST_BOSS	/root/Chapter03Route/RoomHost/Ch3PostBossRoom/PostBossReliquary/DescentBlocker/CollisionShape2D	CollisionShape2D	/root/Chapter03Route/RoomHost/Ch3PostBossRoom/PostBossReliquary/DescentBlocker	0	0	true	false	0	true	(1110.0, 404.0)
CH3_POST_BOSS	/root/Chapter03Route/RoomHost/Ch3PostBossRoom/PostBossReliquary/Floor	StaticBody2D	/root/Chapter03Route/RoomHost/Ch3PostBossRoom/PostBossReliquary	0	0	true	false	0	true	(0.0, 0.0)
CH3_POST_BOSS	/root/Chapter03Route/RoomHost/Ch3PostBossRoom/PostBossReliquary/Floor/CollisionShape2D	CollisionShape2D	/root/Chapter03Route/RoomHost/Ch3PostBossRoom/PostBossReliquary/Floor	0	0	true	false	0	true	(640.0, 666.0)
CH3_POST_BOSS	/root/Chapter03Route/RoomHost/Ch3PostBossRoom/PostBossReliquary/AreaTitle	Label	/root/Chapter03Route/RoomHost/Ch3PostBossRoom/PostBossReliquary	0	0	true	false	0	false	(334.0, 82.0)
CH3_POST_BOSS	/root/Chapter03Route/RoomHost/Ch3PostBossRoom/SpawnPoints	Node2D	/root/Chapter03Route/RoomHost/Ch3PostBossRoom	0	0	true	false	0	true	(0.0, 0.0)
CH3_POST_BOSS	/root/Chapter03Route/RoomHost/Ch3PostBossRoom/SpawnPoints/EntryWest	Marker2D	/root/Chapter03Route/RoomHost/Ch3PostBossRoom/SpawnPoints	0	0	true	false	0	true	(160.0, 584.0)
CH3_POST_BOSS	/root/Chapter03Route/RoomHost/Ch3PostBossRoom/UnderkeepExit	Area2D	/root/Chapter03Route/RoomHost/Ch3PostBossRoom	0	0	true	false	0	true	(1110.0, 470.0)
CH3_POST_BOSS	/root/Chapter03Route/RoomHost/Ch3PostBossRoom/UnderkeepExit/CollisionShape2D	CollisionShape2D	/root/Chapter03Route/RoomHost/Ch3PostBossRoom/UnderkeepExit	0	0	true	false	0	true	(1110.0, 470.0)
CH3_POST_BOSS	/root/Chapter03Route/PersistentRuntime/ChapterRuntime/Player	CharacterBody2D	/root/Chapter03Route/PersistentRuntime/ChapterRuntime	12	12	true	false	0	true	(160.0, 584.0)
CH3_POST_BOSS	/root/Chapter03Route/PersistentRuntime/ChapterRuntime/Player/VisualRoot	Node2D	/root/Chapter03Route/PersistentRuntime/ChapterRuntime/Player	0	12	true	false	0	true	(160.0, 584.0)
CH3_POST_BOSS	/root/Chapter03Route/PersistentRuntime/ChapterRuntime/Player/VisualRoot/AnimatedSprite2D	AnimatedSprite2D	/root/Chapter03Route/PersistentRuntime/ChapterRuntime/Player/VisualRoot	0	12	true	false	0	true	(160.0, 584.0)
CH3_POST_BOSS	/root/Chapter03Route/PersistentRuntime/ChapterRuntime/Player/VisualRoot/WeaponVisual	Node2D	/root/Chapter03Route/PersistentRuntime/ChapterRuntime/Player/VisualRoot	1	13	true	false	0	true	(160.0, 584.0)
CH3_POST_BOSS	/root/Chapter03Route/PersistentRuntime/ChapterRuntime/Player/VisualRoot/DeathEffects	Node2D	/root/Chapter03Route/PersistentRuntime/ChapterRuntime/Player/VisualRoot	2	14	true	false	0	true	(160.0, 584.0)
CH3_POST_BOSS	/root/Chapter03Route/PersistentRuntime/ChapterRuntime/Player/VisualRoot/DeathEffects/GhostSprite	Sprite2D	/root/Chapter03Route/PersistentRuntime/ChapterRuntime/Player/VisualRoot/DeathEffects	0	14	true	false	0	false	(160.0, 591.0)
CH3_POST_BOSS	/root/Chapter03Route/PersistentRuntime/ChapterRuntime/Player/CollisionShape2D	CollisionShape2D	/root/Chapter03Route/PersistentRuntime/ChapterRuntime/Player	0	12	true	false	0	true	(160.0, 586.0)
CH3_POST_BOSS	/root/Chapter03Route/PersistentRuntime/ChapterRuntime/Player/Hurtbox	Area2D	/root/Chapter03Route/PersistentRuntime/ChapterRuntime/Player	0	12	true	false	0	true	(160.0, 584.0)
CH3_POST_BOSS	/root/Chapter03Route/PersistentRuntime/ChapterRuntime/Player/Hurtbox/CollisionShape2D	CollisionShape2D	/root/Chapter03Route/PersistentRuntime/ChapterRuntime/Player/Hurtbox	0	12	true	false	0	true	(160.0, 586.0)
CH3_POST_BOSS	/root/Chapter03Route/PersistentRuntime/ChapterRuntime/Player/CombatRoot	Node2D	/root/Chapter03Route/PersistentRuntime/ChapterRuntime/Player	0	12	true	false	0	true	(160.0, 584.0)
CH3_POST_BOSS	/root/Chapter03Route/PersistentRuntime/ChapterRuntime/Player/CombatRoot/AttackHitbox	Area2D	/root/Chapter03Route/PersistentRuntime/ChapterRuntime/Player/CombatRoot	0	12	true	false	0	true	(189.0, 581.0)
CH3_POST_BOSS	/root/Chapter03Route/PersistentRuntime/ChapterRuntime/Player/CombatRoot/AttackHitbox/CollisionShape2D	CollisionShape2D	/root/Chapter03Route/PersistentRuntime/ChapterRuntime/Player/CombatRoot/AttackHitbox	0	12	true	false	0	true	(189.0, 581.0)
CH3_POST_BOSS	/root/Chapter03Route/PersistentRuntime/ChapterRuntime/Player/CombatRoot/DashAttackHitbox	Area2D	/root/Chapter03Route/PersistentRuntime/ChapterRuntime/Player/CombatRoot	0	12	true	false	0	true	(197.0, 581.0)
CH3_POST_BOSS	/root/Chapter03Route/PersistentRuntime/ChapterRuntime/Player/CombatRoot/DashAttackHitbox/CollisionShape2D	CollisionShape2D	/root/Chapter03Route/PersistentRuntime/ChapterRuntime/Player/CombatRoot/DashAttackHitbox	0	12	true	false	0	true	(197.0, 581.0)
CH3_POST_BOSS	/root/Chapter03Route/PersistentRuntime/ChapterRuntime/Player/Camera2D	Camera2D	/root/Chapter03Route/PersistentRuntime/ChapterRuntime/Player	0	12	true	false	0	true	(160.0, 479.0)
CH3_POST_BOSS	/root/Chapter03Route/PersistentRuntime/ChapterRuntime/HUD/RoomFade	ColorRect	/root/Chapter03Route/PersistentRuntime/ChapterRuntime/HUD	0	0	true	false	1	false	(0.0, 0.0)
CH3_UNDERKEEP_DESCENT	/root/Chapter03Route/RoomHost/Ch3UnderkeepRoom	Node2D	/root/Chapter03Route/RoomHost	0	0	true	false	0	true	(0.0, 0.0)
CH3_UNDERKEEP_DESCENT	/root/Chapter03Route/RoomHost/Ch3UnderkeepRoom/UnderkeepDescent	Node2D	/root/Chapter03Route/RoomHost/Ch3UnderkeepRoom	0	0	true	false	0	true	(0.0, 0.0)
CH3_UNDERKEEP_DESCENT	/root/Chapter03Route/RoomHost/Ch3UnderkeepRoom/UnderkeepDescent/Backdrop	Sprite2D	/root/Chapter03Route/RoomHost/Ch3UnderkeepRoom/UnderkeepDescent	-100	-100	true	false	0	true	(1152.0, 360.0)
CH3_UNDERKEEP_DESCENT	/root/Chapter03Route/RoomHost/Ch3UnderkeepRoom/UnderkeepDescent/OssuaryStairs	Sprite2D	/root/Chapter03Route/RoomHost/Ch3UnderkeepRoom/UnderkeepDescent	-30	-30	true	false	0	true	(478.0, 472.0)
CH3_UNDERKEEP_DESCENT	/root/Chapter03Route/RoomHost/Ch3UnderkeepRoom/UnderkeepDescent/WetArch01	Sprite2D	/root/Chapter03Route/RoomHost/Ch3UnderkeepRoom/UnderkeepDescent	-60	-60	true	false	0	true	(712.0, 404.0)
CH3_UNDERKEEP_DESCENT	/root/Chapter03Route/RoomHost/Ch3UnderkeepRoom/UnderkeepDescent/WetArch02	Sprite2D	/root/Chapter03Route/RoomHost/Ch3UnderkeepRoom/UnderkeepDescent	-60	-60	true	false	0	true	(1450.0, 404.0)
CH3_UNDERKEEP_DESCENT	/root/Chapter03Route/RoomHost/Ch3UnderkeepRoom/UnderkeepDescent/SubmergedSaint	Sprite2D	/root/Chapter03Route/RoomHost/Ch3UnderkeepRoom/UnderkeepDescent	-30	-30	true	false	0	true	(1260.0, 490.0)
CH3_UNDERKEEP_DESCENT	/root/Chapter03Route/RoomHost/Ch3UnderkeepRoom/UnderkeepDescent/UnderkeepGate	Sprite2D	/root/Chapter03Route/RoomHost/Ch3UnderkeepRoom/UnderkeepDescent	-30	-30	true	false	0	true	(2140.0, 424.0)
CH3_UNDERKEEP_DESCENT	/root/Chapter03Route/RoomHost/Ch3UnderkeepRoom/UnderkeepDescent/WaterBodyBehind01	Sprite2D	/root/Chapter03Route/RoomHost/Ch3UnderkeepRoom/UnderkeepDescent	-30	-30	true	false	0	true	(1040.0, 620.0)
CH3_UNDERKEEP_DESCENT	/root/Chapter03Route/RoomHost/Ch3UnderkeepRoom/UnderkeepDescent/WaterBodyBehind02	Sprite2D	/root/Chapter03Route/RoomHost/Ch3UnderkeepRoom/UnderkeepDescent	-30	-30	true	false	0	true	(1776.0, 620.0)
CH3_UNDERKEEP_DESCENT	/root/Chapter03Route/RoomHost/Ch3UnderkeepRoom/UnderkeepDescent/WaterSurfaceForeground01	Sprite2D	/root/Chapter03Route/RoomHost/Ch3UnderkeepRoom/UnderkeepDescent	20	20	true	false	0	true	(1040.0, 614.0)
CH3_UNDERKEEP_DESCENT	/root/Chapter03Route/RoomHost/Ch3UnderkeepRoom/UnderkeepDescent/WaterSurfaceForeground02	Sprite2D	/root/Chapter03Route/RoomHost/Ch3UnderkeepRoom/UnderkeepDescent	20	20	true	false	0	true	(1776.0, 614.0)
CH3_UNDERKEEP_DESCENT	/root/Chapter03Route/RoomHost/Ch3UnderkeepRoom/UnderkeepDescent/Floor	StaticBody2D	/root/Chapter03Route/RoomHost/Ch3UnderkeepRoom/UnderkeepDescent	0	0	true	false	0	true	(0.0, 0.0)
CH3_UNDERKEEP_DESCENT	/root/Chapter03Route/RoomHost/Ch3UnderkeepRoom/UnderkeepDescent/Floor/CollisionShape2D	CollisionShape2D	/root/Chapter03Route/RoomHost/Ch3UnderkeepRoom/UnderkeepDescent/Floor	0	0	true	false	0	true	(1152.0, 666.0)
CH3_UNDERKEEP_DESCENT	/root/Chapter03Route/RoomHost/Ch3UnderkeepRoom/UnderkeepDescent/ChapterFourExitArea	Area2D	/root/Chapter03Route/RoomHost/Ch3UnderkeepRoom/UnderkeepDescent	0	0	true	false	0	true	(2150.0, 468.0)
CH3_UNDERKEEP_DESCENT	/root/Chapter03Route/RoomHost/Ch3UnderkeepRoom/UnderkeepDescent/ChapterFourExitArea/CollisionShape2D	CollisionShape2D	/root/Chapter03Route/RoomHost/Ch3UnderkeepRoom/UnderkeepDescent/ChapterFourExitArea	0	0	true	false	0	true	(2150.0, 468.0)
CH3_UNDERKEEP_DESCENT	/root/Chapter03Route/RoomHost/Ch3UnderkeepRoom/UnderkeepDescent/WaterDrip	AudioStreamPlayer2D	/root/Chapter03Route/RoomHost/Ch3UnderkeepRoom/UnderkeepDescent	0	0	true	false	0	true	(1420.0, 250.0)
CH3_UNDERKEEP_DESCENT	/root/Chapter03Route/RoomHost/Ch3UnderkeepRoom/UnderkeepDescent/TransitionPrompt	Label	/root/Chapter03Route/RoomHost/Ch3UnderkeepRoom/UnderkeepDescent	14	14	true	false	0	false	(1750.0, 294.0)
CH3_UNDERKEEP_DESCENT	/root/Chapter03Route/RoomHost/Ch3UnderkeepRoom/UnderkeepDescent/AreaTitle	Label	/root/Chapter03Route/RoomHost/Ch3UnderkeepRoom/UnderkeepDescent	0	0	true	false	0	false	(790.0, 78.0)
CH3_UNDERKEEP_DESCENT	/root/Chapter03Route/RoomHost/Ch3UnderkeepRoom/SpawnPoints	Node2D	/root/Chapter03Route/RoomHost/Ch3UnderkeepRoom	0	0	true	false	0	true	(0.0, 0.0)
CH3_UNDERKEEP_DESCENT	/root/Chapter03Route/RoomHost/Ch3UnderkeepRoom/SpawnPoints/EntryWest	Marker2D	/root/Chapter03Route/RoomHost/Ch3UnderkeepRoom/SpawnPoints	0	0	true	false	0	true	(160.0, 584.0)
CH3_UNDERKEEP_DESCENT	/root/Chapter03Route/PersistentRuntime/ChapterRuntime/Player	CharacterBody2D	/root/Chapter03Route/PersistentRuntime/ChapterRuntime	12	12	true	false	0	true	(160.0, 584.0)
CH3_UNDERKEEP_DESCENT	/root/Chapter03Route/PersistentRuntime/ChapterRuntime/Player/VisualRoot	Node2D	/root/Chapter03Route/PersistentRuntime/ChapterRuntime/Player	0	12	true	false	0	true	(160.0, 584.0)
CH3_UNDERKEEP_DESCENT	/root/Chapter03Route/PersistentRuntime/ChapterRuntime/Player/VisualRoot/AnimatedSprite2D	AnimatedSprite2D	/root/Chapter03Route/PersistentRuntime/ChapterRuntime/Player/VisualRoot	0	12	true	false	0	true	(160.0, 584.0)
CH3_UNDERKEEP_DESCENT	/root/Chapter03Route/PersistentRuntime/ChapterRuntime/Player/VisualRoot/WeaponVisual	Node2D	/root/Chapter03Route/PersistentRuntime/ChapterRuntime/Player/VisualRoot	1	13	true	false	0	true	(160.0, 584.0)
CH3_UNDERKEEP_DESCENT	/root/Chapter03Route/PersistentRuntime/ChapterRuntime/Player/VisualRoot/DeathEffects	Node2D	/root/Chapter03Route/PersistentRuntime/ChapterRuntime/Player/VisualRoot	2	14	true	false	0	true	(160.0, 584.0)
CH3_UNDERKEEP_DESCENT	/root/Chapter03Route/PersistentRuntime/ChapterRuntime/Player/VisualRoot/DeathEffects/GhostSprite	Sprite2D	/root/Chapter03Route/PersistentRuntime/ChapterRuntime/Player/VisualRoot/DeathEffects	0	14	true	false	0	false	(160.0, 591.0)
CH3_UNDERKEEP_DESCENT	/root/Chapter03Route/PersistentRuntime/ChapterRuntime/Player/CollisionShape2D	CollisionShape2D	/root/Chapter03Route/PersistentRuntime/ChapterRuntime/Player	0	12	true	false	0	true	(160.0, 586.0)
CH3_UNDERKEEP_DESCENT	/root/Chapter03Route/PersistentRuntime/ChapterRuntime/Player/Hurtbox	Area2D	/root/Chapter03Route/PersistentRuntime/ChapterRuntime/Player	0	12	true	false	0	true	(160.0, 584.0)
CH3_UNDERKEEP_DESCENT	/root/Chapter03Route/PersistentRuntime/ChapterRuntime/Player/Hurtbox/CollisionShape2D	CollisionShape2D	/root/Chapter03Route/PersistentRuntime/ChapterRuntime/Player/Hurtbox	0	12	true	false	0	true	(160.0, 586.0)
CH3_UNDERKEEP_DESCENT	/root/Chapter03Route/PersistentRuntime/ChapterRuntime/Player/CombatRoot	Node2D	/root/Chapter03Route/PersistentRuntime/ChapterRuntime/Player	0	12	true	false	0	true	(160.0, 584.0)
CH3_UNDERKEEP_DESCENT	/root/Chapter03Route/PersistentRuntime/ChapterRuntime/Player/CombatRoot/AttackHitbox	Area2D	/root/Chapter03Route/PersistentRuntime/ChapterRuntime/Player/CombatRoot	0	12	true	false	0	true	(189.0, 581.0)
CH3_UNDERKEEP_DESCENT	/root/Chapter03Route/PersistentRuntime/ChapterRuntime/Player/CombatRoot/AttackHitbox/CollisionShape2D	CollisionShape2D	/root/Chapter03Route/PersistentRuntime/ChapterRuntime/Player/CombatRoot/AttackHitbox	0	12	true	false	0	true	(189.0, 581.0)
CH3_UNDERKEEP_DESCENT	/root/Chapter03Route/PersistentRuntime/ChapterRuntime/Player/CombatRoot/DashAttackHitbox	Area2D	/root/Chapter03Route/PersistentRuntime/ChapterRuntime/Player/CombatRoot	0	12	true	false	0	true	(197.0, 581.0)
CH3_UNDERKEEP_DESCENT	/root/Chapter03Route/PersistentRuntime/ChapterRuntime/Player/CombatRoot/DashAttackHitbox/CollisionShape2D	CollisionShape2D	/root/Chapter03Route/PersistentRuntime/ChapterRuntime/Player/CombatRoot/DashAttackHitbox	0	12	true	false	0	true	(197.0, 581.0)
CH3_UNDERKEEP_DESCENT	/root/Chapter03Route/PersistentRuntime/ChapterRuntime/Player/Camera2D	Camera2D	/root/Chapter03Route/PersistentRuntime/ChapterRuntime/Player	0	12	true	false	0	true	(160.0, 479.0)
CH3_UNDERKEEP_DESCENT	/root/Chapter03Route/PersistentRuntime/ChapterRuntime/HUD/RoomFade	ColorRect	/root/Chapter03Route/PersistentRuntime/ChapterRuntime/HUD	0	0	true	false	1	false	(0.0, 0.0)
