Godot Engine v4.7.1.stable.official.a13da4feb - https://godotengine.org

[   0% ] [90m[1mfirst_scan_filesystem[22m | Started 项目初始化 (5 steps)[39m[0m
[   0% ] [90m[1mfirst_scan_filesystem[22m | 正在扫描文件结构……[39m[0m
[  16% ] [90m[1mfirst_scan_filesystem[22m | 正在加载全局类名……[39m[0m
[  33% ] [90m[1mfirst_scan_filesystem[22m | 正在校验 GDExtension……[39m[0m
[  50% ] [90m[1mfirst_scan_filesystem[22m | 正在创建自动加载脚本……[39m[0m
[  66% ] [90m[1mfirst_scan_filesystem[22m | 正在初始化插件……[39m[0m
[  83% ] [90m[1mfirst_scan_filesystem[22m | 正在启动文件扫描……[39m[0m
[92m[ DONE ][39m [1mfirst_scan_filesystem[22m
[0m
[   0% ] [90m[1mupdate_scripts_classes[22m | Started 正在注册全局类…… (191 steps)[39m[0m
[   0% ] [90m[1mupdate_scripts_classes[22m | BossHealthHud[39m[0m
[   0% ] [90m[1mupdate_scripts_classes[22m | BossLastWordsPresenter[39m[0m
[   1% ] [90m[1mupdate_scripts_classes[22m | BossRewardController[39m[0m
[   1% ] [90m[1mupdate_scripts_classes[22m | BossRoomController[39m[0m
[   2% ] [90m[1mupdate_scripts_classes[22m | FallenGateKnight[39m[0m
[   2% ] [90m[1mupdate_scripts_classes[22m | FallenGateKnightConfig[39m[0m
[   3% ] [90m[1mupdate_scripts_classes[22m | CastleGuard[39m[0m
[   3% ] [90m[1mupdate_scripts_classes[22m | CastleGuardConfig[39m[0m
[   4% ] [90m[1mupdate_scripts_classes[22m | CastleGuardStateMachine[39m[0m
[   4% ] [90m[1mupdate_scripts_classes[22m | DecayedSpearman[39m[0m
[   5% ] [90m[1mupdate_scripts_classes[22m | DecayedSpearmanConfig[39m[0m
[   5% ] [90m[1mupdate_scripts_classes[22m | CastleFrontierTransitionArt[39m[0m
[   6% ] [90m[1mupdate_scripts_classes[22m | CastleGateController[39m[0m
[   6% ] [90m[1mupdate_scripts_classes[22m | ChapterOneStorytellingArt[39m[0m
[   7% ] [90m[1mupdate_scripts_classes[22m | DarkForestOutskirtsArt[39m[0m
[   7% ] [90m[1mupdate_scripts_classes[22m | MoatHazard[39m[0m
[   8% ] [90m[1mupdate_scripts_classes[22m | OutskirtsSurfaceDetails[39m[0m
[   8% ] [90m[1mupdate_scripts_classes[22m | RavenmournApproachArt[39m[0m
[   9% ] [90m[1mupdate_scripts_classes[22m | RavenmournArchwayArt[39m[0m
[   9% ] [90m[1mupdate_scripts_classes[22m | RavenmournBridgeArt[39m[0m
[  10% ] [90m[1mupdate_scripts_classes[22m | RavenmournCastleBackdrop[39m[0m
[  10% ] [90m[1mupdate_scripts_classes[22m | RavenmournGateArt[39m[0m
[  11% ] [90m[1mupdate_scripts_classes[22m | RavenmournMoatArt[39m[0m
[  11% ] [90m[1mupdate_scripts_classes[22m | RavenmournOutskirtsLevel[39m[0m
[  12% ] [90m[1mupdate_scripts_classes[22m | RavenmournSurfaceDetails[39m[0m
[  13% ] [90m[1mupdate_scripts_classes[22m | TutorialController[39m[0m
[  13% ] [90m[1mupdate_scripts_classes[22m | BossAttackGeometryDebugDraw[39m[0m
[  14% ] [90m[1mupdate_scripts_classes[22m | [39m[0m
[  14% ] [90m[1mupdate_scripts_classes[22m | [39m[0m
[  15% ] [90m[1mupdate_scripts_classes[22m | [39m[0m
[  15% ] [90m[1mupdate_scripts_classes[22m | [39m[0m
[  16% ] [90m[1mupdate_scripts_classes[22m | [39m[0m
[  16% ] [90m[1mupdate_scripts_classes[22m | [39m[0m
[  17% ] [90m[1mupdate_scripts_classes[22m | [39m[0m
[  17% ] [90m[1mupdate_scripts_classes[22m | [39m[0m
[  18% ] [90m[1mupdate_scripts_classes[22m | [39m[0m
[  18% ] [90m[1mupdate_scripts_classes[22m | [39m[0m
[  19% ] [90m[1mupdate_scripts_classes[22m | [39m[0m
[  19% ] [90m[1mupdate_scripts_classes[22m | [39m[0m
[  20% ] [90m[1mupdate_scripts_classes[22m | [39m[0m
[  20% ] [90m[1mupdate_scripts_classes[22m | [39m[0m
[  21% ] [90m[1mupdate_scripts_classes[22m | CastleGuardSpriteFramesBuilder[39m[0m
[  21% ] [90m[1mupdate_scripts_classes[22m | CombatTestRoom[39m[0m
[  22% ] [90m[1mupdate_scripts_classes[22m | EnemyVarietyTestRoom[39m[0m
[  22% ] [90m[1mupdate_scripts_classes[22m | [39m[0m
[  23% ] [90m[1mupdate_scripts_classes[22m | PixelCastleGuardGenerator[39m[0m
[  23% ] [90m[1mupdate_scripts_classes[22m | [39m[0m
[  24% ] [90m[1mupdate_scripts_classes[22m | CastleEntranceTransition[39m[0m
[  25% ] [90m[1mupdate_scripts_classes[22m | [39m[0m
[  25% ] [90m[1mupdate_scripts_classes[22m | [39m[0m
[  26% ] [90m[1mupdate_scripts_classes[22m | [39m[0m
[  26% ] [90m[1mupdate_scripts_classes[22m | [39m[0m
[  27% ] [90m[1mupdate_scripts_classes[22m | [39m[0m
[  27% ] [90m[1mupdate_scripts_classes[22m | [39m[0m
[  28% ] [90m[1mupdate_scripts_classes[22m | [39m[0m
[  28% ] [90m[1mupdate_scripts_classes[22m | [39m[0m
[  29% ] [90m[1mupdate_scripts_classes[22m | [39m[0m
[  29% ] [90m[1mupdate_scripts_classes[22m | [39m[0m
[  30% ] [90m[1mupdate_scripts_classes[22m | [39m[0m
[  30% ] [90m[1mupdate_scripts_classes[22m | [39m[0m
[  31% ] [90m[1mupdate_scripts_classes[22m | [39m[0m
[  31% ] [90m[1mupdate_scripts_classes[22m | [39m[0m
[  32% ] [90m[1mupdate_scripts_classes[22m | [39m[0m
[  32% ] [90m[1mupdate_scripts_classes[22m | [39m[0m
[  33% ] [90m[1mupdate_scripts_classes[22m | [39m[0m
[  33% ] [90m[1mupdate_scripts_classes[22m | [39m[0m
[  34% ] [90m[1mupdate_scripts_classes[22m | [39m[0m
[  34% ] [90m[1mupdate_scripts_classes[22m | [39m[0m
[  35% ] [90m[1mupdate_scripts_classes[22m | [39m[0m
[  35% ] [90m[1mupdate_scripts_classes[22m | Chapter02CameraBounds[39m[0m
[  36% ] [90m[1mupdate_scripts_classes[22m | Chapter02RoomGraybox[39m[0m
[  36% ] [90m[1mupdate_scripts_classes[22m | SilentCourtLevel[39m[0m
[  37% ] [90m[1mupdate_scripts_classes[22m | [39m[0m
[  38% ] [90m[1mupdate_scripts_classes[22m | Chapter02GrayboxQaRunner[39m[0m
[  38% ] [90m[1mupdate_scripts_classes[22m | [39m[0m
[  39% ] [90m[1mupdate_scripts_classes[22m | OpeningCinematicArt[39m[0m
[  39% ] [90m[1mupdate_scripts_classes[22m | OpeningCinematicController[39m[0m
[  40% ] [90m[1mupdate_scripts_classes[22m | OpeningCinematicTimeline[39m[0m
[  40% ] [90m[1mupdate_scripts_classes[22m | EnemyHitPolicyComponent[39m[0m
[  41% ] [90m[1mupdate_scripts_classes[22m | HealthComponent[39m[0m
[  41% ] [90m[1mupdate_scripts_classes[22m | HitboxComponent[39m[0m
[  42% ] [90m[1mupdate_scripts_classes[22m | HurtboxComponent[39m[0m
[  42% ] [90m[1mupdate_scripts_classes[22m | ShieldComponent[39m[0m
[  43% ] [90m[1mupdate_scripts_classes[22m | ChapterStartRouterState[39m[0m
[  43% ] [90m[1mupdate_scripts_classes[22m | EncounterGroup[39m[0m
[  44% ] [90m[1mupdate_scripts_classes[22m | CoinPickup[39m[0m
[  44% ] [90m[1mupdate_scripts_classes[22m | DynamicLootProfile[39m[0m
[  45% ] [90m[1mupdate_scripts_classes[22m | PlayerEquipmentManager[39m[0m
[  45% ] [90m[1mupdate_scripts_classes[22m | HealthPickup[39m[0m
[  46% ] [90m[1mupdate_scripts_classes[22m | LootDropComponent[39m[0m
[  46% ] [90m[1mupdate_scripts_classes[22m | LootDropProfile[39m[0m
[  47% ] [90m[1mupdate_scripts_classes[22m | LootProbabilityWeights[39m[0m
[  47% ] [90m[1mupdate_scripts_classes[22m | PickupPixelVisual[39m[0m
[  48% ] [90m[1mupdate_scripts_classes[22m | WeaponData[39m[0m
[  48% ] [90m[1mupdate_scripts_classes[22m | PlayerWeaponInventory[39m[0m
[  49% ] [90m[1mupdate_scripts_classes[22m | WeaponPickup[39m[0m
[  50% ] [90m[1mupdate_scripts_classes[22m | WorldPickup[39m[0m
[  50% ] [90m[1mupdate_scripts_classes[22m | VeilboundCatacombController[39m[0m
[  51% ] [90m[1mupdate_scripts_classes[22m | CatacombDialogue[39m[0m
[  51% ] [90m[1mupdate_scripts_classes[22m | RevivalPlayerArt[39m[0m
[  52% ] [90m[1mupdate_scripts_classes[22m | CandleWarden[39m[0m
[  52% ] [90m[1mupdate_scripts_classes[22m | Player[39m[0m
[  53% ] [90m[1mupdate_scripts_classes[22m | PlayerActionController[39m[0m
[  53% ] [90m[1mupdate_scripts_classes[22m | PlayerActionPrototypeConfig[39m[0m
[  54% ] [90m[1mupdate_scripts_classes[22m | PlayerAnimationController[39m[0m
[  54% ] [90m[1mupdate_scripts_classes[22m | PlayerDeathSequence[39m[0m
[  55% ] [90m[1mupdate_scripts_classes[22m | PlayerHurtConfig[39m[0m
[  55% ] [90m[1mupdate_scripts_classes[22m | PlayerHurtController[39m[0m
[  56% ] [90m[1mupdate_scripts_classes[22m | PlayerMovementConfig[39m[0m
[  56% ] [90m[1mupdate_scripts_classes[22m | PlayerStaminaComponent[39m[0m
[  57% ] [90m[1mupdate_scripts_classes[22m | PlayerWeaponVisual[39m[0m
[  57% ] [90m[1mupdate_scripts_classes[22m | ChapterRegistry[39m[0m
[  58% ] [90m[1mupdate_scripts_classes[22m | ChapterStartProfile[39m[0m
[  58% ] [90m[1mupdate_scripts_classes[22m | ChapterSessionState[39m[0m
[  59% ] [90m[1mupdate_scripts_classes[22m | CheckpointTrigger[39m[0m
[  59% ] [90m[1mupdate_scripts_classes[22m | CurrencyWallet[39m[0m
[  60% ] [90m[1mupdate_scripts_classes[22m | DebugRunConfigState[39m[0m
[  60% ] [90m[1mupdate_scripts_classes[22m | PlayerRespawnController[39m[0m
[  61% ] [90m[1mupdate_scripts_classes[22m | [39m[0m
[  61% ] [90m[1mupdate_scripts_classes[22m | [39m[0m
[  62% ] [90m[1mupdate_scripts_classes[22m | [39m[0m
[  63% ] [90m[1mupdate_scripts_classes[22m | CharacterBoardExporter[39m[0m
[  63% ] [90m[1mupdate_scripts_classes[22m | CharacterDesignLab[39m[0m
[  64% ] [90m[1mupdate_scripts_classes[22m | [39m[0m
[  64% ] [90m[1mupdate_scripts_classes[22m | [39m[0m
[  65% ] [90m[1mupdate_scripts_classes[22m | [39m[0m
[  65% ] [90m[1mupdate_scripts_classes[22m | [39m[0m
[  66% ] [90m[1mupdate_scripts_classes[22m | LevelTraversalDebugOverlay[39m[0m
[  66% ] [90m[1mupdate_scripts_classes[22m | MainDebugHudController[39m[0m
[  67% ] [90m[1mupdate_scripts_classes[22m | MainEnemyDebugOverlay[39m[0m
[  67% ] [90m[1mupdate_scripts_classes[22m | PixelArtCanvas[39m[0m
[  68% ] [90m[1mupdate_scripts_classes[22m | PixelAssassinPose[39m[0m
[  68% ] [90m[1mupdate_scripts_classes[22m | PixelAssassinRenderer[39m[0m
[  69% ] [90m[1mupdate_scripts_classes[22m | PixelCharacterGenerator[39m[0m
[  69% ] [90m[1mupdate_scripts_classes[22m | [39m[0m
[  70% ] [90m[1mupdate_scripts_classes[22m | PixelPlayerAnimationGenerator[39m[0m
[  70% ] [90m[1mupdate_scripts_classes[22m | PixelPlayerDeathGenerator[39m[0m
[  71% ] [90m[1mupdate_scripts_classes[22m | PixelPlayerHurtGenerator[39m[0m
[  71% ] [90m[1mupdate_scripts_classes[22m | PixelPlayerM1AnimationGenerator[39m[0m
[  72% ] [90m[1mupdate_scripts_classes[22m | PlayerActionDebugOverlay[39m[0m
[  72% ] [90m[1mupdate_scripts_classes[22m | PlayerAnimationContactSheet[39m[0m
[  73% ] [90m[1mupdate_scripts_classes[22m | PlayerAnimationPreview[39m[0m
[  73% ] [90m[1mupdate_scripts_classes[22m | PlayerDeathTestButton[39m[0m
[  74% ] [90m[1mupdate_scripts_classes[22m | PlayerM1AnimationContactSheet[39m[0m
[  75% ] [90m[1mupdate_scripts_classes[22m | PlayerPlaceholderAnimationGenerator[39m[0m
[  75% ] [90m[1mupdate_scripts_classes[22m | PlayerSpriteFramesBuilder[39m[0m
[  76% ] [90m[1mupdate_scripts_classes[22m | CatacombDialogueUI[39m[0m
[  76% ] [90m[1mupdate_scripts_classes[22m | ChapterObjectiveUI[39m[0m
[  77% ] [90m[1mupdate_scripts_classes[22m | PlayerDeathHud[39m[0m
[  77% ] [90m[1mupdate_scripts_classes[22m | PlayerHealthHud[39m[0m
[  78% ] [90m[1mupdate_scripts_classes[22m | PlayerStaminaHud[39m[0m
[  78% ] [90m[1mupdate_scripts_classes[22m | RunInventoryHud[39m[0m
[  79% ] [90m[1mupdate_scripts_classes[22m | TutorialPromptUI[39m[0m
[  79% ] [90m[1mupdate_scripts_classes[22m | CatacombDoorFrameFront[39m[0m
[  80% ] [90m[1mupdate_scripts_classes[22m | CatacombDoorOpeningBackdrop[39m[0m
[  80% ] [90m[1mupdate_scripts_classes[22m | CatacombStoneDoor[39m[0m
[  81% ] [90m[1mupdate_scripts_classes[22m | VeilboundCatacombArt[39m[0m
[  81% ] [90m[1mupdate_scripts_classes[22m | CursedShieldGuard[39m[0m
[  82% ] [90m[1mupdate_scripts_classes[22m | CursedShieldGuardConfig[39m[0m
[  82% ] [90m[1mupdate_scripts_classes[22m | EnemyCombatant[39m[0m
[  83% ] [90m[1mupdate_scripts_classes[22m | EnemyGroundConfig[39m[0m
[  83% ] [90m[1mupdate_scripts_classes[22m | FallenCrossbowman[39m[0m
[  84% ] [90m[1mupdate_scripts_classes[22m | FallenCrossbowmanConfig[39m[0m
[  84% ] [90m[1mupdate_scripts_classes[22m | GargoyleSentinel[39m[0m
[  85% ] [90m[1mupdate_scripts_classes[22m | GargoyleSentinelConfig[39m[0m
[  85% ] [90m[1mupdate_scripts_classes[22m | GroundEnemyBase[39m[0m
[  86% ] [90m[1mupdate_scripts_classes[22m | CrossbowBolt[39m[0m
[  86% ] [90m[1mupdate_scripts_classes[22m | [39m[0m
[  87% ] [90m[1mupdate_scripts_classes[22m | [39m[0m
[  88% ] [90m[1mupdate_scripts_classes[22m | [39m[0m
[  88% ] [90m[1mupdate_scripts_classes[22m | [39m[0m
[  89% ] [90m[1mupdate_scripts_classes[22m | [39m[0m
[  89% ] [90m[1mupdate_scripts_classes[22m | [39m[0m
[  90% ] [90m[1mupdate_scripts_classes[22m | [39m[0m
[  90% ] [90m[1mupdate_scripts_classes[22m | [39m[0m
[  91% ] [90m[1mupdate_scripts_classes[22m | [39m[0m
[  91% ] [90m[1mupdate_scripts_classes[22m | [39m[0m
[  92% ] [90m[1mupdate_scripts_classes[22m | [39m[0m
[  92% ] [90m[1mupdate_scripts_classes[22m | [39m[0m
[  93% ] [90m[1mupdate_scripts_classes[22m | [39m[0m
[  93% ] [90m[1mupdate_scripts_classes[22m | [39m[0m
[  94% ] [90m[1mupdate_scripts_classes[22m | [39m[0m
[  94% ] [90m[1mupdate_scripts_classes[22m | [39m[0m
[  95% ] [90m[1mupdate_scripts_classes[22m | [39m[0m
[  95% ] [90m[1mupdate_scripts_classes[22m | [39m[0m
[  96% ] [90m[1mupdate_scripts_classes[22m | [39m[0m
[  96% ] [90m[1mupdate_scripts_classes[22m | [39m[0m
[  97% ] [90m[1mupdate_scripts_classes[22m | [39m[0m
[  97% ] [90m[1mupdate_scripts_classes[22m | [39m[0m
[  98% ] [90m[1mupdate_scripts_classes[22m | [39m[0m
[  98% ] [90m[1mupdate_scripts_classes[22m | [39m[0m
[92m[ DONE ][39m [1mupdate_scripts_classes[22m
[0m
[   0% ] [90m[1m_update_scan_actions[22m | Started 正在扫描动作…… (451 steps)[39m[0m
[   0% ] [90m[1m_update_scan_actions[22m | air_dash_end_01.png[39m[0m
[   0% ] [90m[1m_update_scan_actions[22m | air_dash_end_02.png[39m[0m
[   0% ] [90m[1m_update_scan_actions[22m | air_dash_loop_01.png[39m[0m
[   0% ] [90m[1m_update_scan_actions[22m | air_dash_loop_02.png[39m[0m
[   0% ] [90m[1m_update_scan_actions[22m | air_dash_loop_03.png[39m[0m
[   1% ] [90m[1m_update_scan_actions[22m | air_dash_start_01.png[39m[0m
[   1% ] [90m[1m_update_scan_actions[22m | air_dash_start_02.png[39m[0m
[   1% ] [90m[1m_update_scan_actions[22m | attack_01.png[39m[0m
[   1% ] [90m[1m_update_scan_actions[22m | attack_02.png[39m[0m
[   1% ] [90m[1m_update_scan_actions[22m | attack_03.png[39m[0m
[   2% ] [90m[1m_update_scan_actions[22m | attack_04.png[39m[0m
[   2% ] [90m[1m_update_scan_actions[22m | dash_attack_01.png[39m[0m
[   2% ] [90m[1m_update_scan_actions[22m | dash_attack_02.png[39m[0m
[   2% ] [90m[1m_update_scan_actions[22m | dash_attack_03.png[39m[0m
[   3% ] [90m[1m_update_scan_actions[22m | dash_attack_04.png[39m[0m
[   3% ] [90m[1m_update_scan_actions[22m | dash_attack_05.png[39m[0m
[   3% ] [90m[1m_update_scan_actions[22m | dash_end_01.png[39m[0m
[   3% ] [90m[1m_update_scan_actions[22m | dash_end_02.png[39m[0m
[   3% ] [90m[1m_update_scan_actions[22m | dash_loop_01.png[39m[0m
[   4% ] [90m[1m_update_scan_actions[22m | dash_loop_02.png[39m[0m
[   4% ] [90m[1m_update_scan_actions[22m | dash_loop_03.png[39m[0m
[   4% ] [90m[1m_update_scan_actions[22m | dash_start_01.png[39m[0m
[   4% ] [90m[1m_update_scan_actions[22m | dash_start_02.png[39m[0m
[   5% ] [90m[1m_update_scan_actions[22m | death_01.png[39m[0m
[   5% ] [90m[1m_update_scan_actions[22m | death_02.png[39m[0m
[   5% ] [90m[1m_update_scan_actions[22m | death_03.png[39m[0m
[   5% ] [90m[1m_update_scan_actions[22m | death_04.png[39m[0m
[   5% ] [90m[1m_update_scan_actions[22m | death_05.png[39m[0m
[   6% ] [90m[1m_update_scan_actions[22m | ghost_hooded_face.png[39m[0m
[   6% ] [90m[1m_update_scan_actions[22m | fall_01.png[39m[0m
[   6% ] [90m[1m_update_scan_actions[22m | fall_02.png[39m[0m
[   6% ] [90m[1m_update_scan_actions[22m | hurt_01.png[39m[0m
[   7% ] [90m[1m_update_scan_actions[22m | hurt_02.png[39m[0m
[   7% ] [90m[1m_update_scan_actions[22m | hurt_03.png[39m[0m
[   7% ] [90m[1m_update_scan_actions[22m | idle_01.png[39m[0m
[   7% ] [90m[1m_update_scan_actions[22m | idle_02.png[39m[0m
[   7% ] [90m[1m_update_scan_actions[22m | idle_03.png[39m[0m
[   8% ] [90m[1m_update_scan_actions[22m | idle_04.png[39m[0m
[   8% ] [90m[1m_update_scan_actions[22m | jump_loop_01.png[39m[0m
[   8% ] [90m[1m_update_scan_actions[22m | jump_loop_02.png[39m[0m
[   8% ] [90m[1m_update_scan_actions[22m | jump_start_01.png[39m[0m
[   9% ] [90m[1m_update_scan_actions[22m | jump_start_02.png[39m[0m
[   9% ] [90m[1m_update_scan_actions[22m | land_01.png[39m[0m
[   9% ] [90m[1m_update_scan_actions[22m | land_02.png[39m[0m
[   9% ] [90m[1m_update_scan_actions[22m | placeholder_death_01.png[39m[0m
[   9% ] [90m[1m_update_scan_actions[22m | placeholder_death_02.png[39m[0m
[  10% ] [90m[1m_update_scan_actions[22m | placeholder_death_03.png[39m[0m
[  10% ] [90m[1m_update_scan_actions[22m | placeholder_death_04.png[39m[0m
[  10% ] [90m[1m_update_scan_actions[22m | placeholder_death_05.png[39m[0m
[  10% ] [90m[1m_update_scan_actions[22m | placeholder_death_06.png[39m[0m
[  11% ] [90m[1m_update_scan_actions[22m | placeholder_death_07.png[39m[0m
[  11% ] [90m[1m_update_scan_actions[22m | placeholder_death_08.png[39m[0m
[  11% ] [90m[1m_update_scan_actions[22m | placeholder_hurt_01.png[39m[0m
[  11% ] [90m[1m_update_scan_actions[22m | placeholder_hurt_02.png[39m[0m
[  11% ] [90m[1m_update_scan_actions[22m | placeholder_hurt_03.png[39m[0m
[  12% ] [90m[1m_update_scan_actions[22m | air_dash_5f_01.png[39m[0m
[  12% ] [90m[1m_update_scan_actions[22m | air_dash_5f_02.png[39m[0m
[  12% ] [90m[1m_update_scan_actions[22m | air_dash_5f_03.png[39m[0m
[  12% ] [90m[1m_update_scan_actions[22m | air_dash_5f_04.png[39m[0m
[  13% ] [90m[1m_update_scan_actions[22m | air_dash_5f_05.png[39m[0m
[  13% ] [90m[1m_update_scan_actions[22m | attack_6f_01.png[39m[0m
[  13% ] [90m[1m_update_scan_actions[22m | attack_6f_02.png[39m[0m
[  13% ] [90m[1m_update_scan_actions[22m | attack_6f_03.png[39m[0m
[  13% ] [90m[1m_update_scan_actions[22m | attack_6f_04.png[39m[0m
[  14% ] [90m[1m_update_scan_actions[22m | attack_6f_05.png[39m[0m
[  14% ] [90m[1m_update_scan_actions[22m | attack_6f_06.png[39m[0m
[  14% ] [90m[1m_update_scan_actions[22m | attack_slash_01.png[39m[0m
[  14% ] [90m[1m_update_scan_actions[22m | attack_slash_02.png[39m[0m
[  15% ] [90m[1m_update_scan_actions[22m | attack_slash_03.png[39m[0m
[  15% ] [90m[1m_update_scan_actions[22m | attack_slash_04.png[39m[0m
[  15% ] [90m[1m_update_scan_actions[22m | attack_slash_05.png[39m[0m
[  15% ] [90m[1m_update_scan_actions[22m | attack_slash_06.png[39m[0m
[  15% ] [90m[1m_update_scan_actions[22m | dash_attack_6f_01.png[39m[0m
[  16% ] [90m[1m_update_scan_actions[22m | dash_attack_6f_02.png[39m[0m
[  16% ] [90m[1m_update_scan_actions[22m | dash_attack_6f_03.png[39m[0m
[  16% ] [90m[1m_update_scan_actions[22m | dash_attack_6f_04.png[39m[0m
[  16% ] [90m[1m_update_scan_actions[22m | dash_attack_6f_05.png[39m[0m
[  17% ] [90m[1m_update_scan_actions[22m | dash_attack_6f_06.png[39m[0m
[  17% ] [90m[1m_update_scan_actions[22m | ground_dash_5f_01.png[39m[0m
[  17% ] [90m[1m_update_scan_actions[22m | ground_dash_5f_02.png[39m[0m
[  17% ] [90m[1m_update_scan_actions[22m | ground_dash_5f_03.png[39m[0m
[  17% ] [90m[1m_update_scan_actions[22m | ground_dash_5f_04.png[39m[0m
[  18% ] [90m[1m_update_scan_actions[22m | ground_dash_5f_05.png[39m[0m
[  18% ] [90m[1m_update_scan_actions[22m | placeholder_hurt_01.png[39m[0m
[  18% ] [90m[1m_update_scan_actions[22m | placeholder_hurt_02.png[39m[0m
[  18% ] [90m[1m_update_scan_actions[22m | placeholder_hurt_03.png[39m[0m
[  19% ] [90m[1m_update_scan_actions[22m | attack_pose_reference.png[39m[0m
[  19% ] [90m[1m_update_scan_actions[22m | dash_pose_reference.png[39m[0m
[  19% ] [90m[1m_update_scan_actions[22m | front_reference.png[39m[0m
[  19% ] [90m[1m_update_scan_actions[22m | side_reference.png[39m[0m
[  19% ] [90m[1m_update_scan_actions[22m | run_01.png[39m[0m
[  20% ] [90m[1m_update_scan_actions[22m | run_02.png[39m[0m
[  20% ] [90m[1m_update_scan_actions[22m | run_03.png[39m[0m
[  20% ] [90m[1m_update_scan_actions[22m | run_04.png[39m[0m
[  20% ] [90m[1m_update_scan_actions[22m | run_05.png[39m[0m
[  21% ] [90m[1m_update_scan_actions[22m | run_06.png[39m[0m
[  21% ] [90m[1m_update_scan_actions[22m | assassin_attack_anticipation.png[39m[0m
[  21% ] [90m[1m_update_scan_actions[22m | assassin_dash_pose.png[39m[0m
[  21% ] [90m[1m_update_scan_actions[22m | assassin_front_48.png[39m[0m
[  21% ] [90m[1m_update_scan_actions[22m | assassin_front_64.png[39m[0m
[  22% ] [90m[1m_update_scan_actions[22m | assassin_idle_pose.png[39m[0m
[  22% ] [90m[1m_update_scan_actions[22m | assassin_side_48.png[39m[0m
[  22% ] [90m[1m_update_scan_actions[22m | assassin_side_64.png[39m[0m
[  22% ] [90m[1m_update_scan_actions[22m | assassin_silhouette_64.png[39m[0m
[  23% ] [90m[1m_update_scan_actions[22m | dagger_main.png[39m[0m
[  23% ] [90m[1m_update_scan_actions[22m | dagger_offhand.png[39m[0m
[  23% ] [90m[1m_update_scan_actions[22m | palette_preview.png[39m[0m
[  23% ] [90m[1m_update_scan_actions[22m | air_dash_end_01.png[39m[0m
[  23% ] [90m[1m_update_scan_actions[22m | air_dash_end_02.png[39m[0m
[  24% ] [90m[1m_update_scan_actions[22m | air_dash_loop_01.png[39m[0m
[  24% ] [90m[1m_update_scan_actions[22m | air_dash_loop_02.png[39m[0m
[  24% ] [90m[1m_update_scan_actions[22m | air_dash_loop_03.png[39m[0m
[  24% ] [90m[1m_update_scan_actions[22m | air_dash_start_01.png[39m[0m
[  25% ] [90m[1m_update_scan_actions[22m | air_dash_start_02.png[39m[0m
[  25% ] [90m[1m_update_scan_actions[22m | attack_01.png[39m[0m
[  25% ] [90m[1m_update_scan_actions[22m | attack_02.png[39m[0m
[  25% ] [90m[1m_update_scan_actions[22m | attack_03.png[39m[0m
[  25% ] [90m[1m_update_scan_actions[22m | attack_04.png[39m[0m
[  26% ] [90m[1m_update_scan_actions[22m | dash_attack_01.png[39m[0m
[  26% ] [90m[1m_update_scan_actions[22m | dash_attack_02.png[39m[0m
[  26% ] [90m[1m_update_scan_actions[22m | dash_attack_03.png[39m[0m
[  26% ] [90m[1m_update_scan_actions[22m | dash_attack_04.png[39m[0m
[  26% ] [90m[1m_update_scan_actions[22m | dash_attack_05.png[39m[0m
[  27% ] [90m[1m_update_scan_actions[22m | dash_end_01.png[39m[0m
[  27% ] [90m[1m_update_scan_actions[22m | dash_end_02.png[39m[0m
[  27% ] [90m[1m_update_scan_actions[22m | dash_loop_01.png[39m[0m
[  27% ] [90m[1m_update_scan_actions[22m | dash_loop_02.png[39m[0m
[  28% ] [90m[1m_update_scan_actions[22m | dash_loop_03.png[39m[0m
[  28% ] [90m[1m_update_scan_actions[22m | dash_start_01.png[39m[0m
[  28% ] [90m[1m_update_scan_actions[22m | dash_start_02.png[39m[0m
[  28% ] [90m[1m_update_scan_actions[22m | death_01.png[39m[0m
[  28% ] [90m[1m_update_scan_actions[22m | death_02.png[39m[0m
[  29% ] [90m[1m_update_scan_actions[22m | death_03.png[39m[0m
[  29% ] [90m[1m_update_scan_actions[22m | death_04.png[39m[0m
[  29% ] [90m[1m_update_scan_actions[22m | death_05.png[39m[0m
[  29% ] [90m[1m_update_scan_actions[22m | fall_01.png[39m[0m
[  30% ] [90m[1m_update_scan_actions[22m | fall_02.png[39m[0m
[  30% ] [90m[1m_update_scan_actions[22m | hurt_01.png[39m[0m
[  30% ] [90m[1m_update_scan_actions[22m | hurt_02.png[39m[0m
[  30% ] [90m[1m_update_scan_actions[22m | hurt_03.png[39m[0m
[  30% ] [90m[1m_update_scan_actions[22m | idle_01.png[39m[0m
[  31% ] [90m[1m_update_scan_actions[22m | idle_02.png[39m[0m
[  31% ] [90m[1m_update_scan_actions[22m | idle_03.png[39m[0m
[  31% ] [90m[1m_update_scan_actions[22m | idle_04.png[39m[0m
[  31% ] [90m[1m_update_scan_actions[22m | jump_loop_01.png[39m[0m
[  32% ] [90m[1m_update_scan_actions[22m | jump_loop_02.png[39m[0m
[  32% ] [90m[1m_update_scan_actions[22m | jump_start_01.png[39m[0m
[  32% ] [90m[1m_update_scan_actions[22m | jump_start_02.png[39m[0m
[  32% ] [90m[1m_update_scan_actions[22m | land_01.png[39m[0m
[  32% ] [90m[1m_update_scan_actions[22m | land_02.png[39m[0m
[  33% ] [90m[1m_update_scan_actions[22m | run_01.png[39m[0m
[  33% ] [90m[1m_update_scan_actions[22m | run_02.png[39m[0m
[  33% ] [90m[1m_update_scan_actions[22m | run_03.png[39m[0m
[  33% ] [90m[1m_update_scan_actions[22m | run_04.png[39m[0m
[  34% ] [90m[1m_update_scan_actions[22m | run_05.png[39m[0m
[  34% ] [90m[1m_update_scan_actions[22m | run_06.png[39m[0m
[  34% ] [90m[1m_update_scan_actions[22m | ravenfang_daggers.png[39m[0m
[  34% ] [90m[1m_update_scan_actions[22m | veilbound_daggers.png[39m[0m
[  34% ] [90m[1m_update_scan_actions[22m | charge_thrust_01.png[39m[0m
[  35% ] [90m[1m_update_scan_actions[22m | charge_thrust_02.png[39m[0m
[  35% ] [90m[1m_update_scan_actions[22m | charge_thrust_03.png[39m[0m
[  35% ] [90m[1m_update_scan_actions[22m | charge_thrust_04.png[39m[0m
[  35% ] [90m[1m_update_scan_actions[22m | charge_thrust_05.png[39m[0m
[  36% ] [90m[1m_update_scan_actions[22m | combo_slash_1_01.png[39m[0m
[  36% ] [90m[1m_update_scan_actions[22m | combo_slash_1_02.png[39m[0m
[  36% ] [90m[1m_update_scan_actions[22m | combo_slash_1_03.png[39m[0m
[  36% ] [90m[1m_update_scan_actions[22m | combo_slash_1_04.png[39m[0m
[  36% ] [90m[1m_update_scan_actions[22m | combo_slash_1_05.png[39m[0m
[  37% ] [90m[1m_update_scan_actions[22m | combo_slash_2_01.png[39m[0m
[  37% ] [90m[1m_update_scan_actions[22m | combo_slash_2_02.png[39m[0m
[  37% ] [90m[1m_update_scan_actions[22m | combo_slash_2_03.png[39m[0m
[  37% ] [90m[1m_update_scan_actions[22m | combo_slash_2_04.png[39m[0m
[  38% ] [90m[1m_update_scan_actions[22m | combo_slash_2_05.png[39m[0m
[  38% ] [90m[1m_update_scan_actions[22m | death_01.png[39m[0m
[  38% ] [90m[1m_update_scan_actions[22m | death_02.png[39m[0m
[  38% ] [90m[1m_update_scan_actions[22m | death_03.png[39m[0m
[  38% ] [90m[1m_update_scan_actions[22m | death_04.png[39m[0m
[  39% ] [90m[1m_update_scan_actions[22m | death_05.png[39m[0m
[  39% ] [90m[1m_update_scan_actions[22m | death_06.png[39m[0m
[  39% ] [90m[1m_update_scan_actions[22m | death_07.png[39m[0m
[  39% ] [90m[1m_update_scan_actions[22m | heavy_overhead_01.png[39m[0m
[  40% ] [90m[1m_update_scan_actions[22m | heavy_overhead_02.png[39m[0m
[  40% ] [90m[1m_update_scan_actions[22m | heavy_overhead_03.png[39m[0m
[  40% ] [90m[1m_update_scan_actions[22m | heavy_overhead_04.png[39m[0m
[  40% ] [90m[1m_update_scan_actions[22m | heavy_overhead_05.png[39m[0m
[  40% ] [90m[1m_update_scan_actions[22m | heavy_overhead_06.png[39m[0m
[  41% ] [90m[1m_update_scan_actions[22m | hurt_shielded_01.png[39m[0m
[  41% ] [90m[1m_update_scan_actions[22m | hurt_shielded_02.png[39m[0m
[  41% ] [90m[1m_update_scan_actions[22m | hurt_shielded_03.png[39m[0m
[  41% ] [90m[1m_update_scan_actions[22m | hurt_unshielded_01.png[39m[0m
[  42% ] [90m[1m_update_scan_actions[22m | hurt_unshielded_02.png[39m[0m
[  42% ] [90m[1m_update_scan_actions[22m | hurt_unshielded_03.png[39m[0m
[  42% ] [90m[1m_update_scan_actions[22m | idle_shielded_01.png[39m[0m
[  42% ] [90m[1m_update_scan_actions[22m | idle_shielded_02.png[39m[0m
[  42% ] [90m[1m_update_scan_actions[22m | idle_shielded_03.png[39m[0m
[  43% ] [90m[1m_update_scan_actions[22m | idle_shielded_04.png[39m[0m
[  43% ] [90m[1m_update_scan_actions[22m | idle_unshielded_01.png[39m[0m
[  43% ] [90m[1m_update_scan_actions[22m | idle_unshielded_02.png[39m[0m
[  43% ] [90m[1m_update_scan_actions[22m | idle_unshielded_03.png[39m[0m
[  44% ] [90m[1m_update_scan_actions[22m | idle_unshielded_04.png[39m[0m
[  44% ] [90m[1m_update_scan_actions[22m | jump_smash_01.png[39m[0m
[  44% ] [90m[1m_update_scan_actions[22m | jump_smash_02.png[39m[0m
[  44% ] [90m[1m_update_scan_actions[22m | jump_smash_03.png[39m[0m
[  44% ] [90m[1m_update_scan_actions[22m | jump_smash_04.png[39m[0m
[  45% ] [90m[1m_update_scan_actions[22m | jump_smash_05.png[39m[0m
[  45% ] [90m[1m_update_scan_actions[22m | jump_smash_06.png[39m[0m
[  45% ] [90m[1m_update_scan_actions[22m | phase_transition_01.png[39m[0m
[  45% ] [90m[1m_update_scan_actions[22m | phase_transition_02.png[39m[0m
[  46% ] [90m[1m_update_scan_actions[22m | phase_transition_03.png[39m[0m
[  46% ] [90m[1m_update_scan_actions[22m | phase_transition_04.png[39m[0m
[  46% ] [90m[1m_update_scan_actions[22m | phase_transition_05.png[39m[0m
[  46% ] [90m[1m_update_scan_actions[22m | shield_bash_01.png[39m[0m
[  46% ] [90m[1m_update_scan_actions[22m | shield_bash_02.png[39m[0m
[  47% ] [90m[1m_update_scan_actions[22m | shield_bash_03.png[39m[0m
[  47% ] [90m[1m_update_scan_actions[22m | shield_bash_04.png[39m[0m
[  47% ] [90m[1m_update_scan_actions[22m | shield_bash_05.png[39m[0m
[  47% ] [90m[1m_update_scan_actions[22m | shield_block_01.png[39m[0m
[  48% ] [90m[1m_update_scan_actions[22m | shield_block_02.png[39m[0m
[  48% ] [90m[1m_update_scan_actions[22m | shield_block_03.png[39m[0m
[  48% ] [90m[1m_update_scan_actions[22m | shield_block_04.png[39m[0m
[  48% ] [90m[1m_update_scan_actions[22m | shield_break_01.png[39m[0m
[  48% ] [90m[1m_update_scan_actions[22m | shield_break_02.png[39m[0m
[  49% ] [90m[1m_update_scan_actions[22m | shield_break_03.png[39m[0m
[  49% ] [90m[1m_update_scan_actions[22m | shield_break_04.png[39m[0m
[  49% ] [90m[1m_update_scan_actions[22m | shield_break_05.png[39m[0m
[  49% ] [90m[1m_update_scan_actions[22m | broken_01.png[39m[0m
[  50% ] [90m[1m_update_scan_actions[22m | critical_01.png[39m[0m
[  50% ] [90m[1m_update_scan_actions[22m | damaged_01.png[39m[0m
[  50% ] [90m[1m_update_scan_actions[22m | intact_01.png[39m[0m
[  50% ] [90m[1m_update_scan_actions[22m | shockwave_strike_01.png[39m[0m
[  50% ] [90m[1m_update_scan_actions[22m | shockwave_strike_02.png[39m[0m
[  51% ] [90m[1m_update_scan_actions[22m | shockwave_strike_03.png[39m[0m
[  51% ] [90m[1m_update_scan_actions[22m | shockwave_strike_04.png[39m[0m
[  51% ] [90m[1m_update_scan_actions[22m | shockwave_strike_05.png[39m[0m
[  51% ] [90m[1m_update_scan_actions[22m | shockwave_strike_06.png[39m[0m
[  51% ] [90m[1m_update_scan_actions[22m | sword_slash_01.png[39m[0m
[  52% ] [90m[1m_update_scan_actions[22m | sword_slash_02.png[39m[0m
[  52% ] [90m[1m_update_scan_actions[22m | sword_slash_03.png[39m[0m
[  52% ] [90m[1m_update_scan_actions[22m | sword_slash_04.png[39m[0m
[  52% ] [90m[1m_update_scan_actions[22m | sword_slash_05.png[39m[0m
[  53% ] [90m[1m_update_scan_actions[22m | turn_shielded_01.png[39m[0m
[  53% ] [90m[1m_update_scan_actions[22m | turn_shielded_02.png[39m[0m
[  53% ] [90m[1m_update_scan_actions[22m | turn_shielded_03.png[39m[0m
[  53% ] [90m[1m_update_scan_actions[22m | turn_unshielded_01.png[39m[0m
[  53% ] [90m[1m_update_scan_actions[22m | turn_unshielded_02.png[39m[0m
[  54% ] [90m[1m_update_scan_actions[22m | turn_unshielded_03.png[39m[0m
[  54% ] [90m[1m_update_scan_actions[22m | walk_shielded_01.png[39m[0m
[  54% ] [90m[1m_update_scan_actions[22m | walk_shielded_02.png[39m[0m
[  54% ] [90m[1m_update_scan_actions[22m | walk_shielded_03.png[39m[0m
[  55% ] [90m[1m_update_scan_actions[22m | walk_shielded_04.png[39m[0m
[  55% ] [90m[1m_update_scan_actions[22m | walk_shielded_05.png[39m[0m
[  55% ] [90m[1m_update_scan_actions[22m | walk_shielded_06.png[39m[0m
[  55% ] [90m[1m_update_scan_actions[22m | walk_unshielded_01.png[39m[0m
[  55% ] [90m[1m_update_scan_actions[22m | walk_unshielded_02.png[39m[0m
[  56% ] [90m[1m_update_scan_actions[22m | walk_unshielded_03.png[39m[0m
[  56% ] [90m[1m_update_scan_actions[22m | walk_unshielded_04.png[39m[0m
[  56% ] [90m[1m_update_scan_actions[22m | walk_unshielded_05.png[39m[0m
[  56% ] [90m[1m_update_scan_actions[22m | walk_unshielded_06.png[39m[0m
[  57% ] [90m[1m_update_scan_actions[22m | attack_01.png[39m[0m
[  57% ] [90m[1m_update_scan_actions[22m | attack_02.png[39m[0m
[  57% ] [90m[1m_update_scan_actions[22m | attack_03.png[39m[0m
[  57% ] [90m[1m_update_scan_actions[22m | attack_04.png[39m[0m
[  57% ] [90m[1m_update_scan_actions[22m | attack_05.png[39m[0m
[  58% ] [90m[1m_update_scan_actions[22m | death_01.png[39m[0m
[  58% ] [90m[1m_update_scan_actions[22m | death_02.png[39m[0m
[  58% ] [90m[1m_update_scan_actions[22m | death_03.png[39m[0m
[  58% ] [90m[1m_update_scan_actions[22m | death_04.png[39m[0m
[  59% ] [90m[1m_update_scan_actions[22m | death_05.png[39m[0m
[  59% ] [90m[1m_update_scan_actions[22m | death_06.png[39m[0m
[  59% ] [90m[1m_update_scan_actions[22m | hurt_01.png[39m[0m
[  59% ] [90m[1m_update_scan_actions[22m | hurt_02.png[39m[0m
[  59% ] [90m[1m_update_scan_actions[22m | hurt_03.png[39m[0m
[  60% ] [90m[1m_update_scan_actions[22m | idle_01.png[39m[0m
[  60% ] [90m[1m_update_scan_actions[22m | idle_02.png[39m[0m
[  60% ] [90m[1m_update_scan_actions[22m | idle_03.png[39m[0m
[  60% ] [90m[1m_update_scan_actions[22m | idle_04.png[39m[0m
[  61% ] [90m[1m_update_scan_actions[22m | cursed_castle_guard_reference.png[39m[0m
[  61% ] [90m[1m_update_scan_actions[22m | walk_01.png[39m[0m
[  61% ] [90m[1m_update_scan_actions[22m | walk_02.png[39m[0m
[  61% ] [90m[1m_update_scan_actions[22m | walk_03.png[39m[0m
[  61% ] [90m[1m_update_scan_actions[22m | walk_04.png[39m[0m
[  62% ] [90m[1m_update_scan_actions[22m | walk_05.png[39m[0m
[  62% ] [90m[1m_update_scan_actions[22m | walk_06.png[39m[0m
[  62% ] [90m[1m_update_scan_actions[22m | attack_thrust_01.png[39m[0m
[  62% ] [90m[1m_update_scan_actions[22m | attack_thrust_02.png[39m[0m
[  63% ] [90m[1m_update_scan_actions[22m | attack_thrust_03.png[39m[0m
[  63% ] [90m[1m_update_scan_actions[22m | attack_thrust_04.png[39m[0m
[  63% ] [90m[1m_update_scan_actions[22m | attack_thrust_05.png[39m[0m
[  63% ] [90m[1m_update_scan_actions[22m | attack_thrust_06.png[39m[0m
[  63% ] [90m[1m_update_scan_actions[22m | death_01.png[39m[0m
[  64% ] [90m[1m_update_scan_actions[22m | death_02.png[39m[0m
[  64% ] [90m[1m_update_scan_actions[22m | death_03.png[39m[0m
[  64% ] [90m[1m_update_scan_actions[22m | death_04.png[39m[0m
[  64% ] [90m[1m_update_scan_actions[22m | death_05.png[39m[0m
[  65% ] [90m[1m_update_scan_actions[22m | death_06.png[39m[0m
[  65% ] [90m[1m_update_scan_actions[22m | hurt_01.png[39m[0m
[  65% ] [90m[1m_update_scan_actions[22m | hurt_02.png[39m[0m
[  65% ] [90m[1m_update_scan_actions[22m | hurt_03.png[39m[0m
[  65% ] [90m[1m_update_scan_actions[22m | idle_01.png[39m[0m
[  66% ] [90m[1m_update_scan_actions[22m | idle_02.png[39m[0m
[  66% ] [90m[1m_update_scan_actions[22m | idle_03.png[39m[0m
[  66% ] [90m[1m_update_scan_actions[22m | idle_04.png[39m[0m
[  66% ] [90m[1m_update_scan_actions[22m | walk_01.png[39m[0m
[  67% ] [90m[1m_update_scan_actions[22m | walk_02.png[39m[0m
[  67% ] [90m[1m_update_scan_actions[22m | walk_03.png[39m[0m
[  67% ] [90m[1m_update_scan_actions[22m | walk_04.png[39m[0m
[  67% ] [90m[1m_update_scan_actions[22m | walk_05.png[39m[0m
[  67% ] [90m[1m_update_scan_actions[22m | walk_06.png[39m[0m
[  68% ] [90m[1m_update_scan_actions[22m | hooded_assassin_character_board.png[39m[0m
[  68% ] [90m[1m_update_scan_actions[22m | attack_01.png[39m[0m
[  68% ] [90m[1m_update_scan_actions[22m | attack_02.png[39m[0m
[  68% ] [90m[1m_update_scan_actions[22m | attack_03.png[39m[0m
[  69% ] [90m[1m_update_scan_actions[22m | attack_04.png[39m[0m
[  69% ] [90m[1m_update_scan_actions[22m | attack_05.png[39m[0m
[  69% ] [90m[1m_update_scan_actions[22m | attack_unshielded_01.png[39m[0m
[  69% ] [90m[1m_update_scan_actions[22m | attack_unshielded_02.png[39m[0m
[  69% ] [90m[1m_update_scan_actions[22m | attack_unshielded_03.png[39m[0m
[  70% ] [90m[1m_update_scan_actions[22m | attack_unshielded_04.png[39m[0m
[  70% ] [90m[1m_update_scan_actions[22m | attack_unshielded_05.png[39m[0m
[  70% ] [90m[1m_update_scan_actions[22m | block_01.png[39m[0m
[  70% ] [90m[1m_update_scan_actions[22m | block_02.png[39m[0m
[  71% ] [90m[1m_update_scan_actions[22m | block_03.png[39m[0m
[  71% ] [90m[1m_update_scan_actions[22m | death_01.png[39m[0m
[  71% ] [90m[1m_update_scan_actions[22m | death_02.png[39m[0m
[  71% ] [90m[1m_update_scan_actions[22m | death_03.png[39m[0m
[  71% ] [90m[1m_update_scan_actions[22m | death_04.png[39m[0m
[  72% ] [90m[1m_update_scan_actions[22m | death_05.png[39m[0m
[  72% ] [90m[1m_update_scan_actions[22m | death_06.png[39m[0m
[  72% ] [90m[1m_update_scan_actions[22m | death_unshielded_01.png[39m[0m
[  72% ] [90m[1m_update_scan_actions[22m | death_unshielded_02.png[39m[0m
[  73% ] [90m[1m_update_scan_actions[22m | death_unshielded_03.png[39m[0m
[  73% ] [90m[1m_update_scan_actions[22m | death_unshielded_04.png[39m[0m
[  73% ] [90m[1m_update_scan_actions[22m | death_unshielded_05.png[39m[0m
[  73% ] [90m[1m_update_scan_actions[22m | death_unshielded_06.png[39m[0m
[  73% ] [90m[1m_update_scan_actions[22m | guard_break_01.png[39m[0m
[  74% ] [90m[1m_update_scan_actions[22m | guard_break_02.png[39m[0m
[  74% ] [90m[1m_update_scan_actions[22m | guard_break_03.png[39m[0m
[  74% ] [90m[1m_update_scan_actions[22m | guard_break_04.png[39m[0m
[  74% ] [90m[1m_update_scan_actions[22m | hurt_01.png[39m[0m
[  75% ] [90m[1m_update_scan_actions[22m | hurt_02.png[39m[0m
[  75% ] [90m[1m_update_scan_actions[22m | hurt_03.png[39m[0m
[  75% ] [90m[1m_update_scan_actions[22m | hurt_unshielded_01.png[39m[0m
[  75% ] [90m[1m_update_scan_actions[22m | hurt_unshielded_02.png[39m[0m
[  75% ] [90m[1m_update_scan_actions[22m | hurt_unshielded_03.png[39m[0m
[  76% ] [90m[1m_update_scan_actions[22m | idle_01.png[39m[0m
[  76% ] [90m[1m_update_scan_actions[22m | idle_02.png[39m[0m
[  76% ] [90m[1m_update_scan_actions[22m | idle_03.png[39m[0m
[  76% ] [90m[1m_update_scan_actions[22m | idle_04.png[39m[0m
[  76% ] [90m[1m_update_scan_actions[22m | idle_unshielded_01.png[39m[0m
[  77% ] [90m[1m_update_scan_actions[22m | idle_unshielded_02.png[39m[0m
[  77% ] [90m[1m_update_scan_actions[22m | idle_unshielded_03.png[39m[0m
[  77% ] [90m[1m_update_scan_actions[22m | idle_unshielded_04.png[39m[0m
[  77% ] [90m[1m_update_scan_actions[22m | broken_shield_marker.png[39m[0m
[  78% ] [90m[1m_update_scan_actions[22m | shield_break_fx_01.png[39m[0m
[  78% ] [90m[1m_update_scan_actions[22m | shield_break_fx_02.png[39m[0m
[  78% ] [90m[1m_update_scan_actions[22m | shield_break_fx_03.png[39m[0m
[  78% ] [90m[1m_update_scan_actions[22m | shield_break_fx_04.png[39m[0m
[  78% ] [90m[1m_update_scan_actions[22m | shield_hit_fx_01.png[39m[0m
[  79% ] [90m[1m_update_scan_actions[22m | shield_hit_fx_02.png[39m[0m
[  79% ] [90m[1m_update_scan_actions[22m | shield_hit_fx_03.png[39m[0m
[  79% ] [90m[1m_update_scan_actions[22m | cracked.png[39m[0m
[  79% ] [90m[1m_update_scan_actions[22m | critical.png[39m[0m
[  80% ] [90m[1m_update_scan_actions[22m | intact.png[39m[0m
[  80% ] [90m[1m_update_scan_actions[22m | shield_break_01.png[39m[0m
[  80% ] [90m[1m_update_scan_actions[22m | shield_break_02.png[39m[0m
[  80% ] [90m[1m_update_scan_actions[22m | shield_break_03.png[39m[0m
[  80% ] [90m[1m_update_scan_actions[22m | shield_break_04.png[39m[0m
[  81% ] [90m[1m_update_scan_actions[22m | walk_01.png[39m[0m
[  81% ] [90m[1m_update_scan_actions[22m | walk_02.png[39m[0m
[  81% ] [90m[1m_update_scan_actions[22m | walk_03.png[39m[0m
[  81% ] [90m[1m_update_scan_actions[22m | walk_04.png[39m[0m
[  82% ] [90m[1m_update_scan_actions[22m | walk_05.png[39m[0m
[  82% ] [90m[1m_update_scan_actions[22m | walk_06.png[39m[0m
[  82% ] [90m[1m_update_scan_actions[22m | walk_unshielded_01.png[39m[0m
[  82% ] [90m[1m_update_scan_actions[22m | walk_unshielded_02.png[39m[0m
[  82% ] [90m[1m_update_scan_actions[22m | walk_unshielded_03.png[39m[0m
[  83% ] [90m[1m_update_scan_actions[22m | walk_unshielded_04.png[39m[0m
[  83% ] [90m[1m_update_scan_actions[22m | walk_unshielded_05.png[39m[0m
[  83% ] [90m[1m_update_scan_actions[22m | walk_unshielded_06.png[39m[0m
[  83% ] [90m[1m_update_scan_actions[22m | aim_01.png[39m[0m
[  84% ] [90m[1m_update_scan_actions[22m | aim_02.png[39m[0m
[  84% ] [90m[1m_update_scan_actions[22m | aim_03.png[39m[0m
[  84% ] [90m[1m_update_scan_actions[22m | aim_04.png[39m[0m
[  84% ] [90m[1m_update_scan_actions[22m | death_01.png[39m[0m
[  84% ] [90m[1m_update_scan_actions[22m | death_02.png[39m[0m
[  85% ] [90m[1m_update_scan_actions[22m | death_03.png[39m[0m
[  85% ] [90m[1m_update_scan_actions[22m | death_04.png[39m[0m
[  85% ] [90m[1m_update_scan_actions[22m | death_05.png[39m[0m
[  85% ] [90m[1m_update_scan_actions[22m | death_06.png[39m[0m
[  86% ] [90m[1m_update_scan_actions[22m | hurt_01.png[39m[0m
[  86% ] [90m[1m_update_scan_actions[22m | hurt_02.png[39m[0m
[  86% ] [90m[1m_update_scan_actions[22m | hurt_03.png[39m[0m
[  86% ] [90m[1m_update_scan_actions[22m | idle_01.png[39m[0m
[  86% ] [90m[1m_update_scan_actions[22m | idle_02.png[39m[0m
[  87% ] [90m[1m_update_scan_actions[22m | idle_03.png[39m[0m
[  87% ] [90m[1m_update_scan_actions[22m | idle_04.png[39m[0m
[  87% ] [90m[1m_update_scan_actions[22m | reload_01.png[39m[0m
[  87% ] [90m[1m_update_scan_actions[22m | reload_02.png[39m[0m
[  88% ] [90m[1m_update_scan_actions[22m | reload_03.png[39m[0m
[  88% ] [90m[1m_update_scan_actions[22m | reload_04.png[39m[0m
[  88% ] [90m[1m_update_scan_actions[22m | shoot_01.png[39m[0m
[  88% ] [90m[1m_update_scan_actions[22m | shoot_02.png[39m[0m
[  88% ] [90m[1m_update_scan_actions[22m | shoot_03.png[39m[0m
[  89% ] [90m[1m_update_scan_actions[22m | walk_01.png[39m[0m
[  89% ] [90m[1m_update_scan_actions[22m | walk_02.png[39m[0m
[  89% ] [90m[1m_update_scan_actions[22m | walk_03.png[39m[0m
[  89% ] [90m[1m_update_scan_actions[22m | walk_04.png[39m[0m
[  90% ] [90m[1m_update_scan_actions[22m | walk_05.png[39m[0m
[  90% ] [90m[1m_update_scan_actions[22m | walk_06.png[39m[0m
[  90% ] [90m[1m_update_scan_actions[22m | death_fall_01.png[39m[0m
[  90% ] [90m[1m_update_scan_actions[22m | death_fall_02.png[39m[0m
[  90% ] [90m[1m_update_scan_actions[22m | death_fall_03.png[39m[0m
[  91% ] [90m[1m_update_scan_actions[22m | death_fall_04.png[39m[0m
[  91% ] [90m[1m_update_scan_actions[22m | death_fall_05.png[39m[0m
[  91% ] [90m[1m_update_scan_actions[22m | death_shatter_01.png[39m[0m
[  91% ] [90m[1m_update_scan_actions[22m | death_shatter_02.png[39m[0m
[  92% ] [90m[1m_update_scan_actions[22m | death_shatter_03.png[39m[0m
[  92% ] [90m[1m_update_scan_actions[22m | death_shatter_04.png[39m[0m
[  92% ] [90m[1m_update_scan_actions[22m | death_shatter_05.png[39m[0m
[  92% ] [90m[1m_update_scan_actions[22m | dive_01.png[39m[0m
[  92% ] [90m[1m_update_scan_actions[22m | dive_02.png[39m[0m
[  93% ] [90m[1m_update_scan_actions[22m | dive_03.png[39m[0m
[  93% ] [90m[1m_update_scan_actions[22m | dive_04.png[39m[0m
[  93% ] [90m[1m_update_scan_actions[22m | dive_windup_01.png[39m[0m
[  93% ] [90m[1m_update_scan_actions[22m | dive_windup_02.png[39m[0m
[  94% ] [90m[1m_update_scan_actions[22m | dive_windup_03.png[39m[0m
[  94% ] [90m[1m_update_scan_actions[22m | dive_windup_04.png[39m[0m
[  94% ] [90m[1m_update_scan_actions[22m | dormant_01.png[39m[0m
[  94% ] [90m[1m_update_scan_actions[22m | dormant_02.png[39m[0m
[  94% ] [90m[1m_update_scan_actions[22m | dormant_03.png[39m[0m
[  95% ] [90m[1m_update_scan_actions[22m | dormant_04.png[39m[0m
[  95% ] [90m[1m_update_scan_actions[22m | ground_stun_01.png[39m[0m
[  95% ] [90m[1m_update_scan_actions[22m | ground_stun_02.png[39m[0m
[  95% ] [90m[1m_update_scan_actions[22m | ground_stun_03.png[39m[0m
[  96% ] [90m[1m_update_scan_actions[22m | ground_stun_04.png[39m[0m
[  96% ] [90m[1m_update_scan_actions[22m | hover_01.png[39m[0m
[  96% ] [90m[1m_update_scan_actions[22m | hover_02.png[39m[0m
[  96% ] [90m[1m_update_scan_actions[22m | hover_03.png[39m[0m
[  96% ] [90m[1m_update_scan_actions[22m | hover_04.png[39m[0m
[  97% ] [90m[1m_update_scan_actions[22m | hurt_01.png[39m[0m
[  97% ] [90m[1m_update_scan_actions[22m | hurt_02.png[39m[0m
[  97% ] [90m[1m_update_scan_actions[22m | hurt_03.png[39m[0m
[  97% ] [90m[1m_update_scan_actions[22m | return_to_air_01.png[39m[0m
[  98% ] [90m[1m_update_scan_actions[22m | return_to_air_02.png[39m[0m
[  98% ] [90m[1m_update_scan_actions[22m | return_to_air_03.png[39m[0m
[  98% ] [90m[1m_update_scan_actions[22m | return_to_air_04.png[39m[0m
[  98% ] [90m[1m_update_scan_actions[22m | wake_01.png[39m[0m
[  98% ] [90m[1m_update_scan_actions[22m | wake_02.png[39m[0m
[  99% ] [90m[1m_update_scan_actions[22m | wake_03.png[39m[0m
[  99% ] [90m[1m_update_scan_actions[22m | wake_04.png[39m[0m
[  99% ] [90m[1m_update_scan_actions[22m | crossbow_bolt.png[39m[0m
[92m[ DONE ][39m [1m_update_scan_actions[22m
[0m
[   0% ] [90m[1mreimport[22m | Started 正在导入或重新导入资产 (449 steps)[39m[0m
[   0% ] [90m[1mreimport[22m | 正在准备重新导入文件……[39m[0m
[   0% ] [90m[1mreimport[22m | 正在准备重新导入文件……[39m[0m
[   0% ] [90m[1mreimport[22m | 正在准备重新导入文件……[39m[0m
[   0% ] [90m[1mreimport[22m | 正在准备重新导入文件……[39m[0m
[   0% ] [90m[1mreimport[22m | 正在准备重新导入文件……[39m[0m
[   1% ] [90m[1mreimport[22m | 正在准备重新导入文件……[39m[0m
[   1% ] [90m[1mreimport[22m | 正在准备重新导入文件……[39m[0m
[   1% ] [90m[1mreimport[22m | 正在准备重新导入文件……[39m[0m
[   1% ] [90m[1mreimport[22m | 正在准备重新导入文件……[39m[0m
[   2% ] [90m[1mreimport[22m | 正在准备重新导入文件……[39m[0m
[   2% ] [90m[1mreimport[22m | 正在准备重新导入文件……[39m[0m
[   2% ] [90m[1mreimport[22m | 正在准备重新导入文件……[39m[0m
[   2% ] [90m[1mreimport[22m | 正在准备重新导入文件……[39m[0m
[   2% ] [90m[1mreimport[22m | 正在准备重新导入文件……[39m[0m
[   3% ] [90m[1mreimport[22m | 正在准备重新导入文件……[39m[0m
[   3% ] [90m[1mreimport[22m | 正在准备重新导入文件……[39m[0m
[   3% ] [90m[1mreimport[22m | 正在准备重新导入文件……[39m[0m
[   3% ] [90m[1mreimport[22m | 正在准备重新导入文件……[39m[0m
[   4% ] [90m[1mreimport[22m | 正在准备重新导入文件……[39m[0m
[   4% ] [90m[1mreimport[22m | 正在准备重新导入文件……[39m[0m
[   4% ] [90m[1mreimport[22m | 正在准备重新导入文件……[39m[0m
[   4% ] [90m[1mreimport[22m | 正在准备重新导入文件……[39m[0m
[   4% ] [90m[1mreimport[22m | 正在准备重新导入文件……[39m[0m
[   5% ] [90m[1mreimport[22m | 正在准备重新导入文件……[39m[0m
[   5% ] [90m[1mreimport[22m | 正在准备重新导入文件……[39m[0m
[   5% ] [90m[1mreimport[22m | 正在准备重新导入文件……[39m[0m
[   5% ] [90m[1mreimport[22m | 正在准备重新导入文件……[39m[0m
[   6% ] [90m[1mreimport[22m | 正在准备重新导入文件……[39m[0m
[   6% ] [90m[1mreimport[22m | 正在准备重新导入文件……[39m[0m
[   6% ] [90m[1mreimport[22m | 正在准备重新导入文件……[39m[0m
[   6% ] [90m[1mreimport[22m | 正在准备重新导入文件……[39m[0m
[   6% ] [90m[1mreimport[22m | 正在准备重新导入文件……[39m[0m
[   7% ] [90m[1mreimport[22m | 正在准备重新导入文件……[39m[0m
[   7% ] [90m[1mreimport[22m | 正在准备重新导入文件……[39m[0m
[   7% ] [90m[1mreimport[22m | 正在准备重新导入文件……[39m[0m
[   7% ] [90m[1mreimport[22m | 正在准备重新导入文件……[39m[0m
[   8% ] [90m[1mreimport[22m | 正在准备重新导入文件……[39m[0m
[   8% ] [90m[1mreimport[22m | 正在准备重新导入文件……[39m[0m
[   8% ] [90m[1mreimport[22m | 正在准备重新导入文件……[39m[0m
[   8% ] [90m[1mreimport[22m | 正在准备重新导入文件……[39m[0m
[   8% ] [90m[1mreimport[22m | 正在准备重新导入文件……[39m[0m
[   9% ] [90m[1mreimport[22m | 正在准备重新导入文件……[39m[0m
[   9% ] [90m[1mreimport[22m | 正在准备重新导入文件……[39m[0m
[   9% ] [90m[1mreimport[22m | 正在准备重新导入文件……[39m[0m
[   9% ] [90m[1mreimport[22m | 正在准备重新导入文件……[39m[0m
[  10% ] [90m[1mreimport[22m | 正在准备重新导入文件……[39m[0m
[  10% ] [90m[1mreimport[22m | 正在准备重新导入文件……[39m[0m
[  10% ] [90m[1mreimport[22m | 正在准备重新导入文件……[39m[0m
[  10% ] [90m[1mreimport[22m | 正在准备重新导入文件……[39m[0m
[  10% ] [90m[1mreimport[22m | 正在准备重新导入文件……[39m[0m
[  11% ] [90m[1mreimport[22m | 正在准备重新导入文件……[39m[0m
[  11% ] [90m[1mreimport[22m | 正在准备重新导入文件……[39m[0m
[  11% ] [90m[1mreimport[22m | 正在准备重新导入文件……[39m[0m
[  11% ] [90m[1mreimport[22m | 正在准备重新导入文件……[39m[0m
[  12% ] [90m[1mreimport[22m | 正在准备重新导入文件……[39m[0m
[  12% ] [90m[1mreimport[22m | 正在准备重新导入文件……[39m[0m
[  12% ] [90m[1mreimport[22m | 正在准备重新导入文件……[39m[0m
[  12% ] [90m[1mreimport[22m | 正在准备重新导入文件……[39m[0m
[  12% ] [90m[1mreimport[22m | 正在准备重新导入文件……[39m[0m
[  13% ] [90m[1mreimport[22m | 正在准备重新导入文件……[39m[0m
[  13% ] [90m[1mreimport[22m | 正在准备重新导入文件……[39m[0m
[  13% ] [90m[1mreimport[22m | 正在准备重新导入文件……[39m[0m
[  13% ] [90m[1mreimport[22m | 正在准备重新导入文件……[39m[0m
[  14% ] [90m[1mreimport[22m | 正在准备重新导入文件……[39m[0m
[  14% ] [90m[1mreimport[22m | 正在准备重新导入文件……[39m[0m
[  14% ] [90m[1mreimport[22m | 正在准备重新导入文件……[39m[0m
[  14% ] [90m[1mreimport[22m | 正在准备重新导入文件……[39m[0m
[  14% ] [90m[1mreimport[22m | 正在准备重新导入文件……[39m[0m
[  15% ] [90m[1mreimport[22m | 正在准备重新导入文件……[39m[0m
[  15% ] [90m[1mreimport[22m | 正在准备重新导入文件……[39m[0m
[  15% ] [90m[1mreimport[22m | 正在准备重新导入文件……[39m[0m
[  15% ] [90m[1mreimport[22m | 正在准备重新导入文件……[39m[0m
[  16% ] [90m[1mreimport[22m | 正在准备重新导入文件……[39m[0m
[  16% ] [90m[1mreimport[22m | 正在准备重新导入文件……[39m[0m
[  16% ] [90m[1mreimport[22m | 正在准备重新导入文件……[39m[0m
[  16% ] [90m[1mreimport[22m | 正在准备重新导入文件……[39m[0m
[  16% ] [90m[1mreimport[22m | 正在准备重新导入文件……[39m[0m
[  17% ] [90m[1mreimport[22m | 正在准备重新导入文件……[39m[0m
[  17% ] [90m[1mreimport[22m | 正在准备重新导入文件……[39m[0m
[  17% ] [90m[1mreimport[22m | 正在准备重新导入文件……[39m[0m
[  17% ] [90m[1mreimport[22m | 正在准备重新导入文件……[39m[0m
[  18% ] [90m[1mreimport[22m | 正在准备重新导入文件……[39m[0m
[  18% ] [90m[1mreimport[22m | 正在准备重新导入文件……[39m[0m
[  18% ] [90m[1mreimport[22m | 正在准备重新导入文件……[39m[0m
[  18% ] [90m[1mreimport[22m | 正在准备重新导入文件……[39m[0m
[  18% ] [90m[1mreimport[22m | 正在准备重新导入文件……[39m[0m
[  19% ] [90m[1mreimport[22m | 正在准备重新导入文件……[39m[0m
[  19% ] [90m[1mreimport[22m | 正在准备重新导入文件……[39m[0m
[  19% ] [90m[1mreimport[22m | 正在准备重新导入文件……[39m[0m
[  19% ] [90m[1mreimport[22m | 正在准备重新导入文件……[39m[0m
[  20% ] [90m[1mreimport[22m | 正在准备重新导入文件……[39m[0m
[  20% ] [90m[1mreimport[22m | 正在准备重新导入文件……[39m[0m
[  20% ] [90m[1mreimport[22m | 正在准备重新导入文件……[39m[0m
[  20% ] [90m[1mreimport[22m | 正在准备重新导入文件……[39m[0m
[  20% ] [90m[1mreimport[22m | 正在准备重新导入文件……[39m[0m
[  21% ] [90m[1mreimport[22m | 正在准备重新导入文件……[39m[0m
[  21% ] [90m[1mreimport[22m | 正在准备重新导入文件……[39m[0m
[  21% ] [90m[1mreimport[22m | 正在准备重新导入文件……[39m[0m
[  21% ] [90m[1mreimport[22m | 正在准备重新导入文件……[39m[0m
[  22% ] [90m[1mreimport[22m | 正在准备重新导入文件……[39m[0m
[  22% ] [90m[1mreimport[22m | 正在准备重新导入文件……[39m[0m
[  22% ] [90m[1mreimport[22m | 正在准备重新导入文件……[39m[0m
[  22% ] [90m[1mreimport[22m | 正在准备重新导入文件……[39m[0m
[  22% ] [90m[1mreimport[22m | 正在准备重新导入文件……[39m[0m
[  23% ] [90m[1mreimport[22m | 正在准备重新导入文件……[39m[0m
[  23% ] [90m[1mreimport[22m | 正在准备重新导入文件……[39m[0m
[  23% ] [90m[1mreimport[22m | 正在准备重新导入文件……[39m[0m
[  23% ] [90m[1mreimport[22m | 正在准备重新导入文件……[39m[0m
[  24% ] [90m[1mreimport[22m | 正在准备重新导入文件……[39m[0m
[  24% ] [90m[1mreimport[22m | 正在准备重新导入文件……[39m[0m
[  24% ] [90m[1mreimport[22m | 正在准备重新导入文件……[39m[0m
[  24% ] [90m[1mreimport[22m | 正在准备重新导入文件……[39m[0m
[  24% ] [90m[1mreimport[22m | 正在准备重新导入文件……[39m[0m
[  25% ] [90m[1mreimport[22m | 正在准备重新导入文件……[39m[0m
[  25% ] [90m[1mreimport[22m | 正在准备重新导入文件……[39m[0m
[  25% ] [90m[1mreimport[22m | 正在准备重新导入文件……[39m[0m
[  25% ] [90m[1mreimport[22m | 正在准备重新导入文件……[39m[0m
[  26% ] [90m[1mreimport[22m | 正在准备重新导入文件……[39m[0m
[  26% ] [90m[1mreimport[22m | 正在准备重新导入文件……[39m[0m
[  26% ] [90m[1mreimport[22m | 正在准备重新导入文件……[39m[0m
[  26% ] [90m[1mreimport[22m | 正在准备重新导入文件……[39m[0m
[  26% ] [90m[1mreimport[22m | 正在准备重新导入文件……[39m[0m
[  27% ] [90m[1mreimport[22m | 正在准备重新导入文件……[39m[0m
[  27% ] [90m[1mreimport[22m | 正在准备重新导入文件……[39m[0m
[  27% ] [90m[1mreimport[22m | 正在准备重新导入文件……[39m[0m
[  27% ] [90m[1mreimport[22m | 正在准备重新导入文件……[39m[0m
[  28% ] [90m[1mreimport[22m | 正在准备重新导入文件……[39m[0m
[  28% ] [90m[1mreimport[22m | 正在准备重新导入文件……[39m[0m
[  28% ] [90m[1mreimport[22m | 正在准备重新导入文件……[39m[0m
[  28% ] [90m[1mreimport[22m | 正在准备重新导入文件……[39m[0m
[  28% ] [90m[1mreimport[22m | 正在准备重新导入文件……[39m[0m
[  29% ] [90m[1mreimport[22m | 正在准备重新导入文件……[39m[0m
[  29% ] [90m[1mreimport[22m | 正在准备重新导入文件……[39m[0m
[  29% ] [90m[1mreimport[22m | 正在准备重新导入文件……[39m[0m
[  29% ] [90m[1mreimport[22m | 正在准备重新导入文件……[39m[0m
[  30% ] [90m[1mreimport[22m | 正在准备重新导入文件……[39m[0m
[  30% ] [90m[1mreimport[22m | 正在准备重新导入文件……[39m[0m
[  30% ] [90m[1mreimport[22m | 正在准备重新导入文件……[39m[0m
[  30% ] [90m[1mreimport[22m | 正在准备重新导入文件……[39m[0m
[  30% ] [90m[1mreimport[22m | 正在准备重新导入文件……[39m[0m
[  31% ] [90m[1mreimport[22m | 正在准备重新导入文件……[39m[0m
[  31% ] [90m[1mreimport[22m | 正在准备重新导入文件……[39m[0m
[  31% ] [90m[1mreimport[22m | 正在准备重新导入文件……[39m[0m
[  31% ] [90m[1mreimport[22m | 正在准备重新导入文件……[39m[0m
[  32% ] [90m[1mreimport[22m | 正在准备重新导入文件……[39m[0m
[  32% ] [90m[1mreimport[22m | 正在准备重新导入文件……[39m[0m
[  32% ] [90m[1mreimport[22m | 正在准备重新导入文件……[39m[0m
[  32% ] [90m[1mreimport[22m | 正在准备重新导入文件……[39m[0m
[  32% ] [90m[1mreimport[22m | 正在准备重新导入文件……[39m[0m
[  33% ] [90m[1mreimport[22m | 正在准备重新导入文件……[39m[0m
[  33% ] [90m[1mreimport[22m | 正在准备重新导入文件……[39m[0m
[  33% ] [90m[1mreimport[22m | 正在准备重新导入文件……[39m[0m
[  33% ] [90m[1mreimport[22m | 正在准备重新导入文件……[39m[0m
[  34% ] [90m[1mreimport[22m | 正在准备重新导入文件……[39m[0m
[  34% ] [90m[1mreimport[22m | 正在准备重新导入文件……[39m[0m
[  34% ] [90m[1mreimport[22m | 正在准备重新导入文件……[39m[0m
[  34% ] [90m[1mreimport[22m | 正在准备重新导入文件……[39m[0m
[  34% ] [90m[1mreimport[22m | 正在准备重新导入文件……[39m[0m
[  35% ] [90m[1mreimport[22m | 正在准备重新导入文件……[39m[0m
[  35% ] [90m[1mreimport[22m | 正在准备重新导入文件……[39m[0m
[  35% ] [90m[1mreimport[22m | 正在准备重新导入文件……[39m[0m
[  35% ] [90m[1mreimport[22m | 正在准备重新导入文件……[39m[0m
[  36% ] [90m[1mreimport[22m | 正在准备重新导入文件……[39m[0m
[  36% ] [90m[1mreimport[22m | 正在准备重新导入文件……[39m[0m
[  36% ] [90m[1mreimport[22m | 正在准备重新导入文件……[39m[0m
[  36% ] [90m[1mreimport[22m | 正在准备重新导入文件……[39m[0m
[  36% ] [90m[1mreimport[22m | 正在准备重新导入文件……[39m[0m
[  37% ] [90m[1mreimport[22m | 正在准备重新导入文件……[39m[0m
[  37% ] [90m[1mreimport[22m | 正在准备重新导入文件……[39m[0m
[  37% ] [90m[1mreimport[22m | 正在准备重新导入文件……[39m[0m
[  37% ] [90m[1mreimport[22m | 正在准备重新导入文件……[39m[0m
[  38% ] [90m[1mreimport[22m | 正在准备重新导入文件……[39m[0m
[  38% ] [90m[1mreimport[22m | 正在准备重新导入文件……[39m[0m
[  38% ] [90m[1mreimport[22m | 正在准备重新导入文件……[39m[0m
[  38% ] [90m[1mreimport[22m | 正在准备重新导入文件……[39m[0m
[  38% ] [90m[1mreimport[22m | 正在准备重新导入文件……[39m[0m
[  39% ] [90m[1mreimport[22m | 正在准备重新导入文件……[39m[0m
[  39% ] [90m[1mreimport[22m | 正在准备重新导入文件……[39m[0m
[  39% ] [90m[1mreimport[22m | 正在准备重新导入文件……[39m[0m
[  39% ] [90m[1mreimport[22m | 正在准备重新导入文件……[39m[0m
[  40% ] [90m[1mreimport[22m | 正在准备重新导入文件……[39m[0m
[  40% ] [90m[1mreimport[22m | 正在准备重新导入文件……[39m[0m
[  40% ] [90m[1mreimport[22m | 正在准备重新导入文件……[39m[0m
[  40% ] [90m[1mreimport[22m | 正在准备重新导入文件……[39m[0m
[  40% ] [90m[1mreimport[22m | 正在准备重新导入文件……[39m[0m
[  41% ] [90m[1mreimport[22m | 正在准备重新导入文件……[39m[0m
[  41% ] [90m[1mreimport[22m | 正在准备重新导入文件……[39m[0m
[  41% ] [90m[1mreimport[22m | 正在准备重新导入文件……[39m[0m
[  41% ] [90m[1mreimport[22m | 正在准备重新导入文件……[39m[0m
[  42% ] [90m[1mreimport[22m | 正在准备重新导入文件……[39m[0m
[  42% ] [90m[1mreimport[22m | 正在准备重新导入文件……[39m[0m
[  42% ] [90m[1mreimport[22m | 正在准备重新导入文件……[39m[0m
[  42% ] [90m[1mreimport[22m | 正在准备重新导入文件……[39m[0m
[  42% ] [90m[1mreimport[22m | 正在准备重新导入文件……[39m[0m
[  43% ] [90m[1mreimport[22m | 正在准备重新导入文件……[39m[0m
[  43% ] [90m[1mreimport[22m | 正在准备重新导入文件……[39m[0m
[  43% ] [90m[1mreimport[22m | 正在准备重新导入文件……[39m[0m
[  43% ] [90m[1mreimport[22m | 正在准备重新导入文件……[39m[0m
[  44% ] [90m[1mreimport[22m | 正在准备重新导入文件……[39m[0m
[  44% ] [90m[1mreimport[22m | 正在准备重新导入文件……[39m[0m
[  44% ] [90m[1mreimport[22m | 正在准备重新导入文件……[39m[0m
[  44% ] [90m[1mreimport[22m | 正在准备重新导入文件……[39m[0m
[  44% ] [90m[1mreimport[22m | 正在准备重新导入文件……[39m[0m
[  45% ] [90m[1mreimport[22m | 正在准备重新导入文件……[39m[0m
[  45% ] [90m[1mreimport[22m | 正在准备重新导入文件……[39m[0m
[  45% ] [90m[1mreimport[22m | 正在准备重新导入文件……[39m[0m
[  45% ] [90m[1mreimport[22m | 正在准备重新导入文件……[39m[0m
[  46% ] [90m[1mreimport[22m | 正在准备重新导入文件……[39m[0m
[  46% ] [90m[1mreimport[22m | 正在准备重新导入文件……[39m[0m
[  46% ] [90m[1mreimport[22m | 正在准备重新导入文件……[39m[0m
[  46% ] [90m[1mreimport[22m | 正在准备重新导入文件……[39m[0m
[  46% ] [90m[1mreimport[22m | 正在准备重新导入文件……[39m[0m
[  47% ] [90m[1mreimport[22m | 正在准备重新导入文件……[39m[0m
[  47% ] [90m[1mreimport[22m | 正在准备重新导入文件……[39m[0m
[  47% ] [90m[1mreimport[22m | 正在准备重新导入文件……[39m[0m
[  47% ] [90m[1mreimport[22m | 正在准备重新导入文件……[39m[0m
[  48% ] [90m[1mreimport[22m | 正在准备重新导入文件……[39m[0m
[  48% ] [90m[1mreimport[22m | 正在准备重新导入文件……[39m[0m
[  48% ] [90m[1mreimport[22m | 正在准备重新导入文件……[39m[0m
[  48% ] [90m[1mreimport[22m | 正在准备重新导入文件……[39m[0m
[  48% ] [90m[1mreimport[22m | 正在准备重新导入文件……[39m[0m
[  49% ] [90m[1mreimport[22m | 正在准备重新导入文件……[39m[0m
[  49% ] [90m[1mreimport[22m | 正在准备重新导入文件……[39m[0m
[  49% ] [90m[1mreimport[22m | 正在准备重新导入文件……[39m[0m
[  49% ] [90m[1mreimport[22m | 正在准备重新导入文件……[39m[0m
[  50% ] [90m[1mreimport[22m | 正在准备重新导入文件……[39m[0m
[  50% ] [90m[1mreimport[22m | 正在准备重新导入文件……[39m[0m
[  50% ] [90m[1mreimport[22m | 正在准备重新导入文件……[39m[0m
[  50% ] [90m[1mreimport[22m | 正在准备重新导入文件……[39m[0m
[  50% ] [90m[1mreimport[22m | 正在准备重新导入文件……[39m[0m
[  51% ] [90m[1mreimport[22m | 正在准备重新导入文件……[39m[0m
[  51% ] [90m[1mreimport[22m | 正在准备重新导入文件……[39m[0m
[  51% ] [90m[1mreimport[22m | 正在准备重新导入文件……[39m[0m
[  51% ] [90m[1mreimport[22m | 正在准备重新导入文件……[39m[0m
[  52% ] [90m[1mreimport[22m | 正在准备重新导入文件……[39m[0m
[  52% ] [90m[1mreimport[22m | 正在准备重新导入文件……[39m[0m
[  52% ] [90m[1mreimport[22m | 正在准备重新导入文件……[39m[0m
[  52% ] [90m[1mreimport[22m | 正在准备重新导入文件……[39m[0m
[  52% ] [90m[1mreimport[22m | 正在准备重新导入文件……[39m[0m
[  53% ] [90m[1mreimport[22m | 正在准备重新导入文件……[39m[0m
[  53% ] [90m[1mreimport[22m | 正在准备重新导入文件……[39m[0m
[  53% ] [90m[1mreimport[22m | 正在准备重新导入文件……[39m[0m
[  53% ] [90m[1mreimport[22m | 正在准备重新导入文件……[39m[0m
[  54% ] [90m[1mreimport[22m | 正在准备重新导入文件……[39m[0m
[  54% ] [90m[1mreimport[22m | 正在准备重新导入文件……[39m[0m
[  54% ] [90m[1mreimport[22m | 正在准备重新导入文件……[39m[0m
[  54% ] [90m[1mreimport[22m | 正在准备重新导入文件……[39m[0m
[  54% ] [90m[1mreimport[22m | 正在准备重新导入文件……[39m[0m
[  55% ] [90m[1mreimport[22m | 正在准备重新导入文件……[39m[0m
[  55% ] [90m[1mreimport[22m | 正在准备重新导入文件……[39m[0m
[  55% ] [90m[1mreimport[22m | 正在准备重新导入文件……[39m[0m
[  55% ] [90m[1mreimport[22m | 正在准备重新导入文件……[39m[0m
[  56% ] [90m[1mreimport[22m | 正在准备重新导入文件……[39m[0m
[  56% ] [90m[1mreimport[22m | 正在准备重新导入文件……[39m[0m
[  56% ] [90m[1mreimport[22m | 正在准备重新导入文件……[39m[0m
[  56% ] [90m[1mreimport[22m | 正在准备重新导入文件……[39m[0m
[  56% ] [90m[1mreimport[22m | 正在准备重新导入文件……[39m[0m
[  57% ] [90m[1mreimport[22m | 正在准备重新导入文件……[39m[0m
[  57% ] [90m[1mreimport[22m | 正在准备重新导入文件……[39m[0m
[  57% ] [90m[1mreimport[22m | 正在准备重新导入文件……[39m[0m
[  57% ] [90m[1mreimport[22m | 正在准备重新导入文件……[39m[0m
[  58% ] [90m[1mreimport[22m | 正在准备重新导入文件……[39m[0m
[  58% ] [90m[1mreimport[22m | 正在准备重新导入文件……[39m[0m
[  58% ] [90m[1mreimport[22m | 正在准备重新导入文件……[39m[0m
[  58% ] [90m[1mreimport[22m | 正在准备重新导入文件……[39m[0m
[  58% ] [90m[1mreimport[22m | 正在准备重新导入文件……[39m[0m
[  59% ] [90m[1mreimport[22m | 正在准备重新导入文件……[39m[0m
[  59% ] [90m[1mreimport[22m | 正在准备重新导入文件……[39m[0m
[  59% ] [90m[1mreimport[22m | 正在准备重新导入文件……[39m[0m
[  59% ] [90m[1mreimport[22m | 正在准备重新导入文件……[39m[0m
[  60% ] [90m[1mreimport[22m | 正在准备重新导入文件……[39m[0m
[  60% ] [90m[1mreimport[22m | 正在准备重新导入文件……[39m[0m
[  60% ] [90m[1mreimport[22m | 正在准备重新导入文件……[39m[0m
[  60% ] [90m[1mreimport[22m | 正在准备重新导入文件……[39m[0m
[  60% ] [90m[1mreimport[22m | 正在准备重新导入文件……[39m[0m
[  61% ] [90m[1mreimport[22m | 正在准备重新导入文件……[39m[0m
[  61% ] [90m[1mreimport[22m | 正在准备重新导入文件……[39m[0m
[  61% ] [90m[1mreimport[22m | 正在准备重新导入文件……[39m[0m
[  61% ] [90m[1mreimport[22m | 正在准备重新导入文件……[39m[0m
[  62% ] [90m[1mreimport[22m | 正在准备重新导入文件……[39m[0m
[  62% ] [90m[1mreimport[22m | 正在准备重新导入文件……[39m[0m
[  62% ] [90m[1mreimport[22m | 正在准备重新导入文件……[39m[0m
[  62% ] [90m[1mreimport[22m | 正在准备重新导入文件……[39m[0m
[  62% ] [90m[1mreimport[22m | 正在准备重新导入文件……[39m[0m
[  63% ] [90m[1mreimport[22m | 正在准备重新导入文件……[39m[0m
[  63% ] [90m[1mreimport[22m | 正在准备重新导入文件……[39m[0m
[  63% ] [90m[1mreimport[22m | 正在准备重新导入文件……[39m[0m
[  63% ] [90m[1mreimport[22m | 正在准备重新导入文件……[39m[0m
[  64% ] [90m[1mreimport[22m | 正在准备重新导入文件……[39m[0m
[  64% ] [90m[1mreimport[22m | 正在准备重新导入文件……[39m[0m
[  64% ] [90m[1mreimport[22m | 正在准备重新导入文件……[39m[0m
[  64% ] [90m[1mreimport[22m | 正在准备重新导入文件……[39m[0m
[  64% ] [90m[1mreimport[22m | 正在准备重新导入文件……[39m[0m
[  65% ] [90m[1mreimport[22m | 正在准备重新导入文件……[39m[0m
[  65% ] [90m[1mreimport[22m | 正在准备重新导入文件……[39m[0m
[  65% ] [90m[1mreimport[22m | 正在准备重新导入文件……[39m[0m
[  65% ] [90m[1mreimport[22m | 正在准备重新导入文件……[39m[0m
[  66% ] [90m[1mreimport[22m | 正在准备重新导入文件……[39m[0m
[  66% ] [90m[1mreimport[22m | 正在准备重新导入文件……[39m[0m
[  66% ] [90m[1mreimport[22m | 正在准备重新导入文件……[39m[0m
[  66% ] [90m[1mreimport[22m | 正在准备重新导入文件……[39m[0m
[  66% ] [90m[1mreimport[22m | 正在准备重新导入文件……[39m[0m
[  67% ] [90m[1mreimport[22m | 正在准备重新导入文件……[39m[0m
[  67% ] [90m[1mreimport[22m | 正在准备重新导入文件……[39m[0m
[  67% ] [90m[1mreimport[22m | 正在准备重新导入文件……[39m[0m
[  67% ] [90m[1mreimport[22m | 正在准备重新导入文件……[39m[0m
[  68% ] [90m[1mreimport[22m | 正在准备重新导入文件……[39m[0m
[  68% ] [90m[1mreimport[22m | 正在准备重新导入文件……[39m[0m
[  68% ] [90m[1mreimport[22m | 正在准备重新导入文件……[39m[0m
[  68% ] [90m[1mreimport[22m | 正在准备重新导入文件……[39m[0m
[  68% ] [90m[1mreimport[22m | 正在准备重新导入文件……[39m[0m
[  69% ] [90m[1mreimport[22m | 正在准备重新导入文件……[39m[0m
[  69% ] [90m[1mreimport[22m | 正在准备重新导入文件……[39m[0m
[  69% ] [90m[1mreimport[22m | 正在准备重新导入文件……[39m[0m
[  69% ] [90m[1mreimport[22m | 正在准备重新导入文件……[39m[0m
[  70% ] [90m[1mreimport[22m | 正在准备重新导入文件……[39m[0m
[  70% ] [90m[1mreimport[22m | 正在准备重新导入文件……[39m[0m
[  70% ] [90m[1mreimport[22m | 正在准备重新导入文件……[39m[0m
[  70% ] [90m[1mreimport[22m | 正在准备重新导入文件……[39m[0m
[  70% ] [90m[1mreimport[22m | 正在准备重新导入文件……[39m[0m
[  71% ] [90m[1mreimport[22m | 正在准备重新导入文件……[39m[0m
[  71% ] [90m[1mreimport[22m | 正在准备重新导入文件……[39m[0m
[  71% ] [90m[1mreimport[22m | 正在准备重新导入文件……[39m[0m
[  71% ] [90m[1mreimport[22m | 正在准备重新导入文件……[39m[0m
[  72% ] [90m[1mreimport[22m | 正在准备重新导入文件……[39m[0m
[  72% ] [90m[1mreimport[22m | 正在准备重新导入文件……[39m[0m
[  72% ] [90m[1mreimport[22m | 正在准备重新导入文件……[39m[0m
[  72% ] [90m[1mreimport[22m | 正在准备重新导入文件……[39m[0m
[  72% ] [90m[1mreimport[22m | 正在准备重新导入文件……[39m[0m
[  73% ] [90m[1mreimport[22m | 正在准备重新导入文件……[39m[0m
[  73% ] [90m[1mreimport[22m | 正在准备重新导入文件……[39m[0m
[  73% ] [90m[1mreimport[22m | 正在准备重新导入文件……[39m[0m
[  73% ] [90m[1mreimport[22m | 正在准备重新导入文件……[39m[0m
[  74% ] [90m[1mreimport[22m | 正在准备重新导入文件……[39m[0m
[  74% ] [90m[1mreimport[22m | 正在准备重新导入文件……[39m[0m
[  74% ] [90m[1mreimport[22m | 正在准备重新导入文件……[39m[0m
[  74% ] [90m[1mreimport[22m | 正在准备重新导入文件……[39m[0m
[  74% ] [90m[1mreimport[22m | 正在准备重新导入文件……[39m[0m
[  75% ] [90m[1mreimport[22m | 正在准备重新导入文件……[39m[0m
[  75% ] [90m[1mreimport[22m | 正在准备重新导入文件……[39m[0m
[  75% ] [90m[1mreimport[22m | 正在准备重新导入文件……[39m[0m
[  75% ] [90m[1mreimport[22m | 正在准备重新导入文件……[39m[0m
[  76% ] [90m[1mreimport[22m | 正在准备重新导入文件……[39m[0m
[  76% ] [90m[1mreimport[22m | 正在准备重新导入文件……[39m[0m
[  76% ] [90m[1mreimport[22m | 正在准备重新导入文件……[39m[0m
[  76% ] [90m[1mreimport[22m | 正在准备重新导入文件……[39m[0m
[  76% ] [90m[1mreimport[22m | 正在准备重新导入文件……[39m[0m
[  77% ] [90m[1mreimport[22m | 正在准备重新导入文件……[39m[0m
[  77% ] [90m[1mreimport[22m | 正在准备重新导入文件……[39m[0m
[  77% ] [90m[1mreimport[22m | 正在准备重新导入文件……[39m[0m
[  77% ] [90m[1mreimport[22m | 正在准备重新导入文件……[39m[0m
[  78% ] [90m[1mreimport[22m | 正在准备重新导入文件……[39m[0m
[  78% ] [90m[1mreimport[22m | 正在准备重新导入文件……[39m[0m
[  78% ] [90m[1mreimport[22m | 正在准备重新导入文件……[39m[0m
[  78% ] [90m[1mreimport[22m | 正在准备重新导入文件……[39m[0m
[  78% ] [90m[1mreimport[22m | 正在准备重新导入文件……[39m[0m
[  79% ] [90m[1mreimport[22m | 正在准备重新导入文件……[39m[0m
[  79% ] [90m[1mreimport[22m | 正在准备重新导入文件……[39m[0m
[  79% ] [90m[1mreimport[22m | 正在准备重新导入文件……[39m[0m
[  79% ] [90m[1mreimport[22m | 正在准备重新导入文件……[39m[0m
[  80% ] [90m[1mreimport[22m | 正在准备重新导入文件……[39m[0m
[  80% ] [90m[1mreimport[22m | 正在准备重新导入文件……[39m[0m
[  80% ] [90m[1mreimport[22m | 正在准备重新导入文件……[39m[0m
[  80% ] [90m[1mreimport[22m | 正在准备重新导入文件……[39m[0m
[  80% ] [90m[1mreimport[22m | 正在准备重新导入文件……[39m[0m
[  81% ] [90m[1mreimport[22m | 正在准备重新导入文件……[39m[0m
[  81% ] [90m[1mreimport[22m | 正在准备重新导入文件……[39m[0m
[  81% ] [90m[1mreimport[22m | 正在准备重新导入文件……[39m[0m
[  81% ] [90m[1mreimport[22m | 正在准备重新导入文件……[39m[0m
[  82% ] [90m[1mreimport[22m | 正在准备重新导入文件……[39m[0m
[  82% ] [90m[1mreimport[22m | 正在准备重新导入文件……[39m[0m
[  82% ] [90m[1mreimport[22m | 正在准备重新导入文件……[39m[0m
[  82% ] [90m[1mreimport[22m | 正在准备重新导入文件……[39m[0m
[  82% ] [90m[1mreimport[22m | 正在准备重新导入文件……[39m[0m
[  83% ] [90m[1mreimport[22m | 正在准备重新导入文件……[39m[0m
[  83% ] [90m[1mreimport[22m | 正在准备重新导入文件……[39m[0m
[  83% ] [90m[1mreimport[22m | 正在准备重新导入文件……[39m[0m
[  83% ] [90m[1mreimport[22m | 正在准备重新导入文件……[39m[0m
[  84% ] [90m[1mreimport[22m | 正在准备重新导入文件……[39m[0m
[  84% ] [90m[1mreimport[22m | 正在准备重新导入文件……[39m[0m
[  84% ] [90m[1mreimport[22m | 正在准备重新导入文件……[39m[0m
[  84% ] [90m[1mreimport[22m | 正在准备重新导入文件……[39m[0m
[  84% ] [90m[1mreimport[22m | 正在准备重新导入文件……[39m[0m
[  85% ] [90m[1mreimport[22m | 正在准备重新导入文件……[39m[0m
[  85% ] [90m[1mreimport[22m | 正在准备重新导入文件……[39m[0m
[  85% ] [90m[1mreimport[22m | 正在准备重新导入文件……[39m[0m
[  85% ] [90m[1mreimport[22m | 正在准备重新导入文件……[39m[0m
[  86% ] [90m[1mreimport[22m | 正在准备重新导入文件……[39m[0m
[  86% ] [90m[1mreimport[22m | 正在准备重新导入文件……[39m[0m
[  86% ] [90m[1mreimport[22m | 正在准备重新导入文件……[39m[0m
[  86% ] [90m[1mreimport[22m | 正在准备重新导入文件……[39m[0m
[  86% ] [90m[1mreimport[22m | 正在准备重新导入文件……[39m[0m
[  87% ] [90m[1mreimport[22m | 正在准备重新导入文件……[39m[0m
[  87% ] [90m[1mreimport[22m | 正在准备重新导入文件……[39m[0m
[  87% ] [90m[1mreimport[22m | 正在准备重新导入文件……[39m[0m
[  87% ] [90m[1mreimport[22m | 正在准备重新导入文件……[39m[0m
[  88% ] [90m[1mreimport[22m | 正在准备重新导入文件……[39m[0m
[  88% ] [90m[1mreimport[22m | 正在准备重新导入文件……[39m[0m
[  88% ] [90m[1mreimport[22m | 正在准备重新导入文件……[39m[0m
[  88% ] [90m[1mreimport[22m | 正在准备重新导入文件……[39m[0m
[  88% ] [90m[1mreimport[22m | 正在准备重新导入文件……[39m[0m
[  89% ] [90m[1mreimport[22m | 正在准备重新导入文件……[39m[0m
[  89% ] [90m[1mreimport[22m | 正在准备重新导入文件……[39m[0m
[  89% ] [90m[1mreimport[22m | 正在准备重新导入文件……[39m[0m
[  89% ] [90m[1mreimport[22m | 正在准备重新导入文件……[39m[0m
[  90% ] [90m[1mreimport[22m | 正在准备重新导入文件……[39m[0m
[  90% ] [90m[1mreimport[22m | 正在准备重新导入文件……[39m[0m
[  90% ] [90m[1mreimport[22m | 正在准备重新导入文件……[39m[0m
[  90% ] [90m[1mreimport[22m | 正在准备重新导入文件……[39m[0m
[  90% ] [90m[1mreimport[22m | 正在准备重新导入文件……[39m[0m
[  91% ] [90m[1mreimport[22m | 正在准备重新导入文件……[39m[0m
[  91% ] [90m[1mreimport[22m | 正在准备重新导入文件……[39m[0m
[  91% ] [90m[1mreimport[22m | 正在准备重新导入文件……[39m[0m
[  91% ] [90m[1mreimport[22m | 正在准备重新导入文件……[39m[0m
[  92% ] [90m[1mreimport[22m | 正在准备重新导入文件……[39m[0m
[  92% ] [90m[1mreimport[22m | 正在准备重新导入文件……[39m[0m
[  92% ] [90m[1mreimport[22m | 正在准备重新导入文件……[39m[0m
[  92% ] [90m[1mreimport[22m | 正在准备重新导入文件……[39m[0m
[  92% ] [90m[1mreimport[22m | 正在准备重新导入文件……[39m[0m
[  93% ] [90m[1mreimport[22m | 正在准备重新导入文件……[39m[0m
[  93% ] [90m[1mreimport[22m | 正在准备重新导入文件……[39m[0m
[  93% ] [90m[1mreimport[22m | 正在准备重新导入文件……[39m[0m
[  93% ] [90m[1mreimport[22m | 正在准备重新导入文件……[39m[0m
[  94% ] [90m[1mreimport[22m | 正在准备重新导入文件……[39m[0m
[  94% ] [90m[1mreimport[22m | 正在准备重新导入文件……[39m[0m
[  94% ] [90m[1mreimport[22m | 正在准备重新导入文件……[39m[0m
[  94% ] [90m[1mreimport[22m | 正在准备重新导入文件……[39m[0m
[  94% ] [90m[1mreimport[22m | 正在准备重新导入文件……[39m[0m
[  95% ] [90m[1mreimport[22m | 正在准备重新导入文件……[39m[0m
[  95% ] [90m[1mreimport[22m | 正在准备重新导入文件……[39m[0m
[  95% ] [90m[1mreimport[22m | 正在准备重新导入文件……[39m[0m
[  95% ] [90m[1mreimport[22m | 正在准备重新导入文件……[39m[0m
[  96% ] [90m[1mreimport[22m | 正在准备重新导入文件……[39m[0m
[  96% ] [90m[1mreimport[22m | 正在准备重新导入文件……[39m[0m
[  96% ] [90m[1mreimport[22m | 正在准备重新导入文件……[39m[0m
[  96% ] [90m[1mreimport[22m | 正在准备重新导入文件……[39m[0m
[  96% ] [90m[1mreimport[22m | 正在准备重新导入文件……[39m[0m
[  97% ] [90m[1mreimport[22m | 正在准备重新导入文件……[39m[0m
[  97% ] [90m[1mreimport[22m | 正在准备重新导入文件……[39m[0m
[  97% ] [90m[1mreimport[22m | 正在准备重新导入文件……[39m[0m
[  97% ] [90m[1mreimport[22m | 正在准备重新导入文件……[39m[0m
[  98% ] [90m[1mreimport[22m | 正在准备重新导入文件……[39m[0m
[  98% ] [90m[1mreimport[22m | 正在准备重新导入文件……[39m[0m
[  98% ] [90m[1mreimport[22m | 正在准备重新导入文件……[39m[0m
[  98% ] [90m[1mreimport[22m | 正在准备重新导入文件……[39m[0m
[  98% ] [90m[1mreimport[22m | 正在准备重新导入文件……[39m[0m
[  99% ] [90m[1mreimport[22m | 正在准备重新导入文件……[39m[0m
[  99% ] [90m[1mreimport[22m | 正在准备重新导入文件……[39m[0m
[  99% ] [90m[1mreimport[22m | 正在准备重新导入文件……[39m[0m
[   0% ] [90m[1mreimport[22m | 正在执行重新导入的前置操作……[39m[0m
[   0% ] [90m[1mreimport[22m | attack_02.png[39m[0m
[   0% ] [90m[1mreimport[22m | attack_01.png[39m[0m
[   0% ] [90m[1mreimport[22m | hooded_assassin_character_board.png[39m[0m
[   0% ] [90m[1mreimport[22m | walk_06.png[39m[0m
[   0% ] [90m[1mreimport[22m | walk_05.png[39m[0m
[   1% ] [90m[1mreimport[22m | walk_04.png[39m[0m
[   1% ] [90m[1mreimport[22m | walk_03.png[39m[0m
[   1% ] [90m[1mreimport[22m | walk_02.png[39m[0m
[   1% ] [90m[1mreimport[22m | walk_01.png[39m[0m
[   2% ] [90m[1mreimport[22m | idle_04.png[39m[0m
[   2% ] [90m[1mreimport[22m | idle_03.png[39m[0m
[   2% ] [90m[1mreimport[22m | idle_02.png[39m[0m
[   2% ] [90m[1mreimport[22m | idle_01.png[39m[0m
[   2% ] [90m[1mreimport[22m | hurt_03.png[39m[0m
[   3% ] [90m[1mreimport[22m | hurt_02.png[39m[0m
[   3% ] [90m[1mreimport[22m | hurt_01.png[39m[0m
[   3% ] [90m[1mreimport[22m | death_06.png[39m[0m
[   3% ] [90m[1mreimport[22m | death_05.png[39m[0m
[   4% ] [90m[1mreimport[22m | death_04.png[39m[0m
[   4% ] [90m[1mreimport[22m | death_03.png[39m[0m
[   4% ] [90m[1mreimport[22m | death_02.png[39m[0m
[   4% ] [90m[1mreimport[22m | death_01.png[39m[0m
[   4% ] [90m[1mreimport[22m | attack_thrust_06.png[39m[0m
[   5% ] [90m[1mreimport[22m | attack_thrust_05.png[39m[0m
[   5% ] [90m[1mreimport[22m | attack_thrust_04.png[39m[0m
[   5% ] [90m[1mreimport[22m | attack_thrust_03.png[39m[0m
[   5% ] [90m[1mreimport[22m | attack_thrust_02.png[39m[0m
[   6% ] [90m[1mreimport[22m | attack_thrust_01.png[39m[0m
[   6% ] [90m[1mreimport[22m | hurt_01.png[39m[0m
[   6% ] [90m[1mreimport[22m | guard_break_04.png[39m[0m
[   6% ] [90m[1mreimport[22m | guard_break_03.png[39m[0m
[   6% ] [90m[1mreimport[22m | guard_break_02.png[39m[0m
[   7% ] [90m[1mreimport[22m | guard_break_01.png[39m[0m
[   7% ] [90m[1mreimport[22m | death_unshielded_06.png[39m[0m
[   7% ] [90m[1mreimport[22m | death_unshielded_05.png[39m[0m
[   7% ] [90m[1mreimport[22m | death_unshielded_04.png[39m[0m
[   8% ] [90m[1mreimport[22m | death_unshielded_03.png[39m[0m
[   8% ] [90m[1mreimport[22m | death_unshielded_02.png[39m[0m
[   8% ] [90m[1mreimport[22m | death_unshielded_01.png[39m[0m
[   8% ] [90m[1mreimport[22m | death_06.png[39m[0m
[   8% ] [90m[1mreimport[22m | death_05.png[39m[0m
[   9% ] [90m[1mreimport[22m | death_04.png[39m[0m
[   9% ] [90m[1mreimport[22m | death_03.png[39m[0m
[   9% ] [90m[1mreimport[22m | death_02.png[39m[0m
[   9% ] [90m[1mreimport[22m | death_01.png[39m[0m
[  10% ] [90m[1mreimport[22m | block_03.png[39m[0m
[  10% ] [90m[1mreimport[22m | block_02.png[39m[0m
[  10% ] [90m[1mreimport[22m | block_01.png[39m[0m
[  10% ] [90m[1mreimport[22m | attack_unshielded_05.png[39m[0m
[  10% ] [90m[1mreimport[22m | attack_unshielded_04.png[39m[0m
[  11% ] [90m[1mreimport[22m | attack_unshielded_03.png[39m[0m
[  11% ] [90m[1mreimport[22m | attack_unshielded_02.png[39m[0m
[  11% ] [90m[1mreimport[22m | attack_unshielded_01.png[39m[0m
[  11% ] [90m[1mreimport[22m | attack_05.png[39m[0m
[  12% ] [90m[1mreimport[22m | attack_04.png[39m[0m
[  12% ] [90m[1mreimport[22m | attack_03.png[39m[0m
[  12% ] [90m[1mreimport[22m | walk_unshielded_03.png[39m[0m
[  12% ] [90m[1mreimport[22m | walk_unshielded_02.png[39m[0m
[  12% ] [90m[1mreimport[22m | walk_unshielded_01.png[39m[0m
[  13% ] [90m[1mreimport[22m | walk_shielded_06.png[39m[0m
[  13% ] [90m[1mreimport[22m | walk_shielded_05.png[39m[0m
[  13% ] [90m[1mreimport[22m | walk_shielded_04.png[39m[0m
[  13% ] [90m[1mreimport[22m | walk_shielded_03.png[39m[0m
[  14% ] [90m[1mreimport[22m | walk_shielded_02.png[39m[0m
[  14% ] [90m[1mreimport[22m | walk_shielded_01.png[39m[0m
[  14% ] [90m[1mreimport[22m | turn_unshielded_03.png[39m[0m
[  14% ] [90m[1mreimport[22m | turn_unshielded_02.png[39m[0m
[  14% ] [90m[1mreimport[22m | turn_unshielded_01.png[39m[0m
[  15% ] [90m[1mreimport[22m | turn_shielded_03.png[39m[0m
[  15% ] [90m[1mreimport[22m | turn_shielded_02.png[39m[0m
[  15% ] [90m[1mreimport[22m | turn_shielded_01.png[39m[0m
[  15% ] [90m[1mreimport[22m | sword_slash_05.png[39m[0m
[  16% ] [90m[1mreimport[22m | sword_slash_04.png[39m[0m
[  16% ] [90m[1mreimport[22m | sword_slash_03.png[39m[0m
[  16% ] [90m[1mreimport[22m | sword_slash_02.png[39m[0m
[  16% ] [90m[1mreimport[22m | sword_slash_01.png[39m[0m
[  16% ] [90m[1mreimport[22m | shockwave_strike_06.png[39m[0m
[  17% ] [90m[1mreimport[22m | shockwave_strike_05.png[39m[0m
[  17% ] [90m[1mreimport[22m | shockwave_strike_04.png[39m[0m
[  17% ] [90m[1mreimport[22m | shockwave_strike_03.png[39m[0m
[  17% ] [90m[1mreimport[22m | shockwave_strike_02.png[39m[0m
[  18% ] [90m[1mreimport[22m | shockwave_strike_01.png[39m[0m
[  18% ] [90m[1mreimport[22m | intact_01.png[39m[0m
[  18% ] [90m[1mreimport[22m | damaged_01.png[39m[0m
[  18% ] [90m[1mreimport[22m | walk_06.png[39m[0m
[  18% ] [90m[1mreimport[22m | walk_05.png[39m[0m
[  19% ] [90m[1mreimport[22m | walk_04.png[39m[0m
[  19% ] [90m[1mreimport[22m | walk_03.png[39m[0m
[  19% ] [90m[1mreimport[22m | walk_02.png[39m[0m
[  19% ] [90m[1mreimport[22m | walk_01.png[39m[0m
[  20% ] [90m[1mreimport[22m | cursed_castle_guard_reference.png[39m[0m
[  20% ] [90m[1mreimport[22m | idle_04.png[39m[0m
[  20% ] [90m[1mreimport[22m | idle_03.png[39m[0m
[  20% ] [90m[1mreimport[22m | idle_02.png[39m[0m
[  20% ] [90m[1mreimport[22m | idle_01.png[39m[0m
[  21% ] [90m[1mreimport[22m | hurt_03.png[39m[0m
[  21% ] [90m[1mreimport[22m | hurt_02.png[39m[0m
[  21% ] [90m[1mreimport[22m | hurt_01.png[39m[0m
[  21% ] [90m[1mreimport[22m | death_06.png[39m[0m
[  22% ] [90m[1mreimport[22m | death_05.png[39m[0m
[  22% ] [90m[1mreimport[22m | death_04.png[39m[0m
[  22% ] [90m[1mreimport[22m | death_03.png[39m[0m
[  22% ] [90m[1mreimport[22m | death_02.png[39m[0m
[  22% ] [90m[1mreimport[22m | death_01.png[39m[0m
[  23% ] [90m[1mreimport[22m | attack_05.png[39m[0m
[  23% ] [90m[1mreimport[22m | attack_04.png[39m[0m
[  23% ] [90m[1mreimport[22m | attack_03.png[39m[0m
[  23% ] [90m[1mreimport[22m | attack_02.png[39m[0m
[  24% ] [90m[1mreimport[22m | attack_01.png[39m[0m
[  24% ] [90m[1mreimport[22m | walk_unshielded_06.png[39m[0m
[  24% ] [90m[1mreimport[22m | walk_unshielded_05.png[39m[0m
[  24% ] [90m[1mreimport[22m | walk_unshielded_04.png[39m[0m
[  24% ] [90m[1mreimport[22m | dive_04.png[39m[0m
[  25% ] [90m[1mreimport[22m | dive_03.png[39m[0m
[  25% ] [90m[1mreimport[22m | dive_02.png[39m[0m
[  25% ] [90m[1mreimport[22m | dive_01.png[39m[0m
[  25% ] [90m[1mreimport[22m | death_shatter_05.png[39m[0m
[  26% ] [90m[1mreimport[22m | death_shatter_04.png[39m[0m
[  26% ] [90m[1mreimport[22m | death_shatter_03.png[39m[0m
[  26% ] [90m[1mreimport[22m | death_shatter_02.png[39m[0m
[  26% ] [90m[1mreimport[22m | death_shatter_01.png[39m[0m
[  26% ] [90m[1mreimport[22m | death_fall_05.png[39m[0m
[  27% ] [90m[1mreimport[22m | death_fall_04.png[39m[0m
[  27% ] [90m[1mreimport[22m | death_fall_03.png[39m[0m
[  27% ] [90m[1mreimport[22m | death_fall_02.png[39m[0m
[  27% ] [90m[1mreimport[22m | death_fall_01.png[39m[0m
[  28% ] [90m[1mreimport[22m | walk_06.png[39m[0m
[  28% ] [90m[1mreimport[22m | walk_05.png[39m[0m
[  28% ] [90m[1mreimport[22m | walk_04.png[39m[0m
[  28% ] [90m[1mreimport[22m | walk_03.png[39m[0m
[  28% ] [90m[1mreimport[22m | walk_02.png[39m[0m
[  29% ] [90m[1mreimport[22m | walk_01.png[39m[0m
[  29% ] [90m[1mreimport[22m | shoot_03.png[39m[0m
[  29% ] [90m[1mreimport[22m | shoot_02.png[39m[0m
[  29% ] [90m[1mreimport[22m | shoot_01.png[39m[0m
[  30% ] [90m[1mreimport[22m | reload_04.png[39m[0m
[  30% ] [90m[1mreimport[22m | reload_03.png[39m[0m
[  30% ] [90m[1mreimport[22m | reload_02.png[39m[0m
[  30% ] [90m[1mreimport[22m | reload_01.png[39m[0m
[  30% ] [90m[1mreimport[22m | idle_04.png[39m[0m
[  31% ] [90m[1mreimport[22m | crossbow_bolt.png[39m[0m
[  31% ] [90m[1mreimport[22m | wake_04.png[39m[0m
[  31% ] [90m[1mreimport[22m | wake_03.png[39m[0m
[  31% ] [90m[1mreimport[22m | wake_02.png[39m[0m
[  32% ] [90m[1mreimport[22m | wake_01.png[39m[0m
[  32% ] [90m[1mreimport[22m | return_to_air_04.png[39m[0m
[  32% ] [90m[1mreimport[22m | return_to_air_03.png[39m[0m
[  32% ] [90m[1mreimport[22m | return_to_air_02.png[39m[0m
[  32% ] [90m[1mreimport[22m | return_to_air_01.png[39m[0m
[  33% ] [90m[1mreimport[22m | hurt_03.png[39m[0m
[  33% ] [90m[1mreimport[22m | hurt_02.png[39m[0m
[  33% ] [90m[1mreimport[22m | hurt_01.png[39m[0m
[  33% ] [90m[1mreimport[22m | hover_04.png[39m[0m
[  34% ] [90m[1mreimport[22m | hover_03.png[39m[0m
[  34% ] [90m[1mreimport[22m | hover_02.png[39m[0m
[  34% ] [90m[1mreimport[22m | hover_01.png[39m[0m
[  34% ] [90m[1mreimport[22m | ground_stun_04.png[39m[0m
[  34% ] [90m[1mreimport[22m | ground_stun_03.png[39m[0m
[  35% ] [90m[1mreimport[22m | ground_stun_02.png[39m[0m
[  35% ] [90m[1mreimport[22m | ground_stun_01.png[39m[0m
[  35% ] [90m[1mreimport[22m | dormant_04.png[39m[0m
[  35% ] [90m[1mreimport[22m | dormant_03.png[39m[0m
[  36% ] [90m[1mreimport[22m | dormant_02.png[39m[0m
[  36% ] [90m[1mreimport[22m | dormant_01.png[39m[0m
[  36% ] [90m[1mreimport[22m | dive_windup_04.png[39m[0m
[  36% ] [90m[1mreimport[22m | dive_windup_03.png[39m[0m
[  36% ] [90m[1mreimport[22m | dive_windup_02.png[39m[0m
[  37% ] [90m[1mreimport[22m | dive_windup_01.png[39m[0m
[  37% ] [90m[1mreimport[22m | shield_break_04.png[39m[0m
[  37% ] [90m[1mreimport[22m | shield_break_03.png[39m[0m
[  37% ] [90m[1mreimport[22m | shield_break_02.png[39m[0m
[  38% ] [90m[1mreimport[22m | shield_break_01.png[39m[0m
[  38% ] [90m[1mreimport[22m | intact.png[39m[0m
[  38% ] [90m[1mreimport[22m | critical.png[39m[0m
[  38% ] [90m[1mreimport[22m | cracked.png[39m[0m
[  38% ] [90m[1mreimport[22m | shield_hit_fx_03.png[39m[0m
[  39% ] [90m[1mreimport[22m | shield_hit_fx_02.png[39m[0m
[  39% ] [90m[1mreimport[22m | shield_hit_fx_01.png[39m[0m
[  39% ] [90m[1mreimport[22m | shield_break_fx_04.png[39m[0m
[  39% ] [90m[1mreimport[22m | shield_break_fx_03.png[39m[0m
[  40% ] [90m[1mreimport[22m | shield_break_fx_02.png[39m[0m
[  40% ] [90m[1mreimport[22m | shield_break_fx_01.png[39m[0m
[  40% ] [90m[1mreimport[22m | broken_shield_marker.png[39m[0m
[  40% ] [90m[1mreimport[22m | idle_unshielded_04.png[39m[0m
[  40% ] [90m[1mreimport[22m | idle_unshielded_03.png[39m[0m
[  41% ] [90m[1mreimport[22m | idle_unshielded_02.png[39m[0m
[  41% ] [90m[1mreimport[22m | idle_unshielded_01.png[39m[0m
[  41% ] [90m[1mreimport[22m | idle_04.png[39m[0m
[  41% ] [90m[1mreimport[22m | idle_03.png[39m[0m
[  42% ] [90m[1mreimport[22m | idle_02.png[39m[0m
[  42% ] [90m[1mreimport[22m | idle_01.png[39m[0m
[  42% ] [90m[1mreimport[22m | hurt_unshielded_03.png[39m[0m
[  42% ] [90m[1mreimport[22m | hurt_unshielded_02.png[39m[0m
[  42% ] [90m[1mreimport[22m | hurt_unshielded_01.png[39m[0m
[  43% ] [90m[1mreimport[22m | hurt_03.png[39m[0m
[  43% ] [90m[1mreimport[22m | hurt_02.png[39m[0m
[  43% ] [90m[1mreimport[22m | idle_03.png[39m[0m
[  43% ] [90m[1mreimport[22m | idle_02.png[39m[0m
[  44% ] [90m[1mreimport[22m | idle_01.png[39m[0m
[  44% ] [90m[1mreimport[22m | hurt_03.png[39m[0m
[  44% ] [90m[1mreimport[22m | hurt_02.png[39m[0m
[  44% ] [90m[1mreimport[22m | hurt_01.png[39m[0m
[  44% ] [90m[1mreimport[22m | death_06.png[39m[0m
[  45% ] [90m[1mreimport[22m | death_05.png[39m[0m
[  45% ] [90m[1mreimport[22m | death_04.png[39m[0m
[  45% ] [90m[1mreimport[22m | death_03.png[39m[0m
[  45% ] [90m[1mreimport[22m | death_02.png[39m[0m
[  46% ] [90m[1mreimport[22m | death_01.png[39m[0m
[  46% ] [90m[1mreimport[22m | aim_04.png[39m[0m
[  46% ] [90m[1mreimport[22m | aim_03.png[39m[0m
[  46% ] [90m[1mreimport[22m | aim_02.png[39m[0m
[  46% ] [90m[1mreimport[22m | aim_01.png[39m[0m
[  47% ] [90m[1mreimport[22m | walk_unshielded_06.png[39m[0m
[  47% ] [90m[1mreimport[22m | walk_unshielded_05.png[39m[0m
[  47% ] [90m[1mreimport[22m | walk_unshielded_04.png[39m[0m
[  47% ] [90m[1mreimport[22m | walk_unshielded_03.png[39m[0m
[  48% ] [90m[1mreimport[22m | walk_unshielded_02.png[39m[0m
[  48% ] [90m[1mreimport[22m | walk_unshielded_01.png[39m[0m
[  48% ] [90m[1mreimport[22m | walk_06.png[39m[0m
[  48% ] [90m[1mreimport[22m | walk_05.png[39m[0m
[  48% ] [90m[1mreimport[22m | walk_04.png[39m[0m
[  49% ] [90m[1mreimport[22m | walk_03.png[39m[0m
[  49% ] [90m[1mreimport[22m | walk_02.png[39m[0m
[  49% ] [90m[1mreimport[22m | walk_01.png[39m[0m
[  49% ] [90m[1mreimport[22m | placeholder_hurt_01.png[39m[0m
[  50% ] [90m[1mreimport[22m | ground_dash_5f_05.png[39m[0m
[  50% ] [90m[1mreimport[22m | ground_dash_5f_04.png[39m[0m
[  50% ] [90m[1mreimport[22m | ground_dash_5f_03.png[39m[0m
[  50% ] [90m[1mreimport[22m | ground_dash_5f_02.png[39m[0m
[  50% ] [90m[1mreimport[22m | ground_dash_5f_01.png[39m[0m
[  51% ] [90m[1mreimport[22m | dash_attack_6f_06.png[39m[0m
[  51% ] [90m[1mreimport[22m | dash_attack_6f_05.png[39m[0m
[  51% ] [90m[1mreimport[22m | dash_attack_6f_04.png[39m[0m
[  51% ] [90m[1mreimport[22m | dash_attack_6f_03.png[39m[0m
[  52% ] [90m[1mreimport[22m | dash_attack_6f_02.png[39m[0m
[  52% ] [90m[1mreimport[22m | dash_attack_6f_01.png[39m[0m
[  52% ] [90m[1mreimport[22m | attack_slash_06.png[39m[0m
[  52% ] [90m[1mreimport[22m | attack_slash_05.png[39m[0m
[  52% ] [90m[1mreimport[22m | attack_slash_04.png[39m[0m
[  53% ] [90m[1mreimport[22m | attack_slash_03.png[39m[0m
[  53% ] [90m[1mreimport[22m | attack_slash_02.png[39m[0m
[  53% ] [90m[1mreimport[22m | attack_slash_01.png[39m[0m
[  53% ] [90m[1mreimport[22m | attack_6f_06.png[39m[0m
[  54% ] [90m[1mreimport[22m | attack_6f_05.png[39m[0m
[  54% ] [90m[1mreimport[22m | attack_6f_04.png[39m[0m
[  54% ] [90m[1mreimport[22m | attack_6f_03.png[39m[0m
[  54% ] [90m[1mreimport[22m | attack_6f_02.png[39m[0m
[  54% ] [90m[1mreimport[22m | attack_6f_01.png[39m[0m
[  55% ] [90m[1mreimport[22m | air_dash_5f_05.png[39m[0m
[  55% ] [90m[1mreimport[22m | air_dash_5f_04.png[39m[0m
[  55% ] [90m[1mreimport[22m | air_dash_5f_03.png[39m[0m
[  55% ] [90m[1mreimport[22m | air_dash_5f_02.png[39m[0m
[  56% ] [90m[1mreimport[22m | air_dash_loop_03.png[39m[0m
[  56% ] [90m[1mreimport[22m | air_dash_loop_02.png[39m[0m
[  56% ] [90m[1mreimport[22m | air_dash_loop_01.png[39m[0m
[  56% ] [90m[1mreimport[22m | air_dash_end_02.png[39m[0m
[  56% ] [90m[1mreimport[22m | air_dash_end_01.png[39m[0m
[  57% ] [90m[1mreimport[22m | palette_preview.png[39m[0m
[  57% ] [90m[1mreimport[22m | dagger_offhand.png[39m[0m
[  57% ] [90m[1mreimport[22m | dagger_main.png[39m[0m
[  57% ] [90m[1mreimport[22m | assassin_silhouette_64.png[39m[0m
[  58% ] [90m[1mreimport[22m | assassin_side_64.png[39m[0m
[  58% ] [90m[1mreimport[22m | assassin_side_48.png[39m[0m
[  58% ] [90m[1mreimport[22m | assassin_idle_pose.png[39m[0m
[  58% ] [90m[1mreimport[22m | assassin_front_64.png[39m[0m
[  58% ] [90m[1mreimport[22m | assassin_front_48.png[39m[0m
[  59% ] [90m[1mreimport[22m | assassin_dash_pose.png[39m[0m
[  59% ] [90m[1mreimport[22m | assassin_attack_anticipation.png[39m[0m
[  59% ] [90m[1mreimport[22m | run_06.png[39m[0m
[  59% ] [90m[1mreimport[22m | run_05.png[39m[0m
[  60% ] [90m[1mreimport[22m | run_04.png[39m[0m
[  60% ] [90m[1mreimport[22m | run_03.png[39m[0m
[  60% ] [90m[1mreimport[22m | run_02.png[39m[0m
[  60% ] [90m[1mreimport[22m | run_01.png[39m[0m
[  60% ] [90m[1mreimport[22m | side_reference.png[39m[0m
[  61% ] [90m[1mreimport[22m | front_reference.png[39m[0m
[  61% ] [90m[1mreimport[22m | dash_pose_reference.png[39m[0m
[  61% ] [90m[1mreimport[22m | attack_pose_reference.png[39m[0m
[  61% ] [90m[1mreimport[22m | placeholder_hurt_03.png[39m[0m
[  62% ] [90m[1mreimport[22m | placeholder_hurt_02.png[39m[0m
[  62% ] [90m[1mreimport[22m | death_05.png[39m[0m
[  62% ] [90m[1mreimport[22m | death_04.png[39m[0m
[  62% ] [90m[1mreimport[22m | death_03.png[39m[0m
[  62% ] [90m[1mreimport[22m | death_02.png[39m[0m
[  63% ] [90m[1mreimport[22m | death_01.png[39m[0m
[  63% ] [90m[1mreimport[22m | dash_start_02.png[39m[0m
[  63% ] [90m[1mreimport[22m | dash_start_01.png[39m[0m
[  63% ] [90m[1mreimport[22m | dash_loop_03.png[39m[0m
[  64% ] [90m[1mreimport[22m | dash_loop_02.png[39m[0m
[  64% ] [90m[1mreimport[22m | dash_loop_01.png[39m[0m
[  64% ] [90m[1mreimport[22m | dash_end_02.png[39m[0m
[  64% ] [90m[1mreimport[22m | dash_end_01.png[39m[0m
[  64% ] [90m[1mreimport[22m | dash_attack_05.png[39m[0m
[  65% ] [90m[1mreimport[22m | dash_attack_04.png[39m[0m
[  65% ] [90m[1mreimport[22m | dash_attack_03.png[39m[0m
[  65% ] [90m[1mreimport[22m | dash_attack_02.png[39m[0m
[  65% ] [90m[1mreimport[22m | dash_attack_01.png[39m[0m
[  66% ] [90m[1mreimport[22m | attack_04.png[39m[0m
[  66% ] [90m[1mreimport[22m | attack_03.png[39m[0m
[  66% ] [90m[1mreimport[22m | attack_02.png[39m[0m
[  66% ] [90m[1mreimport[22m | attack_01.png[39m[0m
[  66% ] [90m[1mreimport[22m | air_dash_start_02.png[39m[0m
[  67% ] [90m[1mreimport[22m | air_dash_start_01.png[39m[0m
[  67% ] [90m[1mreimport[22m | air_dash_loop_03.png[39m[0m
[  67% ] [90m[1mreimport[22m | air_dash_loop_02.png[39m[0m
[  67% ] [90m[1mreimport[22m | air_dash_loop_01.png[39m[0m
[  68% ] [90m[1mreimport[22m | air_dash_end_02.png[39m[0m
[  68% ] [90m[1mreimport[22m | air_dash_end_01.png[39m[0m
[  68% ] [90m[1mreimport[22m | air_dash_5f_01.png[39m[0m
[  68% ] [90m[1mreimport[22m | placeholder_hurt_03.png[39m[0m
[  68% ] [90m[1mreimport[22m | placeholder_hurt_02.png[39m[0m
[  69% ] [90m[1mreimport[22m | placeholder_hurt_01.png[39m[0m
[  69% ] [90m[1mreimport[22m | placeholder_death_08.png[39m[0m
[  69% ] [90m[1mreimport[22m | placeholder_death_07.png[39m[0m
[  69% ] [90m[1mreimport[22m | placeholder_death_06.png[39m[0m
[  70% ] [90m[1mreimport[22m | placeholder_death_05.png[39m[0m
[  70% ] [90m[1mreimport[22m | placeholder_death_04.png[39m[0m
[  70% ] [90m[1mreimport[22m | placeholder_death_03.png[39m[0m
[  70% ] [90m[1mreimport[22m | placeholder_death_02.png[39m[0m
[  70% ] [90m[1mreimport[22m | placeholder_death_01.png[39m[0m
[  71% ] [90m[1mreimport[22m | land_02.png[39m[0m
[  71% ] [90m[1mreimport[22m | land_01.png[39m[0m
[  71% ] [90m[1mreimport[22m | jump_start_02.png[39m[0m
[  71% ] [90m[1mreimport[22m | jump_start_01.png[39m[0m
[  72% ] [90m[1mreimport[22m | jump_loop_02.png[39m[0m
[  72% ] [90m[1mreimport[22m | jump_loop_01.png[39m[0m
[  72% ] [90m[1mreimport[22m | idle_04.png[39m[0m
[  72% ] [90m[1mreimport[22m | idle_03.png[39m[0m
[  72% ] [90m[1mreimport[22m | idle_02.png[39m[0m
[  73% ] [90m[1mreimport[22m | idle_01.png[39m[0m
[  73% ] [90m[1mreimport[22m | hurt_03.png[39m[0m
[  73% ] [90m[1mreimport[22m | hurt_02.png[39m[0m
[  73% ] [90m[1mreimport[22m | hurt_01.png[39m[0m
[  74% ] [90m[1mreimport[22m | fall_02.png[39m[0m
[  74% ] [90m[1mreimport[22m | fall_01.png[39m[0m
[  74% ] [90m[1mreimport[22m | ghost_hooded_face.png[39m[0m
[  74% ] [90m[1mreimport[22m | idle_unshielded_03.png[39m[0m
[  74% ] [90m[1mreimport[22m | idle_unshielded_02.png[39m[0m
[  75% ] [90m[1mreimport[22m | idle_unshielded_01.png[39m[0m
[  75% ] [90m[1mreimport[22m | idle_shielded_04.png[39m[0m
[  75% ] [90m[1mreimport[22m | idle_shielded_03.png[39m[0m
[  75% ] [90m[1mreimport[22m | idle_shielded_02.png[39m[0m
[  76% ] [90m[1mreimport[22m | idle_shielded_01.png[39m[0m
[  76% ] [90m[1mreimport[22m | hurt_unshielded_03.png[39m[0m
[  76% ] [90m[1mreimport[22m | hurt_unshielded_02.png[39m[0m
[  76% ] [90m[1mreimport[22m | hurt_unshielded_01.png[39m[0m
[  76% ] [90m[1mreimport[22m | hurt_shielded_03.png[39m[0m
[  77% ] [90m[1mreimport[22m | hurt_shielded_02.png[39m[0m
[  77% ] [90m[1mreimport[22m | hurt_shielded_01.png[39m[0m
[  77% ] [90m[1mreimport[22m | heavy_overhead_06.png[39m[0m
[  77% ] [90m[1mreimport[22m | heavy_overhead_05.png[39m[0m
[  78% ] [90m[1mreimport[22m | heavy_overhead_04.png[39m[0m
[  78% ] [90m[1mreimport[22m | heavy_overhead_03.png[39m[0m
[  78% ] [90m[1mreimport[22m | heavy_overhead_02.png[39m[0m
[  78% ] [90m[1mreimport[22m | heavy_overhead_01.png[39m[0m
[  78% ] [90m[1mreimport[22m | death_07.png[39m[0m
[  79% ] [90m[1mreimport[22m | death_06.png[39m[0m
[  79% ] [90m[1mreimport[22m | death_05.png[39m[0m
[  79% ] [90m[1mreimport[22m | death_04.png[39m[0m
[  79% ] [90m[1mreimport[22m | death_03.png[39m[0m
[  80% ] [90m[1mreimport[22m | death_02.png[39m[0m
[  80% ] [90m[1mreimport[22m | death_01.png[39m[0m
[  80% ] [90m[1mreimport[22m | combo_slash_2_05.png[39m[0m
[  80% ] [90m[1mreimport[22m | combo_slash_2_04.png[39m[0m
[  80% ] [90m[1mreimport[22m | critical_01.png[39m[0m
[  81% ] [90m[1mreimport[22m | broken_01.png[39m[0m
[  81% ] [90m[1mreimport[22m | shield_break_05.png[39m[0m
[  81% ] [90m[1mreimport[22m | shield_break_04.png[39m[0m
[  81% ] [90m[1mreimport[22m | shield_break_03.png[39m[0m
[  82% ] [90m[1mreimport[22m | shield_break_02.png[39m[0m
[  82% ] [90m[1mreimport[22m | shield_break_01.png[39m[0m
[  82% ] [90m[1mreimport[22m | shield_block_04.png[39m[0m
[  82% ] [90m[1mreimport[22m | shield_block_03.png[39m[0m
[  82% ] [90m[1mreimport[22m | shield_block_02.png[39m[0m
[  83% ] [90m[1mreimport[22m | shield_block_01.png[39m[0m
[  83% ] [90m[1mreimport[22m | shield_bash_05.png[39m[0m
[  83% ] [90m[1mreimport[22m | shield_bash_04.png[39m[0m
[  83% ] [90m[1mreimport[22m | shield_bash_03.png[39m[0m
[  84% ] [90m[1mreimport[22m | shield_bash_02.png[39m[0m
[  84% ] [90m[1mreimport[22m | shield_bash_01.png[39m[0m
[  84% ] [90m[1mreimport[22m | phase_transition_05.png[39m[0m
[  84% ] [90m[1mreimport[22m | phase_transition_04.png[39m[0m
[  84% ] [90m[1mreimport[22m | phase_transition_03.png[39m[0m
[  85% ] [90m[1mreimport[22m | phase_transition_02.png[39m[0m
[  85% ] [90m[1mreimport[22m | phase_transition_01.png[39m[0m
[  85% ] [90m[1mreimport[22m | jump_smash_06.png[39m[0m
[  85% ] [90m[1mreimport[22m | jump_smash_05.png[39m[0m
[  86% ] [90m[1mreimport[22m | jump_smash_04.png[39m[0m
[  86% ] [90m[1mreimport[22m | jump_smash_03.png[39m[0m
[  86% ] [90m[1mreimport[22m | jump_smash_02.png[39m[0m
[  86% ] [90m[1mreimport[22m | jump_smash_01.png[39m[0m
[  86% ] [90m[1mreimport[22m | idle_unshielded_04.png[39m[0m
[  87% ] [90m[1mreimport[22m | hurt_03.png[39m[0m
[  87% ] [90m[1mreimport[22m | hurt_02.png[39m[0m
[  87% ] [90m[1mreimport[22m | hurt_01.png[39m[0m
[  87% ] [90m[1mreimport[22m | fall_02.png[39m[0m
[  88% ] [90m[1mreimport[22m | fall_01.png[39m[0m
[  88% ] [90m[1mreimport[22m | death_05.png[39m[0m
[  88% ] [90m[1mreimport[22m | death_04.png[39m[0m
[  88% ] [90m[1mreimport[22m | death_03.png[39m[0m
[  88% ] [90m[1mreimport[22m | death_02.png[39m[0m
[  89% ] [90m[1mreimport[22m | death_01.png[39m[0m
[  89% ] [90m[1mreimport[22m | dash_start_02.png[39m[0m
[  89% ] [90m[1mreimport[22m | dash_start_01.png[39m[0m
[  89% ] [90m[1mreimport[22m | dash_loop_03.png[39m[0m
[  90% ] [90m[1mreimport[22m | dash_loop_02.png[39m[0m
[  90% ] [90m[1mreimport[22m | dash_loop_01.png[39m[0m
[  90% ] [90m[1mreimport[22m | dash_end_02.png[39m[0m
[  90% ] [90m[1mreimport[22m | dash_end_01.png[39m[0m
[  90% ] [90m[1mreimport[22m | dash_attack_05.png[39m[0m
[  91% ] [90m[1mreimport[22m | dash_attack_04.png[39m[0m
[  91% ] [90m[1mreimport[22m | dash_attack_03.png[39m[0m
[  91% ] [90m[1mreimport[22m | dash_attack_02.png[39m[0m
[  91% ] [90m[1mreimport[22m | dash_attack_01.png[39m[0m
[  92% ] [90m[1mreimport[22m | attack_04.png[39m[0m
[  92% ] [90m[1mreimport[22m | attack_03.png[39m[0m
[  92% ] [90m[1mreimport[22m | attack_02.png[39m[0m
[  92% ] [90m[1mreimport[22m | attack_01.png[39m[0m
[  92% ] [90m[1mreimport[22m | air_dash_start_02.png[39m[0m
[  93% ] [90m[1mreimport[22m | air_dash_start_01.png[39m[0m
[  93% ] [90m[1mreimport[22m | combo_slash_2_03.png[39m[0m
[  93% ] [90m[1mreimport[22m | combo_slash_2_02.png[39m[0m
[  93% ] [90m[1mreimport[22m | combo_slash_2_01.png[39m[0m
[  94% ] [90m[1mreimport[22m | combo_slash_1_05.png[39m[0m
[  94% ] [90m[1mreimport[22m | combo_slash_1_04.png[39m[0m
[  94% ] [90m[1mreimport[22m | combo_slash_1_03.png[39m[0m
[  94% ] [90m[1mreimport[22m | combo_slash_1_02.png[39m[0m
[  94% ] [90m[1mreimport[22m | combo_slash_1_01.png[39m[0m
[  95% ] [90m[1mreimport[22m | charge_thrust_05.png[39m[0m
[  95% ] [90m[1mreimport[22m | charge_thrust_04.png[39m[0m
[  95% ] [90m[1mreimport[22m | charge_thrust_03.png[39m[0m
[  95% ] [90m[1mreimport[22m | charge_thrust_02.png[39m[0m
[  96% ] [90m[1mreimport[22m | charge_thrust_01.png[39m[0m
[  96% ] [90m[1mreimport[22m | run_06.png[39m[0m
[  96% ] [90m[1mreimport[22m | run_05.png[39m[0m
[  96% ] [90m[1mreimport[22m | run_04.png[39m[0m
[  96% ] [90m[1mreimport[22m | run_03.png[39m[0m
[  97% ] [90m[1mreimport[22m | run_02.png[39m[0m
[  97% ] [90m[1mreimport[22m | run_01.png[39m[0m
[  97% ] [90m[1mreimport[22m | land_02.png[39m[0m
[  97% ] [90m[1mreimport[22m | land_01.png[39m[0m
[  98% ] [90m[1mreimport[22m | jump_start_02.png[39m[0m
[  98% ] [90m[1mreimport[22m | jump_start_01.png[39m[0m
[  98% ] [90m[1mreimport[22m | jump_loop_02.png[39m[0m
[  98% ] [90m[1mreimport[22m | jump_loop_01.png[39m[0m
[  98% ] [90m[1mreimport[22m | idle_04.png[39m[0m
[  99% ] [90m[1mreimport[22m | idle_03.png[39m[0m
[  99% ] [90m[1mreimport[22m | idle_02.png[39m[0m
[  99% ] [90m[1mreimport[22m | idle_01.png[39m[0m
[  99% ] [90m[1mreimport[22m | 正在结束资产导入……[39m[0m
[92m[ DONE ][39m [1mreimport[22m
[0m
[   0% ] [90m[1mreimport[22m | Started 正在导入或重新导入资产 (449 steps)[39m[0m
[   0% ] [90m[1mreimport[22m | 正在执行重新导入的后置操作……[39m[0m
[92m[ DONE ][39m [1mreimport[22m
[0m
[   0% ] [90m[1mloading_editor_layout[22m | Started 正在加载编辑器 (5 steps)[39m[0m
[   0% ] [90m[1mloading_editor_layout[22m | 正在加载编辑器布局……[39m[0m
[  16% ] [90m[1mloading_editor_layout[22m | 正在加载停靠面板……[39m[0m
[92m[ DONE ][39m [1mloading_editor_layout[22m
[0m
== tests/systems/test_chapter_start_foundation.gd ==
Godot Engine v4.7.1.stable.official.a13da4feb - https://godotengine.org

CHAPTER_START_FOUNDATION_TEST: PASS (7 entries, Chapters I/II ready, Opening preserved)
== chapters/chapter_01_ravenmourn_outskirts/tests/level/test_chapter_01_start_profiles.gd ==
Godot Engine v4.7.1.stable.official.a13da4feb - https://godotengine.org

CHAPTER_01_START_PROFILE_TEST: PASS (5 spawns, Chapter II transition)
== chapters/chapter_01_ravenmourn_outskirts/tests/combat/test_main_enemy_integration.gd ==
Godot Engine v4.7.1.stable.official.a13da4feb - https://godotengine.org

MAIN_ENEMY_INTEGRATION_TEST: PASS (18 groups, 34 mixed enemies, Boss room, HUD/respawn)
== chapters/chapter_01_ravenmourn_outskirts/tests/combat/test_first_level_boss.gd ==
Godot Engine v4.7.1.stable.official.a13da4feb - https://godotengine.org

BOSS_TURN_TIMING: free=1.1333 facing=0.9833 recovery=1.1333 target=1.00..1.30
FIRST_LEVEL_BOSS_TEST: PASS (shield routing, phase, room lock/reset, death/exit)
== chapters/chapter_01_ravenmourn_outskirts/tests/level/test_chapter_one_flow.gd ==
Godot Engine v4.7.1.stable.official.a13da4feb - https://godotengine.org

CHAPTER_ONE_FLOW_TEST: PASS (8-shot opening, 11-step tutorial, 18 groups, 34 enemies, checkpoints, Boss epilogue)
== chapters/chapter_02_silent_court/tests/test_silent_court_graybox.gd ==
Godot Engine v4.7.1.stable.official.a13da4feb - https://godotengine.org

SILENT_COURT_GRAYBOX_TEST: PASS rooms=9 spawns=6 encounters=15 player=1 hud=1
STAGED_TREE c91007396850a44f7be2341e648593ea9408a912
